$ date -R
Tue, 30 Jun 2026 11:17:43 +0100
$ git checkout master
Already on 'master'
$ git reset --hard stable
HEAD is now at dc59e4fea9d83 Linux 7.2-rc1
Merging origin/master (dc59e4fea9d83 Linux 7.2-rc1)
$ git merge -m Merge branch 'master' of https://git.kernel.org/pub/scm/linux/kernel/git/torvalds/linux.git origin/master
Already up to date.
Merging ext4-fixes/fixes (981fcc5674e67 jbd2: fix deadlock in jbd2_journal_cancel_revoke())
$ git merge -m Merge branch 'fixes' of https://git.kernel.org/pub/scm/linux/kernel/git/tytso/ext4.git ext4-fixes/fixes
Already up to date.
Merging vfs-brauner-fixes/vfs.fixes (3146aada85271 exec: fix off-by-one in binfmt max rewrite depth comment)
$ git merge -m Merge branch 'vfs.fixes' of https://git.kernel.org/pub/scm/linux/kernel/git/vfs/vfs.git vfs-brauner-fixes/vfs.fixes
Auto-merging MAINTAINERS
Auto-merging fs/proc/generic.c
Merge made by the 'ort' strategy.
 MAINTAINERS                                        |   2 +-
 fs/afs/callback.c                                  |  17 +--
 fs/afs/cell.c                                      |  27 +++-
 fs/afs/cmservice.c                                 |   7 +-
 fs/afs/dir.c                                       |  40 +++--
 fs/afs/dynroot.c                                   |   2 +-
 fs/afs/fs_operation.c                              |   2 +-
 fs/afs/inode.c                                     |  15 +-
 fs/afs/internal.h                                  |   3 +-
 fs/afs/super.c                                     |   5 +-
 fs/afs/vl_list.c                                   |  24 ++-
 fs/afs/volume.c                                    |   2 +-
 fs/bpf_fs_kfuncs.c                                 |  23 +--
 fs/cachefiles/namei.c                              |   1 -
 fs/exec.c                                          |   2 +-
 fs/fat/dir.c                                       |  44 +++++-
 fs/freevxfs/vxfs_bmap.c                            |   3 +-
 fs/iomap/direct-io.c                               |   7 +-
 fs/iomap/ioend.c                                   |   8 +-
 fs/minix/minix.h                                   |   2 +-
 fs/namei.c                                         |   4 +
 fs/orangefs/dir.c                                  |   7 +-
 fs/overlayfs/copy_up.c                             |  12 +-
 fs/overlayfs/inode.c                               |   4 +-
 fs/proc/generic.c                                  |   9 +-
 fs/xfs/xfs_super.c                                 |   3 +
 tools/testing/selftests/filesystems/.gitignore     |   1 +
 tools/testing/selftests/filesystems/Makefile       |   4 +
 .../selftests/filesystems/idmapped_tmpfile.c       | 168 +++++++++++++++++++++
 29 files changed, 364 insertions(+), 84 deletions(-)
 create mode 100644 tools/testing/selftests/filesystems/idmapped_tmpfile.c
Merging fscrypt-current/for-current (dc59e4fea9d83 Linux 7.2-rc1)
$ git merge -m Merge branch 'for-current' of https://git.kernel.org/pub/scm/fs/fscrypt/linux.git fscrypt-current/for-current
Already up to date.
Merging fsverity-current/for-current (dc59e4fea9d83 Linux 7.2-rc1)
$ git merge -m Merge branch 'for-current' of https://git.kernel.org/pub/scm/fs/fsverity/linux.git fsverity-current/for-current
Already up to date.
Merging btrfs-fixes/next-fixes (6c893b948351d Merge branch 'misc-7.2' into next-fixes)
$ git merge -m Merge branch 'next-fixes' of https://git.kernel.org/pub/scm/linux/kernel/git/kdave/linux.git btrfs-fixes/next-fixes
Merge made by the 'ort' strategy.
 fs/btrfs/file-item.c        | 26 +++++++++++++++++++++++++-
 fs/btrfs/free-space-cache.c |  3 +++
 fs/btrfs/ioctl.c            | 18 ++++++++++++------
 fs/btrfs/lzo.c              | 15 ++++++++++++---
 fs/btrfs/print-tree.c       |  8 ++++----
 fs/btrfs/props.c            | 16 +++++++++++++---
 fs/btrfs/relocation.c       | 15 +++++++--------
 fs/btrfs/tree-checker.c     |  6 ++++++
 8 files changed, 82 insertions(+), 25 deletions(-)
Merging vfs-fixes/fixes (49c5d168a3a8f udf: fix nls leak on udf_fill_super() failure)
$ git merge -m Merge branch 'fixes' of https://git.kernel.org/pub/scm/linux/kernel/git/viro/vfs.git vfs-fixes/fixes
Auto-merging fs/udf/super.c
Merge made by the 'ort' strategy.
Merging erofs-fixes/fixes (dc59e4fea9d83 Linux 7.2-rc1)
$ git merge -m Merge branch 'fixes' of https://git.kernel.org/pub/scm/linux/kernel/git/xiang/erofs.git erofs-fixes/fixes
Already up to date.
Merging nfsd-fixes/nfsd-fixes (e5248a7426030 svcrdma: wake sq waiters when the transport closes)
$ git merge -m Merge branch 'nfsd-fixes' of https://git.kernel.org/pub/scm/linux/kernel/git/cel/linux nfsd-fixes/nfsd-fixes
Already up to date.
Merging v9fs-fixes/fixes/next (028ef9c96e961 Linux 7.0)
$ git merge -m Merge branch 'fixes/next' of https://git.kernel.org/pub/scm/linux/kernel/git/ericvh/v9fs.git v9fs-fixes/fixes/next
Already up to date.
Merging overlayfs-fixes/ovl-fixes (4549871118cf6 Linux 7.1-rc7)
$ git merge -m Merge branch 'ovl-fixes' of https://git.kernel.org/pub/scm/linux/kernel/git/overlayfs/vfs.git overlayfs-fixes/ovl-fixes
Already up to date.
Merging fscrypt/for-next (2d0afaac9137e fscrypt: Remove workaround for bug in gcc 7 and earlier)
$ git merge -m Merge branch 'for-next' of https://git.kernel.org/pub/scm/fs/fscrypt/linux.git fscrypt/for-next
Merge made by the 'ort' strategy.
 fs/crypto/crypto.c                 | 40 ++++++++------------------------------
 fs/crypto/fscrypt_private.h        |  5 +----
 fs/crypto/keyring.c                | 21 +++++++++-----------
 fs/crypto/keysetup.c               | 26 ++++++++++---------------
 fs/crypto/policy.c                 | 17 ++--------------
 include/uapi/linux/fscrypt.h       |  1 -
 tools/include/uapi/linux/fscrypt.h |  1 -
 7 files changed, 30 insertions(+), 81 deletions(-)
Merging btrfs/for-next (0542d886e45d5 Merge branch 'for-next-current-v7.1-20260630' into for-next-20260630)
$ git merge -m Merge branch 'for-next' of https://git.kernel.org/pub/scm/linux/kernel/git/kdave/linux.git btrfs/for-next
Merge made by the 'ort' strategy.
Merging ceph/master (1397040896280 selftests: ceph: wire up Ceph reset kselftests and documentation)
$ git merge -m Merge branch 'master' of https://github.com/ceph/ceph-client.git ceph/master
Auto-merging MAINTAINERS
Auto-merging tools/testing/selftests/Makefile
Merge made by the 'ort' strategy.
 MAINTAINERS                                        |   1 +
 tools/testing/selftests/Makefile                   |   1 +
 tools/testing/selftests/filesystems/ceph/Makefile  |   7 +
 tools/testing/selftests/filesystems/ceph/README    |  84 +++
 .../filesystems/ceph/reset_corner_cases.sh         | 646 +++++++++++++++++++
 .../selftests/filesystems/ceph/reset_stress.sh     | 694 +++++++++++++++++++++
 .../selftests/filesystems/ceph/run_validation.sh   | 350 +++++++++++
 tools/testing/selftests/filesystems/ceph/settings  |   1 +
 .../filesystems/ceph/validate_consistency.py       | 297 +++++++++
 9 files changed, 2081 insertions(+)
 create mode 100644 tools/testing/selftests/filesystems/ceph/Makefile
 create mode 100644 tools/testing/selftests/filesystems/ceph/README
 create mode 100755 tools/testing/selftests/filesystems/ceph/reset_corner_cases.sh
 create mode 100755 tools/testing/selftests/filesystems/ceph/reset_stress.sh
 create mode 100755 tools/testing/selftests/filesystems/ceph/run_validation.sh
 create mode 100644 tools/testing/selftests/filesystems/ceph/settings
 create mode 100755 tools/testing/selftests/filesystems/ceph/validate_consistency.py
Merging cifs/for-next (f5dec85bd8993 cifs: update internal module version number)
$ git merge -m Merge branch 'for-next' of git://git.samba.org/sfrench/cifs-2.6.git cifs/for-next
Merge made by the 'ort' strategy.
 fs/smb/client/cifsfs.h  |   4 +-
 fs/smb/client/smb2ops.c | 108 ++++++++++++++++++++++++++++++++++++++++--------
 2 files changed, 93 insertions(+), 19 deletions(-)
Merging configfs/configfs-next (6363844fdbbb7 samples: configfs: Constify struct configfs_item_operations and configfs_group_operations)
$ git merge -m Merge branch 'configfs-next' of https://git.kernel.org/pub/scm/linux/kernel/git/a.hindborg/linux.git configfs/configfs-next
Already up to date.
Merging ecryptfs/next (95ce5ffd54cf6 ecryptfs: use kasprintf in ecryptfs_crypto_api_algify_cipher_name)
$ git merge -m Merge branch 'next' of https://git.kernel.org/pub/scm/linux/kernel/git/tyhicks/ecryptfs.git ecryptfs/next
Already up to date.
Merging dlm/next (e61113cfcaf71 dlm: init per node debugfs before add to node hash)
$ git merge -m Merge branch 'next' of https://git.kernel.org/pub/scm/linux/kernel/git/teigland/linux-dlm.git dlm/next
Already up to date.
Merging erofs/dev (dc59e4fea9d83 Linux 7.2-rc1)
$ git merge -m Merge branch 'dev' of https://git.kernel.org/pub/scm/linux/kernel/git/xiang/erofs.git erofs/dev
Already up to date.
Merging exfat/dev (d67f658e70e31 exfat: fix mmap data loss when extending valid_size over a shared mapping)
$ git merge -m Merge branch 'dev' of https://git.kernel.org/pub/scm/linux/kernel/git/linkinjeon/exfat.git exfat/dev
Merge made by the 'ort' strategy.
 fs/exfat/file.c  | 206 ++++++++++++++++++++++++++++++++++++++++++++++---------
 fs/exfat/iomap.c |  22 +++++-
 2 files changed, 194 insertions(+), 34 deletions(-)
Merging ext3/for_next (42093d1948d2d Pull fanotify pidfd reporting for threads and dead tasks.)
$ git merge -m Merge branch 'for_next' of https://git.kernel.org/pub/scm/linux/kernel/git/jack/linux-fs.git ext3/for_next
Merge made by the 'ort' strategy.
Merging ext4/dev (c143957520c6c ext4: validate donor file superblock early in EXT4_IOC_MOVE_EXT)
$ git merge -m Merge branch 'dev' of https://git.kernel.org/pub/scm/linux/kernel/git/tytso/ext4.git ext4/dev
Already up to date.
Merging f2fs/dev (dc59e4fea9d83 Linux 7.2-rc1)
$ git merge -m Merge branch 'dev' of https://git.kernel.org/pub/scm/linux/kernel/git/jaegeuk/f2fs.git f2fs/dev
Already up to date.
Merging fsverity/for-next (dc59e4fea9d83 Linux 7.2-rc1)
$ git merge -m Merge branch 'for-next' of https://git.kernel.org/pub/scm/fs/fsverity/linux.git fsverity/for-next
Already up to date.
Merging fuse/for-next (7d87a5a284bb3 fuse-uring: clear ent->fuse_req in commit_fetch error path)
$ git merge -m Merge branch 'for-next' of https://git.kernel.org/pub/scm/linux/kernel/git/mszeredi/fuse.git fuse/for-next
Already up to date.
Merging gfs2/for-next (5f80d9113360c Merge tag 'gfs2-for-7.2' of git://git.kernel.org/pub/scm/linux/kernel/git/gfs2/linux-gfs2)
$ git merge -m Merge branch 'for-next' of https://git.kernel.org/pub/scm/linux/kernel/git/gfs2/linux-gfs2.git gfs2/for-next
Already up to date.
Merging jfs/jfs-next (dad98c5b2a05e jfs: avoid -Wtautological-constant-out-of-range-compare warning again)
$ git merge -m Merge branch 'jfs-next' of https://github.com/kleikamp/linux-shaggy.git jfs/jfs-next
Already up to date.
Merging ksmbd/ksmbd-for-next (dc59e4fea9d83 Linux 7.2-rc1)
$ git merge -m Merge branch 'ksmbd-for-next' of https://github.com/smfrench/smb3-kernel.git ksmbd/ksmbd-for-next
Already up to date.
$ git am -3 ../patches/0001-ntfs3-Fix-up-merge-with-Linus.patch
Applying: ntfs3: Fix up merge with Linus
Using index info to reconstruct a base tree...
M	fs/ntfs3/file.c
Falling back to patching base and 3-way merge...
No changes -- Patch already applied.
Merging nfs/linux-next (dc59e4fea9d83 Linux 7.2-rc1)
$ git merge -m Merge branch 'linux-next' of git://git.linux-nfs.org/projects/trondmy/nfs-2.6.git nfs/linux-next
Already up to date.
Merging nfs-anna/linux-next (284ea3fb4f671 NFS: Use common error handling code in nfs_alloc_server())
$ git merge -m Merge branch 'linux-next' of git://git.linux-nfs.org/projects/anna/linux-nfs.git nfs-anna/linux-next
Already up to date.
Merging nfsd/nfsd-next (e64c89910f477 NFSD: fix up error returned by write_threads())
$ git merge -m Merge branch 'nfsd-next' of https://git.kernel.org/pub/scm/linux/kernel/git/cel/linux nfsd/nfsd-next
Merge made by the 'ort' strategy.
 fs/lockd/svcsubs.c                       |  53 +++++----
 fs/nfs/callback.c                        |   4 +-
 fs/nfs_common/nfslocalio.c               |  16 ++-
 fs/nfsd/filecache.c                      | 143 +++++++++++++------------
 fs/nfsd/flexfilelayoutxdr.c              |  20 ++--
 fs/nfsd/localio.c                        |   8 +-
 fs/nfsd/netns.h                          |  28 +++--
 fs/nfsd/nfs2acl.c                        |  21 ++--
 fs/nfsd/nfs3acl.c                        |  17 +--
 fs/nfsd/nfs4callback.c                   | 109 +++++++++++++++----
 fs/nfsd/nfs4layouts.c                    |  39 ++++---
 fs/nfsd/nfs4proc.c                       |  60 ++++++++---
 fs/nfsd/nfs4recover.c                    |  48 ++++++---
 fs/nfsd/nfs4state.c                      | 177 ++++++++++++++++++++++---------
 fs/nfsd/nfs4xdr.c                        |  22 +++-
 fs/nfsd/nfsctl.c                         |  20 ++--
 fs/nfsd/nfsfh.c                          |   8 +-
 fs/nfsd/nfssvc.c                         |  22 ++--
 fs/nfsd/state.h                          |   4 +-
 fs/nfsd/trace.h                          |  18 ++--
 fs/nfsd/vfs.c                            |  48 +++++----
 include/linux/sunrpc/bc_xprt.h           |   5 +
 include/linux/sunrpc/svc_rdma_pcl.h      |   4 +-
 net/sunrpc/auth_gss/auth_gss.c           |   6 +-
 net/sunrpc/auth_gss/gss_krb5_unseal.c    |   3 +
 net/sunrpc/auth_gss/gss_krb5_wrap.c      |  13 ++-
 net/sunrpc/auth_gss/gss_rpc_upcall.c     |   6 --
 net/sunrpc/auth_gss/gss_rpc_upcall.h     |   1 -
 net/sunrpc/auth_gss/gss_rpc_xdr.c        |  15 ++-
 net/sunrpc/auth_gss/svcauth_gss.c        |   8 +-
 net/sunrpc/backchannel_rqst.c            |  38 +++++--
 net/sunrpc/cache.c                       |   7 +-
 net/sunrpc/sunrpc_syms.c                 |   1 +
 net/sunrpc/svc.c                         |  45 ++++++--
 net/sunrpc/svcauth_unix.c                |   4 +-
 net/sunrpc/xdr.c                         |   2 +-
 net/sunrpc/xprtrdma/ib_client.c          |  42 +++++++-
 net/sunrpc/xprtrdma/svc_rdma_pcl.c       |  63 ++++++++++-
 net/sunrpc/xprtrdma/svc_rdma_recvfrom.c  |  24 ++++-
 net/sunrpc/xprtrdma/svc_rdma_rw.c        |  52 ++++++---
 net/sunrpc/xprtrdma/svc_rdma_transport.c |  69 ++++++++----
 41 files changed, 917 insertions(+), 376 deletions(-)
$ git am -3 ../patches/0001-Revert-smb-client-implement-fileattr_get-to-support-.patch
Applying: Revert "smb: client: implement fileattr_get to support FS_IOC_GETFLAGS"
Using index info to reconstruct a base tree...
M	fs/smb/client/cifsfs.c
M	fs/smb/client/cifsfs.h
M	fs/smb/client/inode.c
Falling back to patching base and 3-way merge...
Auto-merging fs/smb/client/inode.c
Auto-merging fs/smb/client/cifsfs.h
Auto-merging fs/smb/client/cifsfs.c
No changes -- Patch already applied.
Merging ntfs/ntfs-next (81fe702ff1760 ntfs: avoid stale runlist element dereference in MFT writeback)
$ git merge -m Merge branch 'ntfs-next' of https://git.kernel.org/pub/scm/linux/kernel/git/linkinjeon/ntfs.git ntfs/ntfs-next
Merge made by the 'ort' strategy.
 fs/ntfs/mft.c | 8 ++++++--
 1 file changed, 6 insertions(+), 2 deletions(-)
Merging ntfs3/master (dc59e4fea9d83 Linux 7.2-rc1)
$ git merge -m Merge branch 'master' of https://github.com/Paragon-Software-Group/linux-ntfs3.git ntfs3/master
Already up to date.
Merging orangefs/for-next (e61bc5e4d8743    bufmap: manage as folios, V2.)
$ git merge -m Merge branch 'for-next' of https://git.kernel.org/pub/scm/linux/kernel/git/hubcap/linux.git orangefs/for-next
Already up to date.
Merging overlayfs/overlayfs-next (1f6ee9be92f8d ovl: make fsync after metadata copy-up opt-in mount option)
$ git merge -m Merge branch 'overlayfs-next' of https://git.kernel.org/pub/scm/linux/kernel/git/overlayfs/vfs.git overlayfs/overlayfs-next
Already up to date.
Merging ubifs/next (11efa98bcc0d0 ubi: ubi.h: fix kernel-doc warnings)
$ git merge -m Merge branch 'next' of https://git.kernel.org/pub/scm/linux/kernel/git/rw/ubifs.git ubifs/next
Auto-merging drivers/mtd/ubi/ubi.h
Merge made by the 'ort' strategy.
 drivers/mtd/ubi/ubi.h | 9 ++++++---
 1 file changed, 6 insertions(+), 3 deletions(-)
Merging v9fs/9p-next (aa88278693cbf 9p: Add missing read barrier in virtio zero-copy path)
$ git merge -m Merge branch '9p-next' of https://github.com/martinetd/linux v9fs/9p-next
Already up to date.
Merging v9fs-ericvh/ericvh/for-next (028ef9c96e961 Linux 7.0)
$ git merge -m Merge branch 'ericvh/for-next' of https://git.kernel.org/pub/scm/linux/kernel/git/ericvh/v9fs.git v9fs-ericvh/ericvh/for-next
Already up to date.
Merging xfs/for-next (dc59e4fea9d83 Linux 7.2-rc1)
$ git merge -m Merge branch 'for-next' of https://git.kernel.org/pub/scm/fs/xfs/xfs-linux.git xfs/for-next
Already up to date.
Merging zonefs/for-next (3a8389d42bdf4 zonefs: handle integer overflow in zonefs_fname_to_fno)
$ git merge -m Merge branch 'for-next' of https://git.kernel.org/pub/scm/linux/kernel/git/dlemoal/zonefs.git zonefs/for-next
Already up to date.
Merging vfs-brauner/vfs.all (489a900c183d1 Merge branch 'vfs-7.3.super' into vfs.all)
$ git merge -m Merge branch 'vfs.all' of https://git.kernel.org/pub/scm/linux/kernel/git/vfs/vfs.git vfs-brauner/vfs.all
Auto-merging MAINTAINERS
Auto-merging fs/btrfs/ioctl.c
Merge made by the 'ort' strategy.
 Documentation/filesystems/overlayfs.rst            |  16 +
 MAINTAINERS                                        |   5 -
 block/bdev.c                                       | 113 +++-
 drivers/base/devtmpfs.c                            |   2 +-
 drivers/block/rnbd/rnbd-srv.c                      |   4 +-
 drivers/crypto/ccp/sev-dev.c                       |  12 +-
 drivers/target/target_core_alua.c                  |  11 +-
 drivers/target/target_core_pr.c                    |   4 +-
 fs/Kconfig                                         |   1 -
 fs/Makefile                                        |   1 -
 fs/bpf_fs_kfuncs.c                                 |  37 ++
 fs/btrfs/dev-replace.c                             |  65 ++-
 fs/btrfs/ioctl.c                                   |   4 +-
 fs/btrfs/volumes.c                                 | 116 +++-
 fs/btrfs/volumes.h                                 |   6 +-
 fs/coredump.c                                      |  11 +-
 fs/cramfs/inode.c                                  |   2 +-
 fs/efs/Kconfig                                     |  16 -
 fs/efs/Makefile                                    |   8 -
 fs/efs/dir.c                                       | 105 ----
 fs/efs/efs.h                                       | 144 -----
 fs/efs/file.c                                      |  42 --
 fs/efs/inode.c                                     | 315 ----------
 fs/efs/namei.c                                     | 120 ----
 fs/efs/super.c                                     | 368 ------------
 fs/efs/symlink.c                                   |  50 --
 fs/erofs/super.c                                   |  35 +-
 fs/ext4/extents-test.c                             |   9 +-
 fs/ext4/mballoc-test.c                             |   9 +-
 fs/ext4/super.c                                    |  12 +-
 fs/f2fs/super.c                                    |   6 +-
 fs/fs_struct.c                                     | 103 +++-
 fs/inode.c                                         |  23 +-
 fs/internal.h                                      |   1 +
 fs/iomap/buffered-io.c                             |  28 +-
 fs/kernel_read_file.c                              |   9 +-
 fs/namespace.c                                     |  18 +-
 fs/nfs/blocklayout/dev.c                           |  15 +-
 fs/nullfs.c                                        |  14 +-
 fs/ocfs2/super.c                                   |   1 -
 fs/overlayfs/dir.c                                 |  16 +-
 fs/overlayfs/inode.c                               |  26 +-
 fs/overlayfs/overlayfs.h                           |   1 +
 fs/overlayfs/super.c                               |   2 +-
 fs/overlayfs/xattrs.c                              |   1 +
 fs/proc/array.c                                    |   4 +-
 fs/proc/base.c                                     |   8 +-
 fs/proc_namespace.c                                |   4 +-
 fs/romfs/super.c                                   |   2 +-
 fs/smb/server/mgmt/share_config.c                  |   4 +-
 fs/smb/server/smb2pdu.c                            |   4 +-
 fs/smb/server/vfs.c                                |   9 +-
 fs/super.c                                         | 639 ++++++++++++++-------
 fs/xfs/xfs_buf.c                                   |   2 +-
 fs/xfs/xfs_super.c                                 |  10 +-
 include/linux/blk_types.h                          |   2 +-
 include/linux/blkdev.h                             |  12 +-
 include/linux/efs_vh.h                             |  54 --
 include/linux/fs.h                                 |   2 -
 include/linux/fs/super.h                           |   8 +
 include/linux/fs/super_types.h                     |   4 +-
 include/linux/fs_struct.h                          |  34 ++
 include/linux/init_task.h                          |   1 +
 include/linux/net.h                                |   1 +
 include/linux/netfs.h                              |   2 +-
 include/linux/sched.h                              |   1 +
 include/linux/sched/task.h                         |   1 +
 include/linux/types.h                              |   2 +
 include/uapi/linux/efs_fs_sb.h                     |  63 --
 init/init_task.c                                   |   1 +
 init/initramfs.c                                   |  14 +-
 init/main.c                                        |  10 +-
 ipc/mqueue.c                                       |   5 +-
 kernel/exit.c                                      |   2 +-
 kernel/fork.c                                      |  53 +-
 kernel/kcmp.c                                      |   2 +-
 kernel/umh.c                                       |   6 +-
 net/socket.c                                       |  25 +
 net/unix/af_unix.c                                 |  17 +-
 tools/testing/selftests/bpf/bpf_experimental.h     |   3 +
 .../testing/selftests/bpf/prog_tests/sock_xattr.c  |  67 +++
 .../testing/selftests/bpf/progs/sock_read_xattr.c  |  54 ++
 tools/testing/selftests/filesystems/.gitignore     |   1 +
 tools/testing/selftests/filesystems/Makefile       |   2 +-
 .../selftests/filesystems/overlayfs/.gitignore     |   1 +
 .../selftests/filesystems/overlayfs/Makefile       |   2 +
 .../filesystems/overlayfs/idmapped_mounts.c        | 501 ++++++++++++++++
 .../filesystems/overlayfs/set_layers_via_fds.c     |  16 +-
 tools/testing/selftests/filesystems/ustat_test.c   | 135 +++++
 tools/testing/selftests/proc/proc-pidns.c          |   1 +
 90 files changed, 1944 insertions(+), 1754 deletions(-)
 delete mode 100644 fs/efs/Kconfig
 delete mode 100644 fs/efs/Makefile
 delete mode 100644 fs/efs/dir.c
 delete mode 100644 fs/efs/efs.h
 delete mode 100644 fs/efs/file.c
 delete mode 100644 fs/efs/inode.c
 delete mode 100644 fs/efs/namei.c
 delete mode 100644 fs/efs/super.c
 delete mode 100644 fs/efs/symlink.c
 delete mode 100644 include/linux/efs_vh.h
 delete mode 100644 include/uapi/linux/efs_fs_sb.h
 create mode 100644 tools/testing/selftests/bpf/prog_tests/sock_xattr.c
 create mode 100644 tools/testing/selftests/bpf/progs/sock_read_xattr.c
 create mode 100644 tools/testing/selftests/filesystems/overlayfs/idmapped_mounts.c
 create mode 100644 tools/testing/selftests/filesystems/ustat_test.c
$ git am -3 ../patches/0001-ksmbd-Fix-removal-of-type-parameter-from-vfs_path_pa.patch
Applying: ksmbd: Fix removal of type parameter from vfs_path_parent_lookup()
Using index info to reconstruct a base tree...
M	fs/smb/server/vfs.c
Falling back to patching base and 3-way merge...
Auto-merging fs/smb/server/vfs.c
No changes -- Patch already applied.
$ git reset --hard HEAD^
HEAD is now at 571a7d85b1658 Merge branch 'next' of https://git.kernel.org/pub/scm/linux/kernel/git/rw/ubifs.git
Merging next-20260629 version of vfs-brauner
$ git merge -m next-20260629/vfs-brauner e7a6d06e3c3e8263ee22743bb56b305e8e0949d0
Auto-merging fs/fuse/dev.c
Auto-merging include/linux/fs.h
Auto-merging include/linux/skbuff.h
Auto-merging include/linux/syscalls.h
Merge made by the 'ort' strategy.
 fs/fuse/dev.c             |   1 -
 fs/read_write.c           |  23 ++++++
 fs/splice.c               | 202 ++--------------------------------------------
 include/linux/pipe_fs_i.h |   1 -
 include/linux/skbuff.h    |   4 +-
 include/linux/splice.h    |   4 +-
 include/linux/syscalls.h  |   4 +-
 7 files changed, 34 insertions(+), 205 deletions(-)
$ git am -3 ../patches/0001-ksmbd-Fix-removal-of-type-parameter-from-vfs_path_pa.patch
Applying: ksmbd: Fix removal of type parameter from vfs_path_parent_lookup()
Using index info to reconstruct a base tree...
M	fs/smb/server/vfs.c
Falling back to patching base and 3-way merge...
Auto-merging fs/smb/server/vfs.c
No changes -- Patch already applied.
Merging vfs/for-next (4dda01b67c866 Merge branches 'work.dcache', 'work.dcache-d_add' and 'work.configfs' into for-next)
$ git merge -m Merge branch 'for-next' of https://git.kernel.org/pub/scm/linux/kernel/git/viro/vfs.git vfs/for-next
Merge made by the 'ort' strategy.
Merging mm-hotfixes/mm-hotfixes-unstable (6887a39652cdf mm/page_vma_mapped: fix device-private PMD handling)
$ git merge -m Merge branch 'mm-hotfixes-unstable' of https://git.kernel.org/pub/scm/linux/kernel/git/akpm/mm mm-hotfixes/mm-hotfixes-unstable
Updating dc59e4fea9d83..6887a39652cdf
Fast-forward (no commit created; -m option ignored)
 .mailmap                                        |   5 +
 Documentation/ABI/testing/sysfs-kernel-mm-damon | 174 ++++++++++++------------
 MAINTAINERS                                     |   5 +-
 arch/x86/kernel/sys_x86_64.c                    |  14 +-
 drivers/dax/bus.c                               |   7 +-
 fs/proc/page.c                                  |   2 +-
 include/linux/damon.h                           |  13 +-
 include/linux/fs.h                              |   5 +
 include/linux/page_ext.h                        |  19 ++-
 include/trace/events/memory-failure.h           |   6 +-
 kernel/cgroup/cpuset.c                          |   2 +-
 lib/test_hmm.c                                  |   2 +-
 mm/compaction.c                                 |   7 +-
 mm/damon/core.c                                 |   2 -
 mm/damon/lru_sort.c                             |   2 -
 mm/damon/modules-common.c                       |   2 -
 mm/damon/modules-common.h                       |   2 -
 mm/damon/ops-common.c                           |   3 +-
 mm/damon/ops-common.h                           |   2 -
 mm/damon/paddr.c                                |   2 -
 mm/damon/reclaim.c                              |   2 -
 mm/damon/sysfs-common.c                         |   2 -
 mm/damon/sysfs-common.h                         |   2 -
 mm/damon/sysfs-schemes.c                        |  19 +--
 mm/damon/sysfs.c                                |   2 -
 mm/damon/tests/core-kunit.h                     |   4 -
 mm/damon/tests/sysfs-kunit.h                    |   2 -
 mm/damon/tests/vaddr-kunit.h                    |   4 -
 mm/damon/vaddr.c                                |   2 -
 mm/filemap.c                                    |   2 +-
 mm/madvise.c                                    |   3 +-
 mm/mincore.c                                    |   3 +-
 mm/page_alloc.c                                 |  44 ++++--
 mm/page_vma_mapped.c                            |  32 +++--
 mm/shrinker.c                                   |  13 +-
 mm/shrinker_debug.c                             |  10 +-
 samples/damon/mtier.c                           |   3 +
 tools/include/linux/overflow.h                  |   1 +
 tools/testing/selftests/mm/hmm-tests.c          |   1 +
 tools/testing/selftests/mm/ksft_process_madv.sh |   2 +-
 tools/testing/selftests/mm/pagemap_ioctl.c      |  12 +-
 tools/virtio/asm/percpu_types.h                 |   7 +
 tools/virtio/linux/completion.h                 |   9 ++
 tools/virtio/linux/device.h                     |   1 +
 tools/virtio/linux/dma-mapping.h                |   1 +
 tools/virtio/linux/mod_devicetable.h            |  14 ++
 tools/virtio/linux/virtio_features.h            |  79 +++++++++++
 47 files changed, 345 insertions(+), 207 deletions(-)
 create mode 100644 tools/virtio/asm/percpu_types.h
 create mode 100644 tools/virtio/linux/completion.h
 create mode 100644 tools/virtio/linux/mod_devicetable.h
 create mode 100644 tools/virtio/linux/virtio_features.h
Merging fs-current (a27318567c92b Merge branch 'fixes' of https://git.kernel.org/pub/scm/linux/kernel/git/viro/vfs.git)
$ git merge -m Merge branch 'fs-current' of linux-next fs-current
Auto-merging MAINTAINERS
Merge made by the 'ort' strategy.
 MAINTAINERS                                        |   2 +-
 fs/afs/callback.c                                  |  17 +--
 fs/afs/cell.c                                      |  27 +++-
 fs/afs/cmservice.c                                 |   7 +-
 fs/afs/dir.c                                       |  40 +++--
 fs/afs/dynroot.c                                   |   2 +-
 fs/afs/fs_operation.c                              |   2 +-
 fs/afs/inode.c                                     |  15 +-
 fs/afs/internal.h                                  |   3 +-
 fs/afs/super.c                                     |   5 +-
 fs/afs/vl_list.c                                   |  24 ++-
 fs/afs/volume.c                                    |   2 +-
 fs/bpf_fs_kfuncs.c                                 |  23 +--
 fs/btrfs/file-item.c                               |  26 +++-
 fs/btrfs/free-space-cache.c                        |   3 +
 fs/btrfs/ioctl.c                                   |  18 ++-
 fs/btrfs/lzo.c                                     |  15 +-
 fs/btrfs/print-tree.c                              |   8 +-
 fs/btrfs/props.c                                   |  16 +-
 fs/btrfs/relocation.c                              |  15 +-
 fs/btrfs/tree-checker.c                            |   6 +
 fs/cachefiles/namei.c                              |   1 -
 fs/exec.c                                          |   2 +-
 fs/fat/dir.c                                       |  44 +++++-
 fs/freevxfs/vxfs_bmap.c                            |   3 +-
 fs/iomap/direct-io.c                               |   7 +-
 fs/iomap/ioend.c                                   |   8 +-
 fs/minix/minix.h                                   |   2 +-
 fs/namei.c                                         |   4 +
 fs/orangefs/dir.c                                  |   7 +-
 fs/overlayfs/copy_up.c                             |  12 +-
 fs/overlayfs/inode.c                               |   4 +-
 fs/proc/generic.c                                  |   9 +-
 fs/xfs/xfs_super.c                                 |   3 +
 tools/testing/selftests/filesystems/.gitignore     |   1 +
 tools/testing/selftests/filesystems/Makefile       |   4 +
 .../selftests/filesystems/idmapped_tmpfile.c       | 168 +++++++++++++++++++++
 37 files changed, 446 insertions(+), 109 deletions(-)
 create mode 100644 tools/testing/selftests/filesystems/idmapped_tmpfile.c
Merging kbuild-current/kbuild-fixes-for-next (dc59e4fea9d83 Linux 7.2-rc1)
$ git merge -m Merge branch 'kbuild-fixes-for-next' of https://git.kernel.org/pub/scm/linux/kernel/git/kbuild/linux.git kbuild-current/kbuild-fixes-for-next
Already up to date.
Merging clang-fixes/clang-fixes-for-next (175db11786bde Disable -Wattribute-alias for clang-23 and newer)
$ git merge -m Merge branch 'clang-fixes-for-next' of https://git.kernel.org/pub/scm/linux/kernel/git/nathan/linux.git clang-fixes/clang-fixes-for-next
Already up to date.
Merging arc-current/for-curr (7aaa8047eafd0 Linux 7.0-rc6)
$ git merge -m Merge branch 'for-curr' of https://git.kernel.org/pub/scm/linux/kernel/git/vgupta/arc.git arc-current/for-curr
Already up to date.
Merging arm-current/fixes (009b6c6486b94 ARM: 9476/1: mm: fix kexec and hibernation with CONFIG_CPU_TTBR0_PAN)
$ git merge -m Merge branch 'fixes' of https://git.kernel.org/pub/scm/linux/kernel/git/rmk/linux.git arm-current/fixes
Already up to date.
Merging arm64-fixes/for-next/fixes (ff4c5a0de1f2e arm64/mm: Optimize TLB flush in unmap_hotplug_[pmd|pud]_range())
$ git merge -m Merge branch 'for-next/fixes' of https://git.kernel.org/pub/scm/linux/kernel/git/arm64/linux arm64-fixes/for-next/fixes
Merge made by the 'ort' strategy.
 Documentation/arch/arm64/cpu-hotplug.rst | 28 ++++++++++--------
 arch/arm64/include/asm/tlbbatch.h        | 10 ++-----
 arch/arm64/include/asm/tlbflush.h        | 49 ++++++--------------------------
 arch/arm64/kernel/acpi.c                 |  2 ++
 arch/arm64/kernel/fpsimd.c               | 10 +++++--
 arch/arm64/kernel/process.c              | 35 -----------------------
 arch/arm64/kernel/smp.c                  | 28 +++++++++---------
 arch/arm64/mm/mmu.c                      | 11 +++++--
 8 files changed, 58 insertions(+), 115 deletions(-)
Merging arm-soc-fixes/arm/fixes (9c648f3554920 Merge tag 'v7.1-rockchip-arm32fixe' of https://git.kernel.org/pub/scm/linux/kernel/git/mmind/linux-rockchip into arm/fixes)
$ git merge -m Merge branch 'arm/fixes' of https://git.kernel.org/pub/scm/linux/kernel/git/soc/soc.git arm-soc-fixes/arm/fixes
Already up to date.
Merging davinci-current/davinci/for-current (dc59e4fea9d83 Linux 7.2-rc1)
$ git merge -m Merge branch 'davinci/for-current' of https://git.kernel.org/pub/scm/linux/kernel/git/brgl/linux.git davinci-current/davinci/for-current
Already up to date.
Merging drivers-memory-fixes/fixes (dc59e4fea9d83 Linux 7.2-rc1)
$ git merge -m Merge branch 'fixes' of https://git.kernel.org/pub/scm/linux/kernel/git/krzk/linux-mem-ctrl.git drivers-memory-fixes/fixes
Already up to date.
Merging sophgo-fixes/fixes (19272b37aa4f8 Linux 6.16-rc1)
$ git merge -m Merge branch 'fixes' of https://github.com/sophgo/linux.git sophgo-fixes/fixes
Already up to date.
Merging sophgo-soc-fixes/soc-fixes (0af2f6be1b428 Linux 6.15-rc1)
$ git merge -m Merge branch 'soc-fixes' of https://github.com/sophgo/linux.git sophgo-soc-fixes/soc-fixes
Already up to date.
Merging m68k-current/for-linus (dc5200f6b1ada m68k: Correct CONFIG_MVME16x macro name in #endif comment)
$ git merge -m Merge branch 'for-linus' of https://git.kernel.org/pub/scm/linux/kernel/git/geert/linux-m68k.git m68k-current/for-linus
Already up to date.
Merging powerpc-fixes/fixes (5200f5f493f79 Linux 7.1-rc4)
$ git merge -m Merge branch 'fixes' of https://git.kernel.org/pub/scm/linux/kernel/git/powerpc/linux.git powerpc-fixes/fixes
Already up to date.
Merging s390-fixes/fixes (2580f89860460 Merge tag 's390-7.2-2' of git://git.kernel.org/pub/scm/linux/kernel/git/s390/linux)
$ git merge -m Merge branch 'fixes' of https://git.kernel.org/pub/scm/linux/kernel/git/s390/linux.git s390-fixes/fixes
Already up to date.
Merging net/main (dbf803bc4a8b0 net: gianfar: dispose irq mappings on probe failure and device removal)
$ git merge -m Merge branch 'main' of https://git.kernel.org/pub/scm/linux/kernel/git/netdev/net.git net/main
Auto-merging .mailmap
Auto-merging MAINTAINERS
Merge made by the 'ort' strategy.
 .mailmap                                           |   1 +
 MAINTAINERS                                        |  19 ++-
 drivers/net/ethernet/airoha/airoha_eth.c           | 129 ++++++++++-----------
 drivers/net/ethernet/airoha/airoha_eth.h           |   9 ++
 drivers/net/ethernet/airoha/airoha_ppe.c           |  39 +++++--
 drivers/net/ethernet/airoha/airoha_regs.h          |   9 +-
 .../ethernet/cavium/liquidio/cn23xx_pf_device.c    |  18 +--
 drivers/net/ethernet/freescale/enetc/enetc.c       |   7 ++
 drivers/net/ethernet/freescale/fman/fman.c         |   4 +-
 drivers/net/ethernet/freescale/gianfar.c           |  16 ++-
 .../ethernet/mellanox/mlx5/core/en_accel/macsec.c  |  47 +++++---
 drivers/net/ethernet/meta/fbnic/fbnic_txrx.c       |  11 +-
 drivers/net/ethernet/microchip/lan743x_main.c      |   2 +-
 drivers/net/ethernet/qlogic/qede/qede_fp.c         |   4 +-
 drivers/net/ethernet/wangxun/libwx/wx_lib.c        |   1 +
 drivers/net/ethernet/wangxun/libwx/wx_type.h       |   1 +
 drivers/net/ipa/ipa_smp2p.c                        |  30 +++--
 drivers/net/mdio/mdio-i2c.c                        |  59 ++--------
 drivers/net/netdevsim/ethtool.c                    |   6 +
 drivers/net/netdevsim/netdev.c                     |   2 +
 drivers/net/netdevsim/netdevsim.h                  |   2 +
 drivers/net/phy/sfp.c                              |  15 +--
 drivers/net/pse-pd/pse_core.c                      |   6 +-
 drivers/net/usb/gl620a.c                           |   6 +-
 drivers/net/wwan/iosm/iosm_ipc_mux_codec.c         |  40 +++++--
 include/net/tcp_ao.h                               |   1 +
 net/core/netpoll.c                                 |   9 +-
 net/dsa/tag.c                                      |  12 +-
 net/dsa/tag_ar9331.c                               |  10 +-
 net/dsa/tag_brcm.c                                 |  39 ++++---
 net/dsa/tag_dsa.c                                  |  15 ++-
 net/dsa/tag_gswip.c                                |   8 +-
 net/dsa/tag_hellcreek.c                            |   9 +-
 net/dsa/tag_ksz.c                                  |  44 ++++---
 net/dsa/tag_lan9303.c                              |   2 +
 net/dsa/tag_mtk.c                                  |   8 +-
 net/dsa/tag_mxl-gsw1xx.c                           |   3 +
 net/dsa/tag_mxl862xx.c                             |   3 +
 net/dsa/tag_netc.c                                 |  18 +--
 net/dsa/tag_ocelot.c                               |   4 +-
 net/dsa/tag_ocelot_8021q.c                         |  20 ++--
 net/dsa/tag_qca.c                                  |  14 ++-
 net/dsa/tag_rtl4_a.c                               |   8 +-
 net/dsa/tag_rtl8_4.c                               |  24 +++-
 net/dsa/tag_rzn1_a5psw.c                           |   8 +-
 net/dsa/tag_sja1105.c                              |  42 ++++---
 net/dsa/tag_trailer.c                              |  16 ++-
 net/dsa/tag_vsc73xx_8021q.c                        |   1 +
 net/dsa/tag_xrs700x.c                              |  12 +-
 net/dsa/tag_yt921x.c                               |   7 +-
 net/dsa/user.c                                     |   7 +-
 net/ipv4/tcp_ao.c                                  |   5 +-
 net/ipv4/tcp_ipv4.c                                |   4 +-
 net/ipv4/tcp_output.c                              |   8 +-
 net/ipv6/ip6_fib.c                                 |  17 ++-
 net/ipv6/seg6.c                                    |   3 +
 net/sched/sch_multiq.c                             |   2 +-
 net/sched/sch_taprio.c                             |   2 +-
 net/sctp/sm_make_chunk.c                           |   5 +-
 net/sctp/sm_statefuns.c                            |  36 +++++-
 net/sctp/socket.c                                  |   9 +-
 net/tipc/bcast.c                                   |  22 ++--
 net/tipc/bcast.h                                   |   2 +-
 net/tipc/node.c                                    |  15 ++-
 64 files changed, 590 insertions(+), 367 deletions(-)
Merging bpf/master (9b51a6155d143 bpf,fork: wipe ->bpf_storage before bailouts that access it)
$ git merge -m Merge branch 'master' of https://git.kernel.org/pub/scm/linux/kernel/git/bpf/bpf.git/ bpf/master
Merge made by the 'ort' strategy.
 kernel/bpf/disasm.c                                |  5 +++-
 kernel/bpf/verifier.c                              | 34 +++++++++++++++-------
 kernel/fork.c                                      |  9 +++---
 net/core/sock_map.c                                | 20 +++++++++++++
 .../selftests/bpf/prog_tests/sockmap_strp.c        | 31 ++++++++++++++++++++
 .../selftests/bpf/progs/refcounted_kptr_fail.c     | 34 ++++++++++++++++++++++
 .../selftests/bpf/progs/sockmap_parse_prog.c       | 22 --------------
 .../selftests/bpf/progs/test_sockmap_strp.c        |  7 +++++
 .../testing/selftests/bpf/progs/verifier_unpriv.c  | 19 ++++++++++++
 9 files changed, 143 insertions(+), 38 deletions(-)
Merging ipsec/master (805185b7c7a10 Merge tag 'net-7.2-rc1' of git://git.kernel.org/pub/scm/linux/kernel/git/netdev/net)
$ git merge -m Merge branch 'master' of https://git.kernel.org/pub/scm/linux/kernel/git/klassert/ipsec.git ipsec/master
Already up to date.
Merging netfilter/main (32f1c2bbb26ae net: airoha: dma map xmit frags with skb_frag_dma_map())
$ git merge -m Merge branch 'main' of https://git.kernel.org/pub/scm/linux/kernel/git/netfilter/nf.git netfilter/main
Already up to date.
Merging ipvs/main (fe9f4ee6c61a1 Merge branch 'net-avoid-nested-up-notifier-events')
$ git merge -m Merge branch 'main' of https://git.kernel.org/pub/scm/linux/kernel/git/horms/ipvs.git ipvs/main
Already up to date.
Merging wireless/for-next (ddd664bbff63e Merge tag 'net-7.1-rc7' of git://git.kernel.org/pub/scm/linux/kernel/git/netdev/net)
$ git merge -m Merge branch 'for-next' of https://git.kernel.org/pub/scm/linux/kernel/git/wireless/wireless.git wireless/for-next
Already up to date.
Merging ath/for-current (ddd664bbff63e Merge tag 'net-7.1-rc7' of git://git.kernel.org/pub/scm/linux/kernel/git/netdev/net)
$ git merge -m Merge branch 'for-current' of https://git.kernel.org/pub/scm/linux/kernel/git/ath/ath.git ath/for-current
Already up to date.
Merging iwlwifi/fixes (093305d801fae wifi: iwlwifi: pcie: simplify the resume flow if fast resume is not used)
$ git merge -m Merge branch 'fixes' of https://git.kernel.org/pub/scm/linux/kernel/git/iwlwifi/iwlwifi-next.git iwlwifi/fixes
Already up to date.
Merging wpan/master (8ce4f287524c7 net: libwx: fix firmware mailbox abnormal return)
$ git merge -m Merge branch 'master' of https://git.kernel.org/pub/scm/linux/kernel/git/wpan/wpan.git wpan/master
Already up to date.
Merging rdma-fixes/for-rc (dc59e4fea9d83 Linux 7.2-rc1)
$ git merge -m Merge branch 'for-rc' of https://git.kernel.org/pub/scm/linux/kernel/git/rdma/rdma.git rdma-fixes/for-rc
Already up to date.
Merging sound-current/for-linus (5cff1529a2f9b ALSA: us144mkii: capture_urb_complete: redundant usb_anchor_urb corrupts anchor list on each resubmission)
$ git merge -m Merge branch 'for-linus' of https://git.kernel.org/pub/scm/linux/kernel/git/tiwai/sound.git sound-current/for-linus
Merge made by the 'ort' strategy.
 sound/usb/usx2y/us144mkii_capture.c | 2 +-
 1 file changed, 1 insertion(+), 1 deletion(-)
Merging sound-asoc-fixes/for-linus (91a6dba5183d2 MAINTAINERS: ASoC: SOF: add AMD reviewer for Sound Open Firmware)
$ git merge -m Merge branch 'for-linus' of https://git.kernel.org/pub/scm/linux/kernel/git/broonie/sound.git sound-asoc-fixes/for-linus
Auto-merging MAINTAINERS
Merge made by the 'ort' strategy.
 MAINTAINERS                       | 1 +
 sound/soc/codecs/lpass-va-macro.c | 7 ++++++-
 2 files changed, 7 insertions(+), 1 deletion(-)
Merging regmap-fixes/for-linus (32117bb6198f9 Merge remote-tracking branch 'regmap/for-7.1' into regmap-linus)
$ git merge -m Merge branch 'for-linus' of https://git.kernel.org/pub/scm/linux/kernel/git/broonie/regmap.git regmap-fixes/for-linus
Merge made by the 'ort' strategy.
Merging regulator-fixes/for-linus (3c80a21a1e4e6 Merge remote-tracking branch 'regulator/for-7.1' into regulator-linus)
$ git merge -m Merge branch 'for-linus' of https://git.kernel.org/pub/scm/linux/kernel/git/broonie/regulator.git regulator-fixes/for-linus
Merge made by the 'ort' strategy.
Merging spi-fixes/for-linus (dcbe4e97a0b90 Merge remote-tracking branch 'spi/for-7.1' into spi-linus)
$ git merge -m Merge branch 'for-linus' of https://git.kernel.org/pub/scm/linux/kernel/git/broonie/spi.git spi-fixes/for-linus
Auto-merging drivers/spi/spi.c
Merge made by the 'ort' strategy.
 drivers/spi/spi-dw-core.c  |  2 +-
 drivers/spi/spi-dw-dma.c   |  3 ++-
 drivers/spi/spi-sh-msiof.c | 10 ++++++----
 drivers/spi/spi.c          |  3 +++
 4 files changed, 12 insertions(+), 6 deletions(-)
Merging pci-current/for-linus (dc59e4fea9d83 Linux 7.2-rc1)
$ git merge -m Merge branch 'for-linus' of https://git.kernel.org/pub/scm/linux/kernel/git/pci/pci.git pci-current/for-linus
Already up to date.
Merging driver-core.current/driver-core-linus (667d0fb32149f driver core: add missing kernel-doc for union members)
$ git merge -m Merge branch 'driver-core-linus' of https://git.kernel.org/pub/scm/linux/kernel/git/driver-core/driver-core.git driver-core.current/driver-core-linus
Merge made by the 'ort' strategy.
 include/linux/device.h | 2 ++
 1 file changed, 2 insertions(+)
Merging tty.current/tty-linus (780d569e6c4b4 Merge tag 'pwm/for-7.2-rc1-2' of git://git.kernel.org/pub/scm/linux/kernel/git/ukleinek/linux)
$ git merge -m Merge branch 'tty-linus' of https://git.kernel.org/pub/scm/linux/kernel/git/gregkh/tty.git tty.current/tty-linus
Already up to date.
Merging usb.current/usb-linus (464fe6c0cc943 MAINTAINERS: USB: add usb.rs to USB subsystem file list)
$ git merge -m Merge branch 'usb-linus' of https://git.kernel.org/pub/scm/linux/kernel/git/gregkh/usb.git usb.current/usb-linus
Auto-merging MAINTAINERS
Merge made by the 'ort' strategy.
 .../ABI/testing/sysfs-bus-pci-drivers-xhci_hcd     |  2 +-
 MAINTAINERS                                        |  1 +
 drivers/usb/atm/ueagle-atm.c                       | 36 +++++++++++--
 drivers/usb/cdns3/cdnsp-mem.c                      |  2 +
 drivers/usb/class/cdc-acm.c                        |  3 ++
 drivers/usb/common/ulpi.c                          | 23 ++++----
 drivers/usb/core/quirks.c                          |  6 +++
 drivers/usb/dwc3/dwc3-meson-g12a.c                 | 14 +++--
 drivers/usb/gadget/composite.c                     |  5 +-
 drivers/usb/gadget/function/f_fs.c                 |  9 ++--
 drivers/usb/host/xhci-dbgcap.c                     | 60 ++++++++++++++++++++-
 drivers/usb/host/xhci-dbgcap.h                     |  3 ++
 drivers/usb/misc/idmouse.c                         | 45 ++++++++--------
 drivers/usb/misc/iowarrior.c                       | 61 ++++++++++------------
 drivers/usb/misc/ldusb.c                           | 38 +++++++-------
 drivers/usb/misc/legousbtower.c                    | 37 ++++++-------
 drivers/usb/misc/usbio.c                           |  4 ++
 drivers/usb/mtu3/mtu3_gadget.c                     |  1 +
 drivers/usb/storage/usb.c                          |  2 +-
 drivers/usb/typec/tcpm/tcpm.c                      |  5 ++
 drivers/usb/typec/ucsi/displayport.c               |  4 +-
 drivers/usb/typec/ucsi/ucsi_ccg.c                  |  2 +-
 22 files changed, 232 insertions(+), 131 deletions(-)
Merging usb-serial-fixes/usb-linus (6bfc8d01ac406 USB: serial: keyspan_pda: fix information leak)
$ git merge -m Merge branch 'usb-linus' of https://git.kernel.org/pub/scm/linux/kernel/git/johan/usb-serial.git usb-serial-fixes/usb-linus
Merge made by the 'ort' strategy.
 drivers/usb/serial/digi_acceleport.c | 43 +++++++++++++++++++++++++++---------
 drivers/usb/serial/keyspan_pda.c     |  2 +-
 drivers/usb/serial/option.c          | 16 ++++++++++++++
 3 files changed, 50 insertions(+), 11 deletions(-)
Merging phy/fixes (dc59e4fea9d83 Linux 7.2-rc1)
$ git merge -m Merge branch 'fixes' of https://git.kernel.org/pub/scm/linux/kernel/git/phy/linux-phy.git phy/fixes
Already up to date.
Merging staging.current/staging-linus (780d569e6c4b4 Merge tag 'pwm/for-7.2-rc1-2' of git://git.kernel.org/pub/scm/linux/kernel/git/ukleinek/linux)
$ git merge -m Merge branch 'staging-linus' of https://git.kernel.org/pub/scm/linux/kernel/git/gregkh/staging.git staging.current/staging-linus
Already up to date.
Merging iio-fixes/fixes-togreg (9c6acc6e6555d iio: common: st_sensors: honour channel endianness in read_axis_data)
$ git merge -m Merge branch 'fixes-togreg' of https://git.kernel.org/pub/scm/linux/kernel/git/jic23/iio.git iio-fixes/fixes-togreg
Merge made by the 'ort' strategy.
 drivers/hid/hid-sensor-hub.c                    | 77 +++++++++++++++++++++++--
 drivers/iio/accel/bmc150-accel-core.c           |  2 +
 drivers/iio/accel/kxsd9.c                       |  5 +-
 drivers/iio/adc/Kconfig                         |  1 +
 drivers/iio/adc/lpc32xx_adc.c                   |  4 +-
 drivers/iio/adc/spear_adc.c                     |  3 +-
 drivers/iio/adc/ti-ads1119.c                    |  6 +-
 drivers/iio/common/st_sensors/st_sensors_core.c | 23 ++++++--
 drivers/iio/dac/mcp47feb02.c                    | 37 +++++++-----
 drivers/iio/imu/adis_trigger.c                  |  2 +-
 drivers/iio/imu/bmi160/bmi160_core.c            |  3 +-
 drivers/iio/light/gp2ap002.c                    |  2 +-
 drivers/iio/orientation/hid-sensor-rotation.c   | 40 ++++++++++++-
 drivers/iio/pressure/mpl115.c                   |  4 +-
 include/linux/hid-sensor-hub.h                  | 25 ++++++++
 15 files changed, 193 insertions(+), 41 deletions(-)
Merging watchdog-fixes/watchdog (367937951ffca watchdog: ni903x_wdt: Check ACPI_COMPANION() against NULL)
$ git merge -m Merge branch 'watchdog' of https://git.kernel.org/pub/scm/linux/kernel/git/groeck/linux-staging.git watchdog-fixes/watchdog
Merge made by the 'ort' strategy.
 drivers/watchdog/ni903x_wdt.c | 7 ++++++-
 drivers/watchdog/s32g_wdt.c   | 3 +--
 2 files changed, 7 insertions(+), 3 deletions(-)
Merging counter-current/counter-current (dc59e4fea9d83 Linux 7.2-rc1)
$ git merge -m Merge branch 'counter-current' of https://git.kernel.org/pub/scm/linux/kernel/git/wbg/counter.git counter-current/counter-current
Already up to date.
Merging char-misc.current/char-misc-linus (780d569e6c4b4 Merge tag 'pwm/for-7.2-rc1-2' of git://git.kernel.org/pub/scm/linux/kernel/git/ukleinek/linux)
$ git merge -m Merge branch 'char-misc-linus' of https://git.kernel.org/pub/scm/linux/kernel/git/gregkh/char-misc.git char-misc.current/char-misc-linus
Already up to date.
Merging soundwire-fixes/fixes (dc59e4fea9d83 Linux 7.2-rc1)
$ git merge -m Merge branch 'fixes' of https://git.kernel.org/pub/scm/linux/kernel/git/vkoul/soundwire.git soundwire-fixes/fixes
Already up to date.
Merging thunderbolt-fixes/fixes (db79679595326 thunderbolt: Bound the DROM dual link port number before indexing sw->ports)
$ git merge -m Merge branch 'fixes' of https://git.kernel.org/pub/scm/linux/kernel/git/westeri/thunderbolt.git thunderbolt-fixes/fixes
Merge made by the 'ort' strategy.
 drivers/thunderbolt/eeprom.c | 9 ++++++++-
 drivers/thunderbolt/stream.c | 2 +-
 drivers/thunderbolt/tb.c     | 2 +-
 3 files changed, 10 insertions(+), 3 deletions(-)
Merging input-current/for-linus (ee89db004238b Input: maplemouse - fix NULL pointer dereference in open())
$ git merge -m Merge branch 'for-linus' of https://git.kernel.org/pub/scm/linux/kernel/git/dtor/input.git input-current/for-linus
Merge made by the 'ort' strategy.
 drivers/input/mouse/maplemouse.c | 5 +++--
 1 file changed, 3 insertions(+), 2 deletions(-)
Merging crypto-current/master (6ea0ce3a19f9c crypto: tegra - fix refcount leak in tegra_se_host1x_submit())
$ git merge -m Merge branch 'master' of https://git.kernel.org/pub/scm/linux/kernel/git/herbert/crypto-2.6.git crypto-current/master
Already up to date.
Merging libcrypto-fixes/libcrypto-fixes (dc59e4fea9d83 Linux 7.2-rc1)
$ git merge -m Merge branch 'libcrypto-fixes' of https://git.kernel.org/pub/scm/linux/kernel/git/ebiggers/linux.git libcrypto-fixes/libcrypto-fixes
Already up to date.
Merging vfio-fixes/for-linus (586a989d8b0db vfio/pci: Expose latched module parameter policy in debugfs)
$ git merge -m Merge branch 'for-linus' of https://github.com/awilliam/linux-vfio.git vfio-fixes/for-linus
Merge made by the 'ort' strategy.
 Documentation/ABI/testing/debugfs-vfio |  26 +++++++++
 drivers/vfio/debugfs.c                 |   1 +
 drivers/vfio/pci/mlx5/cmd.h            |  15 +++--
 drivers/vfio/pci/vfio_pci.c            |  30 +++++++---
 drivers/vfio/pci/vfio_pci_core.c       | 101 ++++++++++++++++++++++++---------
 drivers/vfio/vfio_main.c               |   8 ++-
 include/linux/vfio_pci_core.h          |  18 +++---
 7 files changed, 150 insertions(+), 49 deletions(-)
Merging kselftest-fixes/fixes (dc59e4fea9d83 Linux 7.2-rc1)
$ git merge -m Merge branch 'fixes' of https://git.kernel.org/pub/scm/linux/kernel/git/shuah/linux-kselftest.git kselftest-fixes/fixes
Already up to date.
Merging dmaengine-fixes/fixes (dc59e4fea9d83 Linux 7.2-rc1)
$ git merge -m Merge branch 'fixes' of https://git.kernel.org/pub/scm/linux/kernel/git/vkoul/dmaengine.git dmaengine-fixes/fixes
Already up to date.
Merging backlight-fixes/for-backlight-fixes (8f0b4cce4481f Linux 6.19-rc1)
$ git merge -m Merge branch 'for-backlight-fixes' of https://git.kernel.org/pub/scm/linux/kernel/git/lee/backlight.git backlight-fixes/for-backlight-fixes
Already up to date.
Merging mtd-fixes/mtd/fixes (16f7ec8d5dc10 mtd: nand: mtk-ecc: stop on ECC idle timeouts)
$ git merge -m Merge branch 'mtd/fixes' of https://git.kernel.org/pub/scm/linux/kernel/git/mtd/linux.git mtd-fixes/mtd/fixes
Merge made by the 'ort' strategy.
 drivers/mtd/mtd_virt_concat.c              |  4 ++--
 drivers/mtd/mtdpart.c                      |  8 ++++++++
 drivers/mtd/mtdswap.c                      |  5 ++++-
 drivers/mtd/nand/ecc-mtk.c                 | 24 +++++++++++++++++++-----
 drivers/mtd/nand/raw/Kconfig               |  1 +
 drivers/mtd/nand/raw/ingenic/ingenic_ecc.c |  7 ++++++-
 drivers/mtd/nand/raw/ndfc.c                |  2 +-
 drivers/mtd/nand/spi/core.c                |  2 +-
 8 files changed, 42 insertions(+), 11 deletions(-)
Merging mfd-fixes/for-mfd-fixes (aa6e63373d91f mfd: ls2kbmc: Use PCI API instead of direct accesses)
$ git merge -m Merge branch 'for-mfd-fixes' of https://git.kernel.org/pub/scm/linux/kernel/git/lee/mfd.git mfd-fixes/for-mfd-fixes
Merge made by the 'ort' strategy.
Merging v4l-dvb-fixes/fixes (dc59e4fea9d83 Linux 7.2-rc1)
$ git merge -m Merge branch 'fixes' of git://linuxtv.org/media-ci/media-pending.git v4l-dvb-fixes/fixes
Already up to date.
Merging reset-fixes/reset/fixes (6902a3789e555 reset: imx7: Correct polarity of MIPI CSI resets on i.MX8MQ)
$ git merge -m Merge branch 'reset/fixes' of https://git.pengutronix.de/git/pza/linux reset-fixes/reset/fixes
Merge made by the 'ort' strategy.
 drivers/reset/reset-imx7.c                   | 6 ++++++
 drivers/reset/reset-sunxi.c                  | 4 +++-
 drivers/reset/spacemit/reset-spacemit-k3.c   | 2 +-
 include/dt-bindings/reset/altr,rst-mgr-s10.h | 2 +-
 4 files changed, 11 insertions(+), 3 deletions(-)
Merging mips-fixes/mips-fixes (0880884b36d12 MIPS: configs: Enable the current Ingenic USB PHY symbol)
$ git merge -m Merge branch 'mips-fixes' of https://git.kernel.org/pub/scm/linux/kernel/git/mips/linux.git mips-fixes/mips-fixes
Merge made by the 'ort' strategy.
 arch/mips/configs/cu1000-neo_defconfig |  2 +-
 arch/mips/configs/cu1830-neo_defconfig |  2 +-
 arch/mips/configs/gcw0_defconfig       |  2 +-
 arch/mips/dec/platform.c               |  6 +++++-
 arch/mips/include/asm/irq_work.h       |  9 +++++++++
 arch/mips/include/asm/smp.h            |  2 ++
 arch/mips/loongson64/smp.c             | 10 ++++++++++
 arch/mips/mm/init.c                    |  5 +++--
 arch/mips/vdso/elf.S                   |  3 +++
 9 files changed, 35 insertions(+), 6 deletions(-)
 create mode 100644 arch/mips/include/asm/irq_work.h
Merging at91-fixes/at91-fixes (765aaba18413a ARM: dts: microchip: sam9x7: fix GMAC clock configuration)
$ git merge -m Merge branch 'at91-fixes' of https://git.kernel.org/pub/scm/linux/kernel/git/at91/linux.git at91-fixes/at91-fixes
Already up to date.
Merging omap-fixes/fixes (dc59e4fea9d83 Linux 7.2-rc1)
$ git merge -m Merge branch 'fixes' of https://git.kernel.org/pub/scm/linux/kernel/git/khilman/linux-omap.git omap-fixes/fixes
Already up to date.
Merging kvm-fixes/master (098e32cba334d x86/apic: KVM: Use cpu_physical_id() to get APIC ID of running vCPU for AVIC)
$ git merge -m Merge branch 'master' of git://git.kernel.org/pub/scm/virt/kvm/kvm.git kvm-fixes/master
Already up to date.
Merging kvms390-fixes/master (4cb62e371ffad KVM: s390: pci: Fix GISC refcount leak on AIF enable failure)
$ git merge -m Merge branch 'master' of https://git.kernel.org/pub/scm/linux/kernel/git/kvms390/linux.git kvms390-fixes/master
Merge made by the 'ort' strategy.
 arch/s390/kvm/pci.c | 1 +
 1 file changed, 1 insertion(+)
Merging kvm-arm-fixes/fixes (d098bb75d14fd KVM: arm64: account pKVM reclaim against the VM mm)
$ git merge -m Merge branch 'fixes' of https://git.kernel.org/pub/scm/linux/kernel/git/kvmarm/kvmarm.git kvm-arm-fixes/fixes
Auto-merging MAINTAINERS
Auto-merging arch/arm64/include/asm/kvm_nested.h
Auto-merging arch/arm64/kvm/at.c
Auto-merging arch/arm64/kvm/hyp/include/hyp/switch.h
Auto-merging arch/arm64/kvm/nested.c
Merge made by the 'ort' strategy.
 MAINTAINERS                             |   1 +
 arch/arm64/include/asm/kvm_nested.h     |   8 ++
 arch/arm64/kvm/at.c                     |   8 --
 arch/arm64/kvm/emulate-nested.c         |  41 +++++---
 arch/arm64/kvm/hyp/include/hyp/switch.h |  11 ++-
 arch/arm64/kvm/hyp/nvhe/pkvm.c          |   3 +-
 arch/arm64/kvm/hyp/nvhe/sys_regs.c      |   3 +-
 arch/arm64/kvm/inject_fault.c           |  18 +---
 arch/arm64/kvm/nested.c                 | 164 ++++++++++++++++----------------
 arch/arm64/kvm/pkvm.c                   |   2 +-
 arch/arm64/kvm/vgic/vgic.c              |  20 ++--
 11 files changed, 151 insertions(+), 128 deletions(-)
Merging hwmon-fixes/hwmon (fe87b8dc67f1b hwmon: (aspeed-g6-pwm-tach) Guard fan RPM calculation against divide-by-zero)
$ git merge -m Merge branch 'hwmon' of https://git.kernel.org/pub/scm/linux/kernel/git/groeck/linux-staging.git hwmon-fixes/hwmon
Merge made by the 'ort' strategy.
 Documentation/hwmon/ltc4283.rst    |  4 ++--
 drivers/hwmon/Kconfig              |  3 +++
 drivers/hwmon/aspeed-g6-pwm-tach.c |  5 ++++-
 drivers/hwmon/asus_atk0110.c       |  3 +++
 drivers/hwmon/occ/common.c         | 34 ++++++++++++++++++++++++++++------
 drivers/hwmon/occ/common.h         |  1 +
 drivers/hwmon/pmbus/adm1275.c      | 20 +++++++++++++++-----
 drivers/hwmon/pmbus/pmbus_core.c   | 37 ++++++++++++++++++++++++++++++-------
 drivers/hwmon/w83627hf.c           |  4 ++++
 drivers/hwmon/w83793.c             |  1 +
 10 files changed, 91 insertions(+), 21 deletions(-)
Merging nvdimm-fixes/libnvdimm-fixes (a8aec14230322 nvdimm/bus: Fix potential use after free in asynchronous initialization)
$ git merge -m Merge branch 'libnvdimm-fixes' of https://git.kernel.org/pub/scm/linux/kernel/git/nvdimm/nvdimm.git nvdimm-fixes/libnvdimm-fixes
Already up to date.
Merging cxl-fixes/fixes (d90f236f8b9e3 cxl/test: Update mock dev array before calling platform_device_add())
$ git merge -m Merge branch 'fixes' of https://git.kernel.org/pub/scm/linux/kernel/git/cxl/cxl.git cxl-fixes/fixes
Already up to date.
Merging dma-mapping-fixes/dma-mapping-fixes (8cd9520d35a6c Linux 7.1)
$ git merge -m Merge branch 'dma-mapping-fixes' of https://git.kernel.org/pub/scm/linux/kernel/git/mszyprowski/linux.git dma-mapping-fixes/dma-mapping-fixes
Already up to date.
Merging drivers-x86-fixes/fixes (dc59e4fea9d83 Linux 7.2-rc1)
$ git merge -m Merge branch 'fixes' of https://git.kernel.org/pub/scm/linux/kernel/git/pdx86/platform-drivers-x86.git drivers-x86-fixes/fixes
Already up to date.
Merging samsung-krzk-fixes/fixes (dc59e4fea9d83 Linux 7.2-rc1)
$ git merge -m Merge branch 'fixes' of https://git.kernel.org/pub/scm/linux/kernel/git/krzk/linux.git samsung-krzk-fixes/fixes
Already up to date.
Merging pinctrl-samsung-fixes/fixes (dc59e4fea9d83 Linux 7.2-rc1)
$ git merge -m Merge branch 'fixes' of https://git.kernel.org/pub/scm/linux/kernel/git/pinctrl/samsung.git pinctrl-samsung-fixes/fixes
Already up to date.
Merging devicetree-fixes/dt/linus (b39a6b2e9d5bd dt-bindings: mfd: khadas,mcu: Drop type reference from "fan-supply")
$ git merge -m Merge branch 'dt/linus' of https://git.kernel.org/pub/scm/linux/kernel/git/robh/linux.git devicetree-fixes/dt/linus
Already up to date.
Merging dt-krzk-fixes/fixes (dc59e4fea9d83 Linux 7.2-rc1)
$ git merge -m Merge branch 'fixes' of https://git.kernel.org/pub/scm/linux/kernel/git/krzk/linux-dt.git dt-krzk-fixes/fixes
Already up to date.
Merging scsi-fixes/fixes (5d5221f8a4064 scsi: devinfo: Broaden Promise VTrak E310/E610 identification)
$ git merge -m Merge branch 'fixes' of https://git.kernel.org/pub/scm/linux/kernel/git/mkp/scsi.git scsi-fixes/fixes
Already up to date.
Merging drm-fixes/drm-fixes (dc59e4fea9d83 Linux 7.2-rc1)
$ git merge -m Merge branch 'drm-fixes' of https://gitlab.freedesktop.org/drm/kernel.git drm-fixes/drm-fixes
Already up to date.
Merging drm-intel-fixes/for-linux-next-fixes (db9e64c983dcb drm/i915/hdcp: require monotonically increasing seq_num_v)
$ git merge -m Merge branch 'for-linux-next-fixes' of https://gitlab.freedesktop.org/drm/i915/kernel.git drm-intel-fixes/for-linux-next-fixes
Merge made by the 'ort' strategy.
 drivers/gpu/drm/i915/display/intel_hdcp.c | 12 ++++++++----
 drivers/gpu/drm/i915/i915_active.c        |  7 ++++++-
 2 files changed, 14 insertions(+), 5 deletions(-)
Merging mmc-fixes/fixes (f595e8e77a51e mmc: sdhci: add signal voltage switch in sdhci_resume_host)
$ git merge -m Merge branch 'fixes' of https://git.kernel.org/pub/scm/linux/kernel/git/ulfh/mmc.git mmc-fixes/fixes
Already up to date.
Merging rtc-fixes/rtc-fixes (254f49634ee16 Linux 7.1-rc1)
$ git merge -m Merge branch 'rtc-fixes' of https://git.kernel.org/pub/scm/linux/kernel/git/abelloni/linux.git rtc-fixes/rtc-fixes
Already up to date.
Merging gnss-fixes/gnss-linus (5d6919055dec1 Linux 7.1-rc3)
$ git merge -m Merge branch 'gnss-linus' of https://git.kernel.org/pub/scm/linux/kernel/git/johan/gnss.git gnss-fixes/gnss-linus
Already up to date.
Merging hyperv-fixes/hyperv-fixes (98e0fc32e53dd mshv: support 1G hugepages by passing them as 2M-aligned chunks)
$ git merge -m Merge branch 'hyperv-fixes' of https://git.kernel.org/pub/scm/linux/kernel/git/hyperv/linux.git hyperv-fixes/hyperv-fixes
Already up to date.
Merging risc-v-fixes/fixes (c4c7756a81b5b riscv: Fix 32-bit call_on_irq_stack() frame pointer ABI)
$ git merge -m Merge branch 'fixes' of https://git.kernel.org/pub/scm/linux/kernel/git/riscv/linux.git risc-v-fixes/fixes
Merge made by the 'ort' strategy.
 arch/riscv/Kconfig               |  3 ++-
 arch/riscv/kernel/asm-offsets.c  |  4 ++--
 arch/riscv/kernel/entry.S        |  8 ++++----
 arch/riscv/kernel/smpboot.c      |  5 ++---
 arch/riscv/kernel/vdso/note.S    |  3 +++
 drivers/acpi/riscv/rimt.c        |  7 ++++---
 lib/raid/raid6/riscv/recov_rvv.c |  1 +
 lib/raid/raid6/riscv/rvv.c       |  1 +
 scripts/sorttable.c              | 11 ++++++++---
 9 files changed, 27 insertions(+), 16 deletions(-)
Merging riscv-dt-fixes/riscv-dt-fixes (0df8aa2b9aec5 riscv: dts: microchip: fix icicle i2c pinctrl configuration)
$ git merge -m Merge branch 'riscv-dt-fixes' of https://git.kernel.org/pub/scm/linux/kernel/git/conor/linux.git riscv-dt-fixes/riscv-dt-fixes
Already up to date.
Merging riscv-soc-fixes/riscv-soc-fixes (75ef233975589 soc: microchip: mpfs-sys-controller: fix resource leak on probe error)
$ git merge -m Merge branch 'riscv-soc-fixes' of https://git.kernel.org/pub/scm/linux/kernel/git/conor/linux.git riscv-soc-fixes/riscv-soc-fixes
Already up to date.
Merging fpga-fixes/fixes (19272b37aa4f8 Linux 6.16-rc1)
$ git merge -m Merge branch 'fixes' of https://git.kernel.org/pub/scm/linux/kernel/git/fpga/linux-fpga.git fpga-fixes/fixes
Already up to date.
Merging spdx/spdx-linus (51cb1aa1250c3 Merge tag 'loongarch-7.2' of git://git.kernel.org/pub/scm/linux/kernel/git/chenhuacai/linux-loongson)
$ git merge -m Merge branch 'spdx-linus' of https://git.kernel.org/pub/scm/linux/kernel/git/gregkh/spdx.git spdx/spdx-linus
Already up to date.
Merging gpio-brgl-fixes/gpio/for-current (9a6c0b6ea1274 gpio-f7188x: Add support for NCT6126D version B)
$ git merge -m Merge branch 'gpio/for-current' of https://git.kernel.org/pub/scm/linux/kernel/git/brgl/linux.git gpio-brgl-fixes/gpio/for-current
Merge made by the 'ort' strategy.
 drivers/gpio/gpio-f7188x.c    | 6 ++++--
 drivers/gpio/gpio-htc-egpio.c | 6 +++++-
 drivers/gpio/gpio-mvebu.c     | 5 ++++-
 3 files changed, 13 insertions(+), 4 deletions(-)
Merging gpio-intel-fixes/fixes (dc59e4fea9d83 Linux 7.2-rc1)
$ git merge -m Merge branch 'fixes' of https://git.kernel.org/pub/scm/linux/kernel/git/andy/linux-gpio-intel.git gpio-intel-fixes/fixes
Already up to date.
Merging pinctrl-intel-fixes/fixes (dc59e4fea9d83 Linux 7.2-rc1)
$ git merge -m Merge branch 'fixes' of https://git.kernel.org/pub/scm/linux/kernel/git/pinctrl/intel.git pinctrl-intel-fixes/fixes
Already up to date.
Merging auxdisplay-fixes/fixes (dc59e4fea9d83 Linux 7.2-rc1)
$ git merge -m Merge branch 'fixes' of https://git.kernel.org/pub/scm/linux/kernel/git/andy/linux-auxdisplay.git auxdisplay-fixes/fixes
Already up to date.
Merging kunit-fixes/kunit-fixes (dc59e4fea9d83 Linux 7.2-rc1)
$ git merge -m Merge branch 'kunit-fixes' of https://git.kernel.org/pub/scm/linux/kernel/git/shuah/linux-kselftest.git kunit-fixes/kunit-fixes
Already up to date.
Merging memblock-fixes/fixes (dc59e4fea9d83 Linux 7.2-rc1)
$ git merge -m Merge branch 'fixes' of https://git.kernel.org/pub/scm/linux/kernel/git/rppt/memblock.git memblock-fixes/fixes
Already up to date.
Merging renesas-fixes/fixes (8a78d1c454b3c Merge branch 'renesas-pinctrl-fixes-for-v7.1' into renesas-fixes)
$ git merge -m Merge branch 'fixes' of https://git.kernel.org/pub/scm/linux/kernel/git/geert/renesas-devel.git renesas-fixes/fixes
Merge made by the 'ort' strategy.
Merging perf-current/perf-tools (558ef39aeb9a0 Merge tag 'dmaengine-7.2-rc1' of git://git.kernel.org/pub/scm/linux/kernel/git/vkoul/dmaengine)
$ git merge -m Merge branch 'perf-tools' of https://git.kernel.org/pub/scm/linux/kernel/git/perf/perf-tools.git perf-current/perf-tools
Already up to date.
Merging efi-fixes/urgent (d8809f6931065 efi: sysfb_efi: Extend quirk to cover IdeaPad Duet 3 10IGL5-LTE)
$ git merge -m Merge branch 'urgent' of https://git.kernel.org/pub/scm/linux/kernel/git/efi/efi.git efi-fixes/urgent
Already up to date.
Merging battery-fixes/fixes (254f49634ee16 Linux 7.1-rc1)
$ git merge -m Merge branch 'fixes' of https://git.kernel.org/pub/scm/linux/kernel/git/sre/linux-power-supply.git battery-fixes/fixes
Already up to date.
Merging iommufd-fixes/for-rc (be93d186ae88a iommufd: Use sizeof(*hdr) instead of sizeof(hdr) in veventq read)
$ git merge -m Merge branch 'for-rc' of https://git.kernel.org/pub/scm/linux/kernel/git/jgg/iommufd.git iommufd-fixes/for-rc
Already up to date.
Merging rust-fixes/rust-fixes (608045a91d917 rust: allow `suspicious_runtime_symbol_definitions` lint for Rust >= 1.98)
$ git merge -m Merge branch 'rust-fixes' of https://github.com/Rust-for-Linux/linux.git rust-fixes/rust-fixes
Merge made by the 'ort' strategy.
 init/Kconfig         | 3 +++
 rust/bindings/lib.rs | 4 ++++
 rust/uapi/lib.rs     | 4 ++++
 3 files changed, 11 insertions(+)
Merging w1-fixes/fixes (dc59e4fea9d83 Linux 7.2-rc1)
$ git merge -m Merge branch 'fixes' of https://git.kernel.org/pub/scm/linux/kernel/git/krzk/linux-w1.git w1-fixes/fixes
Already up to date.
Merging pmdomain-fixes/fixes (fba0510cd6266 pmdomain: imx: fix OF node refcount)
$ git merge -m Merge branch 'fixes' of https://git.kernel.org/pub/scm/linux/kernel/git/ulfh/linux-pm.git pmdomain-fixes/fixes
Already up to date.
Merging i2c-host-fixes/i2c/i2c-host-fixes (10dd1a736d557 i2c: i801: fix hardware state machine corruption in error path)
$ git merge -m Merge branch 'i2c/i2c-host-fixes' of https://git.kernel.org/pub/scm/linux/kernel/git/andi.shyti/linux.git i2c-host-fixes/i2c/i2c-host-fixes
Already up to date.
Merging i2c-rust-fixes/rust-i2c-fixes (4eb422482ca5d rust: i2c: fix I2cAdapter refcounts double increment)
$ git merge -m Merge branch 'rust-i2c-fixes' of https://github.com/ikrtn/rust-for-linux i2c-rust-fixes/rust-i2c-fixes
Already up to date.
Merging sparc-fixes/for-linus (254f49634ee16 Linux 7.1-rc1)
$ git merge -m Merge branch 'for-linus' of https://git.kernel.org/pub/scm/linux/kernel/git/alarsson/linux-sparc.git sparc-fixes/for-linus
Already up to date.
Merging clk-fixes/clk-fixes (f29a24c947054 Merge tag 'qcom-clk-fixes-for-7.1' of https://git.kernel.org/pub/scm/linux/kernel/git/qcom/linux into clk-fixes)
$ git merge -m Merge branch 'clk-fixes' of https://git.kernel.org/pub/scm/linux/kernel/git/clk/linux.git clk-fixes/clk-fixes
Already up to date.
Merging thead-clk-fixes/thead-clk-fixes (8f0b4cce4481f Linux 6.19-rc1)
$ git merge -m Merge branch 'thead-clk-fixes' of https://git.kernel.org/pub/scm/linux/kernel/git/fustini/linux.git thead-clk-fixes/thead-clk-fixes
Already up to date.
Merging tenstorrent-clk-fixes/tenstorrent-clk-fixes (6de23f81a5e08 Linux 7.0-rc1)
$ git merge -m Merge branch 'tenstorrent-clk-fixes' of https://git.kernel.org/pub/scm/linux/kernel/git/tenstorrent/linux.git tenstorrent-clk-fixes/tenstorrent-clk-fixes
Already up to date.
Merging fustini-config-fixes/riscv-config-fixes (254f49634ee16 Linux 7.1-rc1)
$ git merge -m Merge branch 'riscv-config-fixes' of https://git.kernel.org/pub/scm/linux/kernel/git/fustini/linux.git fustini-config-fixes/riscv-config-fixes
Already up to date.
Merging pwrseq-fixes/pwrseq/for-current (dc59e4fea9d83 Linux 7.2-rc1)
$ git merge -m Merge branch 'pwrseq/for-current' of https://git.kernel.org/pub/scm/linux/kernel/git/brgl/linux.git pwrseq-fixes/pwrseq/for-current
Already up to date.
Merging thead-dt-fixes/thead-dt-fixes (254f49634ee16 Linux 7.1-rc1)
$ git merge -m Merge branch 'thead-dt-fixes' of https://git.kernel.org/pub/scm/linux/kernel/git/fustini/linux.git thead-dt-fixes/thead-dt-fixes
Already up to date.
Merging ftrace-fixes/ftrace/fixes (1650a1b6cb1ae fgraph: Check ftrace_pids_enabled on registration for early filtering)
$ git merge -m Merge branch 'ftrace/fixes' of https://git.kernel.org/pub/scm/linux/kernel/git/trace/linux-trace.git ftrace-fixes/ftrace/fixes
Already up to date.
Merging ring-buffer-fixes/ring-buffer/fixes (057caace5214d tracing: Create output file from cmd_check_undefined)
$ git merge -m Merge branch 'ring-buffer/fixes' of https://git.kernel.org/pub/scm/linux/kernel/git/trace/linux-trace.git ring-buffer-fixes/ring-buffer/fixes
Already up to date.
Merging trace-fixes/trace/fixes (9cbc3d9806d31 tracing: Remove trace_printk.h from kernel.h)
$ git merge -m Merge branch 'trace/fixes' of https://git.kernel.org/pub/scm/linux/kernel/git/trace/linux-trace.git trace-fixes/trace/fixes
Merge made by the 'ort' strategy.
 arch/powerpc/kvm/book3s_xics.c         |  1 +
 arch/powerpc/xmon/xmon.c               |  1 +
 arch/s390/kernel/ipl.c                 |  1 +
 arch/s390/kernel/machine_kexec.c       |  1 +
 drivers/gpu/drm/i915/gt/intel_gtt.h    |  1 +
 drivers/gpu/drm/i915/i915_gem.h        |  2 ++
 drivers/hwtracing/stm/dummy_stm.c      |  1 +
 drivers/infiniband/hw/hfi1/trace_dbg.h |  1 +
 drivers/tty/sysrq.c                    |  1 +
 drivers/usb/early/xhci-dbc.c           |  1 +
 fs/ext4/inline.c                       |  1 +
 include/linux/ftrace.h                 |  2 ++
 include/linux/kernel.h                 |  1 -
 include/linux/sunrpc/debug.h           |  1 +
 include/linux/trace_controls.h         | 54 ++++++++++++++++++++++++++++++++
 include/linux/trace_printk.h           | 56 ++--------------------------------
 kernel/debug/debug_core.c              |  1 +
 kernel/panic.c                         |  1 +
 kernel/rcu/rcu.h                       |  2 ++
 kernel/rcu/rcutorture.c                |  1 +
 kernel/trace/ring_buffer_benchmark.c   |  1 +
 kernel/trace/trace.h                   |  1 +
 kernel/trace/trace_benchmark.c         |  1 +
 lib/sys_info.c                         |  1 +
 samples/fprobe/fprobe_example.c        |  1 +
 samples/ftrace/ftrace-direct-too.c     |  1 -
 samples/trace_printk/trace-printk.c    |  1 +
 27 files changed, 83 insertions(+), 55 deletions(-)
 create mode 100644 include/linux/trace_controls.h
Merging tracefs-fixes/tracefs/fixes (07004a8c4b572 eventfs: Hold eventfs_mutex and SRCU when remount walks events)
$ git merge -m Merge branch 'tracefs/fixes' of https://git.kernel.org/pub/scm/linux/kernel/git/trace/linux-trace.git tracefs-fixes/tracefs/fixes
Already up to date.
Merging spacemit-fixes/fixes (dc59e4fea9d83 Linux 7.2-rc1)
$ git merge -m Merge branch 'fixes' of https://github.com/spacemit-com/linux spacemit-fixes/fixes
Already up to date.
Merging tip-fixes/tip/urgent (4cfa1a8148377 Merge branch into tip/master: 'x86/urgent')
$ git merge -m Merge branch 'tip/urgent' of https://git.kernel.org/pub/scm/linux/kernel/git/tip/tip.git tip-fixes/tip/urgent
Merge made by the 'ort' strategy.
 arch/x86/mm/ident_map.c | 2 +-
 1 file changed, 1 insertion(+), 1 deletion(-)
Merging slab-fixes/slab/for-next-fixes (67ea9d353d0ba mm/slub: hold cpus_read_lock around flush_rcu_sheaves_on_cache())
$ git merge -m Merge branch 'slab/for-next-fixes' of https://git.kernel.org/pub/scm/linux/kernel/git/vbabka/slab.git slab-fixes/slab/for-next-fixes
Already up to date.
Merging kexec-fixes/kexec-fixes (dc59e4fea9d83 Linux 7.2-rc1)
$ git merge -m Merge branch 'kexec-fixes' of https://git.kernel.org/pub/scm/linux/kernel/git/liveupdate/linux.git kexec-fixes/kexec-fixes
Already up to date.
Merging liveupdate-fixes/fixes (dc59e4fea9d83 Linux 7.2-rc1)
$ git merge -m Merge branch 'fixes' of https://git.kernel.org/pub/scm/linux/kernel/git/liveupdate/linux.git liveupdate-fixes/fixes
Already up to date.
Merging drm-msm-fixes/msm-fixes (db339b6bc9f23 dt-bindings: display/msm: Fix typo in clock-names property)
$ git merge -m Merge branch 'msm-fixes' of https://gitlab.freedesktop.org/drm/msm.git drm-msm-fixes/msm-fixes
Already up to date.
Merging uml-fixes/fixes (254f49634ee16 Linux 7.1-rc1)
$ git merge -m Merge branch 'fixes' of https://git.kernel.org/pub/scm/linux/kernel/git/uml/linux.git uml-fixes/fixes
Already up to date.
Merging fwctl-fixes/for-rc (e7ae89a0c97ce Linux 7.1-rc5)
$ git merge -m Merge branch 'for-rc' of https://git.kernel.org/pub/scm/linux/kernel/git/fwctl/fwctl.git fwctl-fixes/for-rc
Already up to date.
Merging devsec-tsm-fixes/fixes (c3fd16c3b98ed virt: tdx-guest: Fix handling of host controlled 'quote' buffer length)
$ git merge -m Merge branch 'fixes' of https://git.kernel.org/pub/scm/linux/kernel/git/devsec/tsm.git devsec-tsm-fixes/fixes
Already up to date.
Merging drm-rust-fixes/for-linux-next-fixes (dc59e4fea9d83 Linux 7.2-rc1)
$ git merge -m Merge branch 'for-linux-next-fixes' of https://gitlab.freedesktop.org/drm/rust/kernel.git drm-rust-fixes/for-linux-next-fixes
Already up to date.
Merging tenstorrent-dt-fixes/tenstorrent-dt-fixes (6de23f81a5e08 Linux 7.0-rc1)
$ git merge -m Merge branch 'tenstorrent-dt-fixes' of https://git.kernel.org/pub/scm/linux/kernel/git/tenstorrent/linux.git tenstorrent-dt-fixes/tenstorrent-dt-fixes
Already up to date.
Merging nfc-fixes/for-linus (e87faad807329 nfc: nci: fix out-of-bounds write in nci_target_auto_activated())
$ git merge -m Merge branch 'for-linus' of https://codeberg.org/linux-nfc/linux.git nfc-fixes/for-linus
Merge made by the 'ort' strategy.
 net/nfc/digital_technology.c |  2 ++
 net/nfc/llcp_commands.c      | 18 ++++++++++++++++--
 net/nfc/llcp_core.c          | 29 +++++++++++++++++++++--------
 net/nfc/llcp_sock.c          | 14 +++++++++++---
 net/nfc/nci/data.c           | 10 +++++-----
 net/nfc/nci/ntf.c            | 32 ++++++++++++++++++++++++++++----
 net/nfc/nci/rsp.c            | 28 ++++++++++++++++++++++++++--
 7 files changed, 109 insertions(+), 24 deletions(-)
Merging drm-misc-fixes/for-linux-next-fixes (4e1a53892ba7f drm/virtio: bound EDID block reads to the response buffer)
$ git merge -m Merge branch 'for-linux-next-fixes' of https://gitlab.freedesktop.org/drm/misc/kernel.git drm-misc-fixes/for-linux-next-fixes
Merge made by the 'ort' strategy.
 drivers/accel/amdxdna/amdxdna_iommu.c   | 43 ++++++++++++++++++++++-----------
 drivers/accel/amdxdna/amdxdna_pci_drv.c | 38 +++++++++++++----------------
 drivers/accel/amdxdna/amdxdna_pci_drv.h |  1 +
 drivers/dma-buf/dma-fence-unwrap.c      |  3 +++
 drivers/dma-buf/dma-fence.c             |  6 ++---
 drivers/gpu/drm/virtio/virtgpu_vq.c     |  3 ++-
 include/drm/display/drm_dp_helper.h     |  1 +
 include/drm/drm_fixed.h                 |  3 ++-
 include/drm/drm_ras.h                   |  2 ++
 9 files changed, 60 insertions(+), 40 deletions(-)
Merging rust/rust-next (dc59e4fea9d83 Linux 7.2-rc1)
$ git merge -m Merge branch 'rust-next' of https://github.com/Rust-for-Linux/linux.git rust/rust-next
Already up to date.
Merging rust-interop/interop-next (05f7e89ab9731 Linux 6.19)
$ git merge -m Merge branch 'interop-next' of https://github.com/Rust-for-Linux/linux.git rust-interop/interop-next
Already up to date.
Merging rust-alloc/alloc-next (dc59e4fea9d83 Linux 7.2-rc1)
$ git merge -m Merge branch 'alloc-next' of https://github.com/Rust-for-Linux/linux.git rust-alloc/alloc-next
Already up to date.
Merging rust-io/io-next (86731a2a651e5 Linux 6.16-rc3)
$ git merge -m Merge branch 'io-next' of https://github.com/Rust-for-Linux/linux.git rust-io/io-next
Already up to date.
Merging rust-pin-init/pin-init-next (dc59e4fea9d83 Linux 7.2-rc1)
$ git merge -m Merge branch 'pin-init-next' of https://github.com/Rust-for-Linux/linux.git rust-pin-init/pin-init-next
Already up to date.
Merging rust-timekeeping/timekeeping-next (ddb1444d33351 hrtimer: add usage examples to documentation)
$ git merge -m Merge branch 'timekeeping-next' of https://github.com/Rust-for-Linux/linux.git rust-timekeeping/timekeeping-next
Already up to date.
Merging rust-xarray/xarray-next (c455f19bbe610 rust: xarray: add __rust_helper to helpers)
$ git merge -m Merge branch 'xarray-next' of https://github.com/Rust-for-Linux/linux.git rust-xarray/xarray-next
Already up to date.
Merging rust-analyzer/rust-analyzer-next (5f45afb8ab04d scripts: generate_rust_analyzer.py: pass cfg to macros crate)
$ git merge -m Merge branch 'rust-analyzer-next' of https://github.com/Rust-for-Linux/linux.git rust-analyzer/rust-analyzer-next
Auto-merging scripts/generate_rust_analyzer.py
Merge made by the 'ort' strategy.
 scripts/generate_rust_analyzer.py | 1 +
 1 file changed, 1 insertion(+)
Merging mm-stable/mm-stable (dc59e4fea9d83 Linux 7.2-rc1)
$ git merge -m Merge branch 'mm-stable' of https://git.kernel.org/pub/scm/linux/kernel/git/akpm/mm mm-stable/mm-stable
Already up to date.
Merging mm-nonmm-stable/mm-nonmm-stable (dc59e4fea9d83 Linux 7.2-rc1)
$ git merge -m Merge branch 'mm-nonmm-stable' of https://git.kernel.org/pub/scm/linux/kernel/git/akpm/mm mm-nonmm-stable/mm-nonmm-stable
Already up to date.
Merging mm-unstable/mm-unstable (93c262a630bae mm: fix CONFIG_STACK_GROWSUP typo in tools/testing/vma/include/dup.h)
$ git merge -m Merge branch 'mm-unstable' of https://git.kernel.org/pub/scm/linux/kernel/git/akpm/mm mm-unstable/mm-unstable
Auto-merging MAINTAINERS
Merge made by the 'ort' strategy.
 CREDITS                                      |   4 +
 Documentation/admin-guide/mm/pagemap.rst     |   8 +-
 Documentation/admin-guide/sysctl/vm.rst      |  80 +++++++
 Documentation/core-api/mm-api.rst            |   1 +
 Documentation/driver-api/basics.rst          |   3 +
 Documentation/mm/page_owner.rst              |  77 ++++++-
 MAINTAINERS                                  |  21 +-
 arch/arm64/include/asm/vmalloc.h             |   6 +-
 arch/arm64/mm/hugetlbpage.c                  |  10 +
 arch/csky/abiv1/inc/abi/cacheflush.h         |   7 +-
 arch/powerpc/mm/book3s64/radix_pgtable.c     |   7 +-
 arch/powerpc/mm/hugetlbpage.c                |  13 +-
 drivers/base/arch_numa.c                     |   4 -
 include/asm-generic/fixmap.h                 |   4 +-
 include/asm-generic/getorder.h               |   4 +-
 include/asm-generic/memory_model.h           |   4 +-
 include/asm-generic/mmu.h                    |   2 +-
 include/asm-generic/pgtable-nop4d.h          |   4 +-
 include/asm-generic/pgtable-nopmd.h          |   4 +-
 include/asm-generic/pgtable-nopud.h          |   4 +-
 include/linux/hugetlb.h                      |  33 ++-
 include/linux/hugetlb_cgroup.h               |   2 +-
 include/linux/migrate.h                      |   6 +-
 include/linux/migrate_mode.h                 |   1 +
 include/linux/mm.h                           |   1 +
 include/linux/mmzone.h                       |  11 +-
 include/linux/page-flags.h                   |  14 --
 include/linux/page_owner.h                   |   7 +-
 include/linux/percpu-refcount.h              |   5 +-
 include/linux/pfn.h                          |   2 +-
 include/linux/pgtable.h                      |   4 +-
 include/linux/radix-tree.h                   |   5 +-
 include/linux/vmalloc.h                      |   4 +-
 include/linux/writeback.h                    |   2 +-
 include/trace/events/migrate.h               |  11 +-
 include/trace/events/pagemap.h               |   8 +
 lib/Kconfig.debug                            |  28 ---
 lib/Makefile                                 |   1 -
 lib/percpu-refcount.c                        |   2 +-
 mm/Kconfig.debug                             |  28 +++
 mm/Makefile                                  |   1 +
 {lib => mm}/alloc_tag.c                      |   0
 mm/cma.c                                     |   3 +-
 mm/filemap.c                                 |  36 ++--
 mm/hugetlb.c                                 | 268 +++++++++++------------
 mm/hugetlb_cma.c                             |  44 ++--
 mm/hugetlb_cma.h                             |   8 +-
 mm/hugetlb_vmemmap.c                         | 134 +++---------
 mm/hugetlb_vmemmap.h                         |   5 -
 mm/internal.h                                |  14 +-
 mm/kasan/hw_tags.c                           |   2 +-
 mm/kmemleak.c                                |  91 ++++++--
 mm/ksm.c                                     |  17 +-
 mm/memcontrol-v1.h                           |   6 -
 mm/memcontrol.c                              |   4 +-
 mm/memory-failure.c                          | 106 +++++++--
 mm/migrate.c                                 |  12 +-
 mm/migrate_device.c                          |   2 +-
 mm/mincore.c                                 |  11 +-
 mm/mlock.c                                   |   2 +-
 mm/mm_init.c                                 |  86 +++-----
 mm/mprotect.c                                |  21 +-
 mm/page_alloc.c                              |  25 +--
 mm/page_owner.c                              | 311 +++++++++++++++++++++------
 mm/percpu-vm.c                               |  48 +++--
 mm/percpu.c                                  |  20 +-
 mm/shmem.c                                   |   1 +
 mm/sparse-vmemmap.c                          |  26 ++-
 mm/sparse.c                                  |  48 +----
 mm/swap.c                                    |  21 +-
 mm/swap.h                                    |   4 +-
 mm/swapfile.c                                |  16 +-
 mm/vmalloc.c                                 | 274 +++++++++++++++++------
 mm/zsmalloc.c                                | 228 ++++++++++++++++----
 tools/mm/.gitignore                          |   1 +
 tools/mm/Makefile                            |   4 +-
 tools/mm/page_owner_filter.c                 | 310 ++++++++++++++++++++++++++
 tools/testing/selftests/mm/Makefile          |   4 +
 tools/testing/selftests/mm/hwpoison-panic.sh | 249 +++++++++++++++++++++
 tools/testing/vma/include/dup.h              |   2 +-
 80 files changed, 2058 insertions(+), 849 deletions(-)
 rename {lib => mm}/alloc_tag.c (100%)
 create mode 100644 tools/mm/page_owner_filter.c
 create mode 100755 tools/testing/selftests/mm/hwpoison-panic.sh
$ git am -3 ../patches/0001-mm-Fix-up-build-for-uninitialised-pte.patch
Applying: mm: Fix up build for uninitialised pte
Using index info to reconstruct a base tree...
M	mm/khugepaged.c
Falling back to patching base and 3-way merge...
Auto-merging mm/khugepaged.c
No changes -- Patch already applied.
Merging mm-nonmm-unstable/mm-nonmm-unstable (2a37ffb4700c8 kernel: refactor: shorten has_pending_signals)
$ git merge -m Merge branch 'mm-nonmm-unstable' of https://git.kernel.org/pub/scm/linux/kernel/git/akpm/mm mm-nonmm-unstable/mm-nonmm-unstable
Auto-merging lib/Kconfig.debug
Merge made by the 'ort' strategy.
 arch/riscv/include/asm/pgtable.h   |   9 +-
 drivers/media/v4l2-core/v4l2-vp9.c |  30 ++---
 fs/fat/misc.c                      |   4 +
 fs/ocfs2/cluster/heartbeat.c       |  43 ++++--
 fs/ocfs2/cluster/nodemanager.c     |  19 ++-
 fs/ocfs2/cluster/nodemanager.h     |   2 +
 fs/ocfs2/namei.c                   |   6 +-
 fs/ramfs/file-nommu.c              |   3 +
 include/linux/nmi.h                |   4 +-
 ipc/ipc_sysctl.c                   |   2 +-
 kernel/params.c                    |   4 +-
 kernel/resource.c                  |   2 +-
 kernel/signal.c                    |  36 ++---
 kernel/watchdog.c                  |  16 +--
 lib/Kconfig.debug                  |  17 +++
 lib/idr.c                          |  55 ++++----
 lib/math/tests/Makefile            |   1 +
 lib/math/tests/polynomial_kunit.c  | 270 +++++++++++++++++++++++++++++++++++++
 lib/string.c                       |   3 +-
 lib/test_ida.c                     |  14 ++
 lib/xz/xz_dec_bcj.c                |   2 +-
 lib/xz/xz_dec_lzma2.c              |  63 +++++----
 lib/xz/xz_dec_stream.c             |   4 +-
 lib/xz/xz_lzma2.h                  |   2 +-
 24 files changed, 465 insertions(+), 146 deletions(-)
 create mode 100644 lib/math/tests/polynomial_kunit.c
Merging kbuild/kbuild-for-next (dc59e4fea9d83 Linux 7.2-rc1)
$ git merge -m Merge branch 'kbuild-for-next' of https://git.kernel.org/pub/scm/linux/kernel/git/kbuild/linux.git kbuild/kbuild-for-next
Already up to date.
Merging clang-format/clang-format (8f0b4cce4481f Linux 6.19-rc1)
$ git merge -m Merge branch 'clang-format' of https://github.com/ojeda/linux.git clang-format/clang-format
Already up to date.
Merging perf/perf-tools-next (535c327f22a28 perf python: Add LiveSession helper)
$ git merge -m Merge branch 'perf-tools-next' of https://git.kernel.org/pub/scm/linux/kernel/git/perf/perf-tools-next.git perf/perf-tools-next
Merge made by the 'ort' strategy.
 tools/perf/Makefile.perf                    |    7 +-
 tools/perf/arch/arm/util/cs-etm.c           |   10 +-
 tools/perf/arch/arm64/util/arm-spe.c        |    8 +-
 tools/perf/arch/arm64/util/hisi-ptt.c       |    2 +-
 tools/perf/arch/x86/tests/hybrid.c          |   22 +-
 tools/perf/arch/x86/tests/topdown.c         |    4 +-
 tools/perf/arch/x86/util/auxtrace.c         |    2 +-
 tools/perf/arch/x86/util/intel-bts.c        |    6 +-
 tools/perf/arch/x86/util/intel-pt.c         |    9 +-
 tools/perf/arch/x86/util/iostat.c           |   14 +-
 tools/perf/bench/evlist-open-close.c        |   29 +-
 tools/perf/builtin-annotate.c               |    7 +-
 tools/perf/builtin-ftrace.c                 |   14 +-
 tools/perf/builtin-inject.c                 |    9 +-
 tools/perf/builtin-kvm.c                    |   14 +-
 tools/perf/builtin-kwork.c                  |    8 +-
 tools/perf/builtin-lock.c                   |    4 +-
 tools/perf/builtin-record.c                 |   95 +-
 tools/perf/builtin-report.c                 |    6 +-
 tools/perf/builtin-sched.c                  |   30 +-
 tools/perf/builtin-script.c                 |   15 +-
 tools/perf/builtin-stat.c                   |   83 +-
 tools/perf/builtin-top.c                    |  104 +-
 tools/perf/builtin-trace.c                  |   65 +-
 tools/perf/python/perf.pyi                  |  672 +++++++
 tools/perf/python/perf_live.py              |   59 +
 tools/perf/tests/backward-ring-buffer.c     |   26 +-
 tools/perf/tests/code-reading.c             |   14 +-
 tools/perf/tests/event-times.c              |    6 +-
 tools/perf/tests/event_update.c             |    4 +-
 tools/perf/tests/evsel-roundtrip-name.c     |    8 +-
 tools/perf/tests/evsel-tp-sched.c           |    4 +-
 tools/perf/tests/expand-cgroup.c            |   12 +-
 tools/perf/tests/hists_cumulate.c           |    2 +-
 tools/perf/tests/hists_filter.c             |    2 +-
 tools/perf/tests/hists_link.c               |    2 +-
 tools/perf/tests/hists_output.c             |    2 +-
 tools/perf/tests/hwmon_pmu.c                |    7 +-
 tools/perf/tests/keep-tracking.c            |   10 +-
 tools/perf/tests/mmap-basic.c               |   24 +-
 tools/perf/tests/openat-syscall-all-cpus.c  |    6 +-
 tools/perf/tests/openat-syscall-tp-fields.c |   26 +-
 tools/perf/tests/openat-syscall.c           |    6 +-
 tools/perf/tests/parse-events.c             |  139 +-
 tools/perf/tests/parse-metric.c             |    8 +-
 tools/perf/tests/parse-no-sample-id-all.c   |    2 +-
 tools/perf/tests/perf-record.c              |   38 +-
 tools/perf/tests/perf-time-to-tsc.c         |   12 +-
 tools/perf/tests/pfm.c                      |   12 +-
 tools/perf/tests/pmu-events.c               |   11 +-
 tools/perf/tests/pmu.c                      |    4 +-
 tools/perf/tests/sample-parsing.c           |   45 +-
 tools/perf/tests/shell/lib/setup_python.sh  |   13 +
 tools/perf/tests/sw-clock.c                 |   20 +-
 tools/perf/tests/switch-tracking.c          |   11 +-
 tools/perf/tests/task-exit.c                |   20 +-
 tools/perf/tests/time-utils-test.c          |   14 +-
 tools/perf/tests/tool_pmu.c                 |    7 +-
 tools/perf/tests/topology.c                 |    4 +-
 tools/perf/tests/uncore-event-sorting.c     |    6 +-
 tools/perf/ui/browsers/annotate.c           |    2 +-
 tools/perf/ui/browsers/hists.c              |   22 +-
 tools/perf/util/Build                       |    1 -
 tools/perf/util/amd-sample-raw.c            |    2 +-
 tools/perf/util/annotate-data.c             |    2 +-
 tools/perf/util/annotate.c                  |   10 +-
 tools/perf/util/aslr.c                      |    1 +
 tools/perf/util/auxtrace.c                  |   14 +-
 tools/perf/util/block-info.c                |    4 +-
 tools/perf/util/bpf_counter.c               |    2 +-
 tools/perf/util/bpf_counter_cgroup.c        |   14 +-
 tools/perf/util/bpf_ftrace.c                |    9 +-
 tools/perf/util/bpf_lock_contention.c       |   12 +-
 tools/perf/util/bpf_off_cpu.c               |   44 +-
 tools/perf/util/bpf_trace_augment.c         |    8 +-
 tools/perf/util/cgroup.c                    |   26 +-
 tools/perf/util/cs-etm.c                    |    5 +-
 tools/perf/util/data-convert-bt.c           |    2 +-
 tools/perf/util/data.c                      |   27 +-
 tools/perf/util/data.h                      |    4 +-
 tools/perf/util/evlist.c                    |  494 +++---
 tools/perf/util/evlist.h                    |  273 ++-
 tools/perf/util/evsel.c                     |   39 +-
 tools/perf/util/evsel.h                     |   42 +-
 tools/perf/util/expr.c                      |    2 +-
 tools/perf/util/header.c                    |   69 +-
 tools/perf/util/header.h                    |    2 +-
 tools/perf/util/intel-pt.c                  |    8 +-
 tools/perf/util/intel-tpebs.c               |    7 +-
 tools/perf/util/iostat.c                    |    2 +-
 tools/perf/util/iostat.h                    |    2 +-
 tools/perf/util/map.h                       |    9 +-
 tools/perf/util/metricgroup.c               |   12 +-
 tools/perf/util/parse-events.c              |   10 +-
 tools/perf/util/parse-events.y              |    2 +-
 tools/perf/util/perf_api_probe.c            |   20 +-
 tools/perf/util/pfm.c                       |    4 +-
 tools/perf/util/print-events.c              |    2 +-
 tools/perf/util/python.c                    | 2502 +++++++++++++++++++++++----
 tools/perf/util/record.c                    |   11 +-
 tools/perf/util/s390-sample-raw.c           |   22 +-
 tools/perf/util/sample-raw.c                |    4 +-
 tools/perf/util/sample.c                    |   19 +-
 tools/perf/util/session.c                   |   69 +-
 tools/perf/util/session.h                   |    2 +
 tools/perf/util/setup.py                    |    5 +
 tools/perf/util/sideband_evlist.c           |   40 +-
 tools/perf/util/sort.c                      |    2 +-
 tools/perf/util/stat-display.c              |    6 +-
 tools/perf/util/stat-shadow.c               |   24 +-
 tools/perf/util/stat.c                      |   22 +-
 tools/perf/util/stream.c                    |    4 +-
 tools/perf/util/synthetic-events.c          |   11 +-
 tools/perf/util/time-utils.c                |   12 +-
 tools/perf/util/top.c                       |    4 +-
 115 files changed, 4434 insertions(+), 1360 deletions(-)
 create mode 100644 tools/perf/python/perf.pyi
 create mode 100755 tools/perf/python/perf_live.py
Merging compiler-attributes/compiler-attributes (8f0b4cce4481f Linux 6.19-rc1)
$ git merge -m Merge branch 'compiler-attributes' of https://github.com/ojeda/linux.git compiler-attributes/compiler-attributes
Already up to date.
Merging dma-mapping/dma-mapping-for-next (7318301e060e3 dma: map_benchmark: turn dma_sg_map_param buf into a flexible array)
$ git merge -m Merge branch 'dma-mapping-for-next' of https://git.kernel.org/pub/scm/linux/kernel/git/mszyprowski/linux.git dma-mapping/dma-mapping-for-next
Already up to date.
Merging asm-generic/master (adbbd9714f805 scripts: headers_install.sh: Remove config leak ignore machinery)
$ git merge -m Merge branch 'master' of https://git.kernel.org/pub/scm/linux/kernel/git/arnd/asm-generic asm-generic/master
Already up to date.
Merging alpha/alpha-next (d58041d2c63e0 MAINTAINERS: Add Magnus Lindholm as maintainer for alpha port)
$ git merge -m Merge branch 'alpha-next' of https://git.kernel.org/pub/scm/linux/kernel/git/mattst88/alpha.git alpha/alpha-next
Already up to date.
Merging arm/for-next (75ca78c7d982a Merge branches 'fixes' and 'misc' into for-next)
$ git merge -m Merge branch 'for-next' of https://git.kernel.org/pub/scm/linux/kernel/git/rmk/linux.git arm/for-next
Merge made by the 'ort' strategy.
 arch/arm/probes/kprobes/test-core.c | 14 +++-----------
 1 file changed, 3 insertions(+), 11 deletions(-)
Merging arm64/for-next/core (36fa5ffa60344 arm64: mm: Defer read-only remap of data/bss linear alias)
$ git merge -m Merge branch 'for-next/core' of https://git.kernel.org/pub/scm/linux/kernel/git/arm64/linux arm64/for-next/core
Already up to date.
Merging arm-perf/for-next/perf (5936245125f78 perf/arm-cmn: Fix DVM node events)
$ git merge -m Merge branch 'for-next/perf' of https://git.kernel.org/pub/scm/linux/kernel/git/will/linux.git arm-perf/for-next/perf
Already up to date.
Merging arm-soc/for-next (972ea78305bdd soc: document merges)
$ git merge -m Merge branch 'for-next' of https://git.kernel.org/pub/scm/linux/kernel/git/soc/soc.git arm-soc/for-next
Merge made by the 'ort' strategy.
 arch/arm/arm-soc-for-next-contents.txt | 200 +++++++++++++++++++++++++++++++++
 1 file changed, 200 insertions(+)
 create mode 100644 arch/arm/arm-soc-for-next-contents.txt
Merging amlogic/for-next (3cb796512f5a1 Merge branch 'v7.2/arm64-dt' into for-next)
$ git merge -m Merge branch 'for-next' of https://git.kernel.org/pub/scm/linux/kernel/git/amlogic/linux.git amlogic/for-next
Merge made by the 'ort' strategy.
Merging asahi-soc/asahi-soc/for-next (31f24e4f6b1ac Merge branch 'apple-soc/dt-7.2' into asahi-soc/for-next)
$ git merge -m Merge branch 'asahi-soc/for-next' of https://github.com/AsahiLinux/linux.git asahi-soc/asahi-soc/for-next
Merge made by the 'ort' strategy.
Merging at91/at91-next (6d892f8d5cd9f Merge branch 'clk-microchip-fixes' into at91-next)
$ git merge -m Merge branch 'at91-next' of https://git.kernel.org/pub/scm/linux/kernel/git/at91/linux.git at91/at91-next
Merge made by the 'ort' strategy.
Merging bmc/for-next (40ae2e16214ad Merge branch 'nuvoton/arm/dt' into for-next)
$ git merge -m Merge branch 'for-next' of https://git.kernel.org/pub/scm/linux/kernel/git/bmc/linux.git bmc/for-next
Merge made by the 'ort' strategy.
 arch/arm/boot/dts/nuvoton/nuvoton-common-npcm7xx.dtsi | 9 +++------
 1 file changed, 3 insertions(+), 6 deletions(-)
Merging broadcom/next (f705b0c80bab1 arm: dts: bcm2711: Fix typo in gpio-line-names)
$ git merge -m Merge branch 'next' of https://github.com/Broadcom/stblinux.git broadcom/next
Merge made by the 'ort' strategy.
Merging cix/for-next (a0cffbd8878c5 Merge remote-tracking branch 'cix/dt' into for-next)
$ git merge -m Merge branch 'for-next' of https://git.kernel.org/pub/scm/linux/kernel/git/peter.chen/cix.git cix/for-next
Merge made by the 'ort' strategy.
Merging davinci/davinci/for-next (dc59e4fea9d83 Linux 7.2-rc1)
$ git merge -m Merge branch 'davinci/for-next' of https://git.kernel.org/pub/scm/linux/kernel/git/brgl/linux.git davinci/davinci/for-next
Already up to date.
Merging drivers-memory/for-next (dc59e4fea9d83 Linux 7.2-rc1)
$ git merge -m Merge branch 'for-next' of https://git.kernel.org/pub/scm/linux/kernel/git/krzk/linux-mem-ctrl.git drivers-memory/for-next
Already up to date.
Merging fsl/soc_fsl (c99d8ac7b355c bus: fsl-mc: wait for the MC firmware to complete its boot)
$ git merge -m Merge branch 'soc_fsl' of https://git.kernel.org/pub/scm/linux/kernel/git/chleroy/linux.git fsl/soc_fsl
Auto-merging drivers/irqchip/Kconfig
Auto-merging drivers/irqchip/Makefile
Auto-merging drivers/irqchip/irq-gic-its-msi-parent.c
Merge made by the 'ort' strategy.
Merging imx-mxs/for-next (6d1a5ede11552 Merge branches 'imx/dt-bindings' and 'imx/dt64' into for-next)
$ git merge -m Merge branch 'for-next' of https://git.kernel.org/pub/scm/linux/kernel/git/frank.li/linux.git imx-mxs/for-next
Auto-merging Documentation/devicetree/bindings/display/bridge/lvds-codec.yaml
Merge made by the 'ort' strategy.
 Documentation/ABI/testing/se-cdev                  |   44 +
 .../devicetree/bindings/firmware/fsl,imx-se.yaml   |   91 ++
 .../driver-api/firmware/other_interfaces.rst       |  133 +++
 drivers/firmware/imx/Kconfig                       |   13 +
 drivers/firmware/imx/Makefile                      |    2 +
 drivers/firmware/imx/ele_base_msg.c                |  305 +++++
 drivers/firmware/imx/ele_base_msg.h                |  117 ++
 drivers/firmware/imx/ele_common.c                  |  373 ++++++
 drivers/firmware/imx/ele_common.h                  |   51 +
 drivers/firmware/imx/se_ctrl.c                     | 1183 ++++++++++++++++++++
 drivers/firmware/imx/se_ctrl.h                     |  129 +++
 include/linux/firmware/imx/se_api.h                |   14 +
 include/uapi/linux/se_ioctl.h                      |   97 ++
 13 files changed, 2552 insertions(+)
 create mode 100644 Documentation/ABI/testing/se-cdev
 create mode 100644 Documentation/devicetree/bindings/firmware/fsl,imx-se.yaml
 create mode 100644 drivers/firmware/imx/ele_base_msg.c
 create mode 100644 drivers/firmware/imx/ele_base_msg.h
 create mode 100644 drivers/firmware/imx/ele_common.c
 create mode 100644 drivers/firmware/imx/ele_common.h
 create mode 100644 drivers/firmware/imx/se_ctrl.c
 create mode 100644 drivers/firmware/imx/se_ctrl.h
 create mode 100644 include/linux/firmware/imx/se_api.h
 create mode 100644 include/uapi/linux/se_ioctl.h
Merging mediatek/for-next (11883fdc73a1c Merge branch 'v7.1-next/dts64' into for-next)
$ git merge -m Merge branch 'for-next' of https://git.kernel.org/pub/scm/linux/kernel/git/mediatek/linux.git mediatek/for-next
Auto-merging arch/arm64/configs/defconfig
Merge made by the 'ort' strategy.
 arch/arm64/configs/defconfig | 2 ++
 1 file changed, 2 insertions(+)
Merging mvebu/for-next (3ea0dabfa4500 Merge branch 'mvebu/dt64' into mvebu/for-next)
$ git merge -m Merge branch 'for-next' of https://git.kernel.org/pub/scm/linux/kernel/git/gclement/mvebu.git mvebu/for-next
Merge made by the 'ort' strategy.
 arch/arm64/boot/dts/marvell/armada-37xx.dtsi | 1 +
 1 file changed, 1 insertion(+)
Merging omap/for-next (f338cc54e10ab Merge branch 'omap-for-v7.3/drivers' into tmp/omap-next-20260629.131449)
$ git merge -m Merge branch 'for-next' of https://git.kernel.org/pub/scm/linux/kernel/git/khilman/linux-omap.git omap/for-next
Merge made by the 'ort' strategy.
 arch/arm/boot/dts/ti/davinci/da850-lcdk.dts        |   2 +-
 arch/arm/boot/dts/ti/omap/Makefile                 |   4 +
 .../dts/ti/omap/am335x-icev2-prueth-overlay.dtso   | 156 +++++++++++++++++++++
 arch/arm/boot/dts/ti/omap/am33xx-l4.dtsi           |  13 +-
 arch/arm/boot/dts/ti/omap/am3517-evm.dts           |   2 +-
 arch/arm/boot/dts/ti/omap/am4372.dtsi              |  11 ++
 arch/arm/boot/dts/ti/omap/am437x-idk-evm.dts       | 103 +++++++++++++-
 arch/arm/boot/dts/ti/omap/am437x-l4.dtsi           |   2 +-
 arch/arm/boot/dts/ti/omap/am57-pruss.dtsi          |  11 ++
 arch/arm/boot/dts/ti/omap/am571x-idk.dts           |   8 +-
 arch/arm/boot/dts/ti/omap/am5729-beagleboneai.dts  |   2 +-
 arch/arm/boot/dts/ti/omap/am572x-idk.dts           |  10 +-
 arch/arm/boot/dts/ti/omap/am574x-idk.dts           |  10 +-
 arch/arm/boot/dts/ti/omap/am57xx-idk-common.dtsi   |  61 ++++++++
 arch/arm/boot/dts/ti/omap/dm814x.dtsi              |   2 +-
 arch/arm/boot/dts/ti/omap/dm816x.dtsi              |   2 +-
 arch/arm/boot/dts/ti/omap/dra7-l4.dtsi             |   2 +-
 arch/arm/boot/dts/ti/omap/omap2430.dtsi            |   2 +-
 arch/arm/boot/dts/ti/omap/omap3.dtsi               |   2 +-
 arch/arm/boot/dts/ti/omap/omap4-l4.dtsi            |   2 +-
 arch/arm/boot/dts/ti/omap/omap4-panda-es.dts       |   2 +-
 arch/arm/boot/dts/ti/omap/omap4-var-som-om44.dtsi  |  14 ++
 arch/arm/boot/dts/ti/omap/omap5-l4.dtsi            |   6 +-
 arch/arm/configs/multi_v7_defconfig                |   2 +
 arch/arm/configs/omap2plus_defconfig               |  11 ++
 arch/arm/mach-omap2/omap_hwmod.c                   |  26 ++--
 arch/arm/mach-omap2/sleep44xx.S                    |   5 +-
 27 files changed, 438 insertions(+), 35 deletions(-)
 create mode 100644 arch/arm/boot/dts/ti/omap/am335x-icev2-prueth-overlay.dtso
Merging qcom/for-next (8a4062d204752 Merge branches 'arm64-defconfig-fixes-for-7.1', 'arm64-fixes-for-7.1', 'arm64-for-7.2', 'clk-fixes-for-7.1', 'clk-for-7.2', 'drivers-fixes-for-7.1' and 'drivers-for-7.2' into for-next)
$ git merge -m Merge branch 'for-next' of https://git.kernel.org/pub/scm/linux/kernel/git/qcom/linux.git qcom/for-next
Merge made by the 'ort' strategy.
Merging renesas/next (30d3a7db74710 Merge branch 'renesas-dts-for-v7.3' into renesas-next)
$ git merge -m Merge branch 'next' of https://git.kernel.org/pub/scm/linux/kernel/git/geert/renesas-devel.git renesas/next
Merge made by the 'ort' strategy.
 arch/arm/boot/dts/renesas/r8a7740.dtsi             |  12 +-
 .../arm/boot/dts/renesas/r9a06g032-rzn1d400-eb.dts |  25 +
 arch/arm/boot/dts/renesas/r9a06g032.dtsi           |  84 ++++
 arch/arm/mach-shmobile/regulator-quirk-rcar-gen2.c |  10 +-
 arch/arm/mach-shmobile/setup-rcar-gen2.c           |   9 +-
 arch/arm64/boot/dts/renesas/r8a774a1.dtsi          |   2 +-
 arch/arm64/boot/dts/renesas/r8a774b1.dtsi          |   2 +-
 arch/arm64/boot/dts/renesas/r8a774e1.dtsi          |   2 +-
 arch/arm64/boot/dts/renesas/r8a77960.dtsi          |   2 +-
 arch/arm64/boot/dts/renesas/r8a77961.dtsi          |   2 +-
 .../arm64/boot/dts/renesas/r8a77965-salvator-x.dts |   4 +
 .../boot/dts/renesas/r8a77965-salvator-xs.dts      |   4 +
 arch/arm64/boot/dts/renesas/r8a77965-ulcb.dts      |   4 +
 arch/arm64/boot/dts/renesas/r8a77965.dtsi          |   2 +-
 arch/arm64/boot/dts/renesas/r8a77970.dtsi          |   2 +-
 arch/arm64/boot/dts/renesas/r8a77980.dtsi          |   2 +-
 arch/arm64/boot/dts/renesas/r8a77995.dtsi          |   2 +-
 arch/arm64/boot/dts/renesas/r8a779g0.dtsi          |  17 +
 arch/arm64/boot/dts/renesas/r8a78000.dtsi          |  32 ++
 arch/arm64/boot/dts/renesas/r9a08g046.dtsi         |  69 +++
 arch/arm64/boot/dts/renesas/r9a08g046l48-smarc.dts |  78 +++
 arch/arm64/boot/dts/renesas/r9a09g047.dtsi         | 523 ++++++++++++++++++++-
 arch/arm64/boot/dts/renesas/r9a09g047e57-smarc.dts | 114 ++++-
 arch/arm64/boot/dts/renesas/r9a09g056.dtsi         |  20 +-
 arch/arm64/boot/dts/renesas/r9a09g057.dtsi         |  20 +-
 .../boot/dts/renesas/r9a09g077m44-rzt2h-evk.dts    | 144 ++++--
 .../boot/dts/renesas/r9a09g087m44-rzn2h-evk.dts    | 144 ++++--
 arch/arm64/boot/dts/renesas/rzg3e-smarc-som.dtsi   |  44 ++
 .../boot/dts/renesas/rzt2h-n2h-evk-common.dtsi     |  14 +
 29 files changed, 1270 insertions(+), 119 deletions(-)
Merging reset/reset/next (d373605cd5148 Merge tag 'reset-fixes-for-v7.0-2' into reset/next)
$ git merge -m Merge branch 'reset/next' of https://git.pengutronix.de/git/pza/linux reset/reset/next
Already up to date.
Merging rockchip/for-next (f0652a449b1db Merge branch 'v7.2-clk/fixes' into for-next)
$ git merge -m Merge branch 'for-next' of https://git.kernel.org/pub/scm/linux/kernel/git/mmind/linux-rockchip.git rockchip/for-next
Merge made by the 'ort' strategy.
 arch/arm64/boot/dts/rockchip/px30-cobra.dtsi  | 2 +-
 arch/arm64/boot/dts/rockchip/px30-pp1516.dtsi | 2 +-
 drivers/clk/rockchip/clk-rk3588.c             | 8 ++++----
 3 files changed, 6 insertions(+), 6 deletions(-)
Merging samsung-krzk/for-next (5346a27fed4d8 Merge branches 'next/drivers', 'next/dt', 'next/dt64' and 'next/soc' into for-next)
$ git merge -m Merge branch 'for-next' of https://git.kernel.org/pub/scm/linux/kernel/git/krzk/linux.git samsung-krzk/for-next
Merge made by the 'ort' strategy.
 .../soc/samsung/samsung,exynos-sysreg.yaml         |  1 +
 arch/arm/boot/dts/samsung/exynos5250-manta.dts     | 41 +++++++++++++++++++++-
 arch/arm/mach-s3c/map-base.h                       |  2 +-
 arch/arm64/boot/dts/exynos/exynosautov920.dtsi     |  6 ++++
 drivers/soc/samsung/exynos-pmu.c                   |  4 +--
 include/linux/serial_s3c.h                         |  4 +--
 6 files changed, 52 insertions(+), 6 deletions(-)
Merging scmi/for-linux-next (edb4db149ba0a Merge branch 'for-next/ffa/fixes' of git://git.kernel.org/pub/scm/linux/kernel/git/sudeep.holla/linux)
$ git merge -m Merge branch 'for-linux-next' of https://git.kernel.org/pub/scm/linux/kernel/git/sudeep.holla/linux.git scmi/for-linux-next
Merge made by the 'ort' strategy.
 drivers/firmware/arm_ffa/driver.c | 29 +++++++++++++++++++++--------
 1 file changed, 21 insertions(+), 8 deletions(-)
Merging sophgo/for-next (f7337210bede6 Merge branch 'dt/riscv' into for-next)
$ git merge -m Merge branch 'for-next' of https://github.com/sophgo/linux.git sophgo/for-next
Merge made by the 'ort' strategy.
Merging sophgo-soc/soc-for-next (c8754c7deab4c soc: sophgo: cv1800: rtcsys: New driver (handling RTC only))
$ git merge -m Merge branch 'soc-for-next' of https://github.com/sophgo/linux.git sophgo-soc/soc-for-next
Already up to date.
Merging spacemit/for-next (51ed53630915c clk: spacemit: k3: fix USB2 bus clock)
$ git merge -m Merge branch 'for-next' of https://github.com/spacemit-com/linux spacemit/for-next
Merge made by the 'ort' strategy.
 drivers/clk/spacemit/ccu-k3.c | 2 +-
 1 file changed, 1 insertion(+), 1 deletion(-)
Merging stm32/stm32-next (fba4a31a7f3b6 arm64: dts: st: Fix SAI addresses on stm32mp251)
$ git merge -m Merge branch 'stm32-next' of https://git.kernel.org/pub/scm/linux/kernel/git/atorgue/stm32.git stm32/stm32-next
Already up to date.
Merging sunxi/sunxi/for-next (5508b1e45bba2 Merge branches 'sunxi/config-for-7.3' and 'sunxi/dt-for-7.3' into sunxi/for-next)
$ git merge -m Merge branch 'sunxi/for-next' of https://git.kernel.org/pub/scm/linux/kernel/git/sunxi/linux.git sunxi/sunxi/for-next
Auto-merging arch/arm64/configs/defconfig
Merge made by the 'ort' strategy.
 Documentation/devicetree/bindings/arm/sunxi.yaml   |   6 +
 .../input/allwinner,sun4i-a10-lradc-keys.yaml      |   1 +
 .../devicetree/bindings/vendor-prefixes.yaml       |   2 +
 arch/arm64/boot/dts/allwinner/Makefile             |   1 +
 arch/arm64/boot/dts/allwinner/sun50i-a100.dtsi     |  10 ++
 .../allwinner/sun50i-a133-helperboard-core.dtsi    | 197 +++++++++++++++++++++
 .../boot/dts/allwinner/sun50i-a133-helperboard.dts | 148 ++++++++++++++++
 arch/arm64/configs/defconfig                       |   1 +
 8 files changed, 366 insertions(+)
 create mode 100644 arch/arm64/boot/dts/allwinner/sun50i-a133-helperboard-core.dtsi
 create mode 100644 arch/arm64/boot/dts/allwinner/sun50i-a133-helperboard.dts
Merging tee/next (a3067938fd192 Merge branches 'qcomtee_for_v7.3', 'optee_fix_for_v7.2' and 'jw-korg' into next)
$ git merge -m Merge branch 'next' of https://git.kernel.org/pub/scm/linux/kernel/git/jenswi/linux-tee.git tee/next
Auto-merging .mailmap
Auto-merging MAINTAINERS
Merge made by the 'ort' strategy.
 .mailmap                    | 1 +
 MAINTAINERS                 | 6 +++---
 drivers/tee/optee/ffa_abi.c | 3 +++
 drivers/tee/qcomtee/call.c  | 7 ++++++-
 4 files changed, 13 insertions(+), 4 deletions(-)
Merging tegra/for-next (3e854b92cc485 Merge branch for-7.2/arm64/dt into for-next)
$ git merge -m Merge branch 'for-next' of https://git.kernel.org/pub/scm/linux/kernel/git/tegra/linux.git tegra/for-next
Auto-merging drivers/gpu/drm/tegra/sor.c
Merge made by the 'ort' strategy.
 arch/arm64/boot/dts/nvidia/tegra234.dtsi | 24 ++++++++++++------------
 arch/arm64/boot/dts/nvidia/tegra264.dtsi |  4 ++--
 drivers/gpu/drm/tegra/sor.c              |  6 ++----
 drivers/soc/tegra/fuse/tegra-apbmisc.c   |  2 +-
 include/soc/tegra/pmc.h                  |  5 ++++-
 5 files changed, 21 insertions(+), 20 deletions(-)
Merging tenstorrent-dt/tenstorrent-dt-for-next (33583baeb1ba7 dt-bindings: iommu: riscv: Add bindings for Tenstorrent RISC-V IOMMU)
$ git merge -m Merge branch 'tenstorrent-dt-for-next' of https://git.kernel.org/pub/scm/linux/kernel/git/tenstorrent/linux.git tenstorrent-dt/tenstorrent-dt-for-next
Already up to date.
Merging fustini-config/riscv-config-for-next (fb266bbe9aef1 riscv: defconfig: thead: enable PCA953X GPIO driver)
$ git merge -m Merge branch 'riscv-config-for-next' of https://git.kernel.org/pub/scm/linux/kernel/git/fustini/linux.git fustini-config/riscv-config-for-next
Auto-merging arch/riscv/configs/defconfig
Merge made by the 'ort' strategy.
 arch/riscv/configs/defconfig | 2 ++
 1 file changed, 2 insertions(+)
Merging thead-dt/thead-dt-for-next (3a5791956edbf riscv: dts: thead: Enable wifi on the BeagleV-Ahead)
$ git merge -m Merge branch 'thead-dt-for-next' of https://git.kernel.org/pub/scm/linux/kernel/git/fustini/linux.git thead-dt/thead-dt-for-next
Already up to date.
Merging ti/ti-next (1b98f483adfd9 Merge branches 'ti-drivers-soc-next' and 'ti-k3-maintainer-next' into ti-next)
$ git merge -m Merge branch 'ti-next' of https://git.kernel.org/pub/scm/linux/kernel/git/ti/linux.git ti/ti-next
Auto-merging MAINTAINERS
Merge made by the 'ort' strategy.
 MAINTAINERS               | 1 +
 drivers/firmware/ti_sci.c | 4 ++++
 2 files changed, 5 insertions(+)
Merging xilinx/for-next (f608bce703fc3 arm64: versal-net: Switch Versal NET to firmware clock interface)
$ git merge -m Merge branch 'for-next' of https://github.com/Xilinx/linux-xlnx.git xilinx/for-next
Merge made by the 'ort' strategy.
 .../devicetree/bindings/clock/xlnx,versal-clk.yaml |  89 ++----
 .../devicetree/bindings/clock/xlnx,zynqmp-clk.yaml |  68 ++++
 .../firmware/xilinx/xlnx,zynqmp-firmware.yaml      |  15 +-
 arch/arm/boot/dts/xilinx/zynq-ebaz4205.dts         |   1 -
 arch/arm/boot/dts/xilinx/zynq-zc702.dts            |   2 -
 arch/arm/boot/dts/xilinx/zynq-zc706.dts            |   2 -
 arch/arm64/boot/dts/xilinx/versal-net-clk.dtsi     | 351 +++++++++++++++------
 arch/arm64/boot/dts/xilinx/xlnx-versal-clk.h       | 123 ++++++++
 arch/arm64/boot/dts/xilinx/xlnx-versal-net-clk.h   |  74 +++++
 arch/arm64/boot/dts/xilinx/xlnx-versal-net-power.h |  38 +++
 .../arm64/boot/dts/xilinx/xlnx-versal-net-resets.h |  53 ++++
 arch/arm64/boot/dts/xilinx/xlnx-versal-power.h     |  55 ++++
 arch/arm64/boot/dts/xilinx/xlnx-versal-resets.h    | 106 +++++++
 .../boot/dts/xilinx/zynqmp-sck-kv-g-revA.dtso      |   1 -
 .../boot/dts/xilinx/zynqmp-sck-kv-g-revB.dtso      |   1 -
 .../boot/dts/xilinx/zynqmp-zc1751-xm015-dc1.dts    |   4 -
 .../boot/dts/xilinx/zynqmp-zc1751-xm019-dc5.dts    |   2 -
 arch/arm64/boot/dts/xilinx/zynqmp-zcu100-revC.dts  |   1 -
 arch/arm64/boot/dts/xilinx/zynqmp-zcu102-revA.dts  |   2 -
 arch/arm64/boot/dts/xilinx/zynqmp-zcu104-revA.dts  |   1 -
 arch/arm64/boot/dts/xilinx/zynqmp-zcu104-revC.dts  |   1 -
 arch/arm64/boot/dts/xilinx/zynqmp-zcu106-revA.dts  |   2 -
 arch/arm64/boot/dts/xilinx/zynqmp-zcu111-revA.dts  |   1 -
 23 files changed, 798 insertions(+), 195 deletions(-)
 create mode 100644 Documentation/devicetree/bindings/clock/xlnx,zynqmp-clk.yaml
 create mode 100644 arch/arm64/boot/dts/xilinx/xlnx-versal-clk.h
 create mode 100644 arch/arm64/boot/dts/xilinx/xlnx-versal-net-clk.h
 create mode 100644 arch/arm64/boot/dts/xilinx/xlnx-versal-net-power.h
 create mode 100644 arch/arm64/boot/dts/xilinx/xlnx-versal-net-resets.h
 create mode 100644 arch/arm64/boot/dts/xilinx/xlnx-versal-power.h
 create mode 100644 arch/arm64/boot/dts/xilinx/xlnx-versal-resets.h
Merging socfpga/for-next (0764f42a8ba90 arm64: dts: socfpga: agilex5: update channel interrupts for gmac1 and gmac2)
$ git merge -m Merge branch 'for-next' of https://git.kernel.org/pub/scm/linux/kernel/git/dinguyen/linux.git socfpga/for-next
Merge made by the 'ort' strategy.
 Documentation/devicetree/bindings/arm/altera.yaml  |   6 +
 .../bindings/net/altr,socfpga-stmmac.yaml          |  46 +++++-
 arch/arm64/boot/dts/intel/Makefile                 |   1 +
 arch/arm64/boot/dts/intel/keembay-soc.dtsi         |   2 +-
 arch/arm64/boot/dts/intel/socfpga_agilex5.dtsi     | 112 ++++++++++++++-
 arch/arm64/boot/dts/intel/socfpga_agilex72.dtsi    | 156 +++++++++++++++++++++
 .../boot/dts/intel/socfpga_agilex72_socdk.dts      |  27 ++++
 7 files changed, 341 insertions(+), 9 deletions(-)
 create mode 100644 arch/arm64/boot/dts/intel/socfpga_agilex72.dtsi
 create mode 100644 arch/arm64/boot/dts/intel/socfpga_agilex72_socdk.dts
Merging clk/clk-next (92010229c4b38 Merge branches 'clk-microchip' and 'clk-qcom' into clk-next)
$ git merge -m Merge branch 'clk-next' of https://git.kernel.org/pub/scm/linux/kernel/git/clk/linux.git clk/clk-next
Already up to date.
Merging clk-imx/for-next (b3dcc8c608fbb clk: imx: Add audio PLL debugfs for K-divider control)
$ git merge -m Merge branch 'for-next' of https://git.kernel.org/pub/scm/linux/kernel/git/abelvesa/linux.git clk-imx/for-next
Merge made by the 'ort' strategy.
 drivers/clk/imx/clk-imx8mm.c  |   6 +++
 drivers/clk/imx/clk-pll14xx.c | 119 +++++++++++++++++++++++++++++++++++++++++-
 drivers/clk/imx/clk.h         |   1 +
 3 files changed, 125 insertions(+), 1 deletion(-)
Merging clk-renesas/renesas-clk (91fb464395437 dt-bindings: clock: renesas,versaclock7: Update maintainer)
$ git merge -m Merge branch 'renesas-clk' of https://git.kernel.org/pub/scm/linux/kernel/git/geert/renesas-drivers.git clk-renesas/renesas-clk
Auto-merging MAINTAINERS
Merge made by the 'ort' strategy.
 .../bindings/clock/renesas,rzv2h-cpg.yaml          |   6 +
 .../bindings/clock/renesas,versaclock7.yaml        |   2 +-
 MAINTAINERS                                        |   6 +-
 drivers/clk/renesas/Kconfig                        |   6 +
 drivers/clk/renesas/Makefile                       |   1 +
 drivers/clk/renesas/r9a08g046-cpg.c                | 130 +++++++
 drivers/clk/renesas/r9a09g047-cpg.c                | 123 ++++++-
 drivers/clk/renesas/r9a09g077-cpg.c                | 375 ++++++++++++++++++++-
 drivers/clk/renesas/renesas-cpg-mssr.c             |  20 +-
 drivers/clk/renesas/rzv2h-cpg-lib.c                | 217 ++++++++++++
 drivers/clk/renesas/rzv2h-cpg.c                    | 203 -----------
 .../dt-bindings/clock/renesas,r9a09g077-cpg-mssr.h |   2 +
 .../dt-bindings/clock/renesas,r9a09g087-cpg-mssr.h |   2 +
 include/linux/clk/renesas.h                        |  34 +-
 14 files changed, 904 insertions(+), 223 deletions(-)
 create mode 100644 drivers/clk/renesas/rzv2h-cpg-lib.c
Merging thead-clk/thead-clk-for-next (baf4fc7c03bd0 clk: thead: th1520-ap: Support CPU frequency scaling)
$ git merge -m Merge branch 'thead-clk-for-next' of https://git.kernel.org/pub/scm/linux/kernel/git/fustini/linux.git thead-clk/thead-clk-for-next
Already up to date.
Merging tenstorrent-clk/tenstorrent-clk-for-next (23c8ebc952849 clk: tenstorrent: Add Atlantis clock controller driver)
$ git merge -m Merge branch 'tenstorrent-clk-for-next' of https://git.kernel.org/pub/scm/linux/kernel/git/tenstorrent/linux.git tenstorrent-clk/tenstorrent-clk-for-next
Already up to date.
Merging csky/linux-next (fe69c03143c27 csky: Fix a4/a5 restoration in syscall trace path)
$ git merge -m Merge branch 'linux-next' of https://github.com/c-sky/csky-linux.git csky/linux-next
Merge made by the 'ort' strategy.
 arch/csky/kernel/entry.S | 6 +++---
 1 file changed, 3 insertions(+), 3 deletions(-)
Merging loongarch/loongarch-next (262a3b4fa1792 selftests/bpf: Test jited inline of bpf_get_smp_processor_id() for LoongArch)
$ git merge -m Merge branch 'loongarch-next' of https://git.kernel.org/pub/scm/linux/kernel/git/chenhuacai/linux-loongson.git loongarch/loongarch-next
Already up to date.
Merging m68k/for-next (dc5200f6b1ada m68k: Correct CONFIG_MVME16x macro name in #endif comment)
$ git merge -m Merge branch 'for-next' of https://git.kernel.org/pub/scm/linux/kernel/git/geert/linux-m68k.git m68k/for-next
Already up to date.
Merging m68knommu/for-next (dc59e4fea9d83 Linux 7.2-rc1)
$ git merge -m Merge branch 'for-next' of https://git.kernel.org/pub/scm/linux/kernel/git/gerg/m68knommu.git m68knommu/for-next
Already up to date.
Merging microblaze/next (6de23f81a5e08 Linux 7.0-rc1)
$ git merge -m Merge branch 'next' of git://git.monstr.eu/linux-2.6-microblaze.git microblaze/next
Already up to date.
Merging mips/mips-next (dc59e4fea9d83 Linux 7.2-rc1)
$ git merge -m Merge branch 'mips-next' of https://git.kernel.org/pub/scm/linux/kernel/git/mips/linux.git mips/mips-next
Already up to date.
Merging openrisc/for-next (aca063c902452 openrisc: Fix jump_label smp syncing)
$ git merge -m Merge branch 'for-next' of https://github.com/openrisc/linux.git openrisc/for-next
Already up to date.
Merging parisc-hd/for-next (dc59e4fea9d83 Linux 7.2-rc1)
$ git merge -m Merge branch 'for-next' of https://git.kernel.org/pub/scm/linux/kernel/git/deller/parisc-linux.git parisc-hd/for-next
Already up to date.
Merging powerpc/next (42f252f5a6468 powerpc/fadump: define MIN_RMA in bytes rather than MB)
$ git merge -m Merge branch 'next' of https://git.kernel.org/pub/scm/linux/kernel/git/powerpc/linux.git powerpc/next
Already up to date.
Merging risc-v/for-next (798246e5edfb3 riscv: acpi: Enable ARCH_HAS_ACPI_TABLE_UPGRADE)
$ git merge -m Merge branch 'for-next' of https://git.kernel.org/pub/scm/linux/kernel/git/riscv/linux.git risc-v/for-next
Merge made by the 'ort' strategy.
 arch/riscv/Kconfig            | 1 +
 arch/riscv/include/asm/acpi.h | 2 ++
 arch/riscv/kernel/acpi.c      | 5 +++++
 arch/riscv/kernel/efi.c       | 5 +++++
 arch/riscv/kernel/reset.c     | 7 +++++++
 arch/riscv/kernel/setup.c     | 2 ++
 drivers/acpi/tables.c         | 1 +
 7 files changed, 23 insertions(+)
Merging riscv-dt/riscv-dt-for-next (82ab962ef6c2a Merge branch 'k230-basic' into riscv-dt-for-next)
$ git merge -m Merge branch 'riscv-dt-for-next' of https://git.kernel.org/pub/scm/linux/kernel/git/conor/linux.git riscv-dt/riscv-dt-for-next
Auto-merging Documentation/devicetree/bindings/interrupt-controller/sifive,plic-1.0.0.yaml
Auto-merging Documentation/devicetree/bindings/timer/sifive,clint.yaml
Merge made by the 'ort' strategy.
 .../interrupt-controller/sifive,plic-1.0.0.yaml    |   1 +
 .../devicetree/bindings/riscv/canaan.yaml          |   8 +-
 .../devicetree/bindings/timer/sifive,clint.yaml    |   1 +
 arch/riscv/boot/dts/canaan/Makefile                |   2 +
 arch/riscv/boot/dts/canaan/k230-canmv.dts          | 343 +++++++++++++++++++++
 arch/riscv/boot/dts/canaan/k230-evb.dts            |  39 +++
 arch/riscv/boot/dts/canaan/k230-pinctrl.h          |  18 ++
 arch/riscv/boot/dts/canaan/k230.dtsi               | 167 ++++++++++
 8 files changed, 578 insertions(+), 1 deletion(-)
 create mode 100644 arch/riscv/boot/dts/canaan/k230-canmv.dts
 create mode 100644 arch/riscv/boot/dts/canaan/k230-evb.dts
 create mode 100644 arch/riscv/boot/dts/canaan/k230-pinctrl.h
 create mode 100644 arch/riscv/boot/dts/canaan/k230.dtsi
Merging riscv-soc/riscv-soc-for-next (dfceff38cea2b Merge branches 'riscv-soc-drivers-for-next' and 'cache-for-next' into riscv-soc-for-next)
$ git merge -m Merge branch 'riscv-soc-for-next' of https://git.kernel.org/pub/scm/linux/kernel/git/conor/linux.git riscv-soc/riscv-soc-for-next
Merge made by the 'ort' strategy.
Merging s390/for-next (2580f89860460 Merge tag 's390-7.2-2' of git://git.kernel.org/pub/scm/linux/kernel/git/s390/linux)
$ git merge -m Merge branch 'for-next' of https://git.kernel.org/pub/scm/linux/kernel/git/s390/linux.git s390/for-next
Already up to date.
Merging sh/for-next (b0aa5e4b087b6 sh: Fix fallout from ZERO_PAGE consolidation)
$ git merge -m Merge branch 'for-next' of https://git.kernel.org/pub/scm/linux/kernel/git/glaubitz/sh-linux.git sh/for-next
Already up to date.
Merging sparc/for-next (5b2a3b1a98fb4 sparc: Remove remaining defconfig references to the pktcdvd driver)
$ git merge -m Merge branch 'for-next' of https://git.kernel.org/pub/scm/linux/kernel/git/alarsson/linux-sparc.git sparc/for-next
Already up to date.
Merging uml/next (254f49634ee16 Linux 7.1-rc1)
$ git merge -m Merge branch 'next' of https://git.kernel.org/pub/scm/linux/kernel/git/uml/linux.git uml/next
Already up to date.
Merging xtensa/xtensa-for-next (a7c958e8721eb xtensa: correct CONFIG_XTENSA_CALIBRATE_CCOUNT macro name in comment)
$ git merge -m Merge branch 'xtensa-for-next' of https://github.com/jcmvbkbc/linux-xtensa.git xtensa/xtensa-for-next
Merge made by the 'ort' strategy.
 arch/xtensa/include/asm/platform.h  | 2 +-
 arch/xtensa/platforms/iss/console.c | 5 +++--
 2 files changed, 4 insertions(+), 3 deletions(-)
Merging fs-next (bdb9a873f04a2 Merge branch 'for-next' of https://git.kernel.org/pub/scm/linux/kernel/git/viro/vfs.git)
$ git merge -m Merge branch 'fs-next' of linux-next fs-next
Auto-merging MAINTAINERS
Merge made by the 'ort' strategy.
 MAINTAINERS                                        |   1 +
 drivers/mtd/ubi/ubi.h                              |   9 +-
 fs/crypto/crypto.c                                 |  40 +-
 fs/crypto/fscrypt_private.h                        |   5 +-
 fs/crypto/keyring.c                                |  21 +-
 fs/crypto/keysetup.c                               |  26 +-
 fs/crypto/policy.c                                 |  17 +-
 fs/exfat/file.c                                    | 206 +++++-
 fs/exfat/iomap.c                                   |  22 +-
 fs/fuse/dev.c                                      |   1 -
 fs/lockd/svcsubs.c                                 |  53 +-
 fs/nfs/callback.c                                  |   4 +-
 fs/nfs_common/nfslocalio.c                         |  16 +-
 fs/nfsd/filecache.c                                | 143 +++--
 fs/nfsd/flexfilelayoutxdr.c                        |  20 +-
 fs/nfsd/localio.c                                  |   8 +-
 fs/nfsd/netns.h                                    |  28 +-
 fs/nfsd/nfs2acl.c                                  |  21 +-
 fs/nfsd/nfs3acl.c                                  |  17 +-
 fs/nfsd/nfs4callback.c                             | 109 +++-
 fs/nfsd/nfs4layouts.c                              |  39 +-
 fs/nfsd/nfs4proc.c                                 |  60 +-
 fs/nfsd/nfs4recover.c                              |  48 +-
 fs/nfsd/nfs4state.c                                | 177 ++++--
 fs/nfsd/nfs4xdr.c                                  |  22 +-
 fs/nfsd/nfsctl.c                                   |  20 +-
 fs/nfsd/nfsfh.c                                    |   8 +-
 fs/nfsd/nfssvc.c                                   |  22 +-
 fs/nfsd/state.h                                    |   4 +-
 fs/nfsd/trace.h                                    |  18 +-
 fs/nfsd/vfs.c                                      |  48 +-
 fs/ntfs/mft.c                                      |   8 +-
 fs/read_write.c                                    |  23 +
 fs/smb/client/cifsfs.h                             |   4 +-
 fs/smb/client/smb2ops.c                            | 108 +++-
 fs/splice.c                                        | 202 +-----
 include/linux/pipe_fs_i.h                          |   1 -
 include/linux/skbuff.h                             |   4 +-
 include/linux/splice.h                             |   4 +-
 include/linux/sunrpc/bc_xprt.h                     |   5 +
 include/linux/sunrpc/svc_rdma_pcl.h                |   4 +-
 include/linux/syscalls.h                           |   4 +-
 include/uapi/linux/fscrypt.h                       |   1 -
 net/sunrpc/auth_gss/auth_gss.c                     |   6 +-
 net/sunrpc/auth_gss/gss_krb5_unseal.c              |   3 +
 net/sunrpc/auth_gss/gss_krb5_wrap.c                |  13 +-
 net/sunrpc/auth_gss/gss_rpc_upcall.c               |   6 -
 net/sunrpc/auth_gss/gss_rpc_upcall.h               |   1 -
 net/sunrpc/auth_gss/gss_rpc_xdr.c                  |  15 +-
 net/sunrpc/auth_gss/svcauth_gss.c                  |   8 +-
 net/sunrpc/backchannel_rqst.c                      |  38 +-
 net/sunrpc/cache.c                                 |   7 +-
 net/sunrpc/sunrpc_syms.c                           |   1 +
 net/sunrpc/svc.c                                   |  45 +-
 net/sunrpc/svcauth_unix.c                          |   4 +-
 net/sunrpc/xdr.c                                   |   2 +-
 net/sunrpc/xprtrdma/ib_client.c                    |  42 +-
 net/sunrpc/xprtrdma/svc_rdma_pcl.c                 |  63 +-
 net/sunrpc/xprtrdma/svc_rdma_recvfrom.c            |  24 +-
 net/sunrpc/xprtrdma/svc_rdma_rw.c                  |  52 +-
 net/sunrpc/xprtrdma/svc_rdma_transport.c           |  69 +-
 tools/include/uapi/linux/fscrypt.h                 |   1 -
 tools/testing/selftests/Makefile                   |   1 +
 tools/testing/selftests/filesystems/ceph/Makefile  |   7 +
 tools/testing/selftests/filesystems/ceph/README    |  84 +++
 .../filesystems/ceph/reset_corner_cases.sh         | 646 +++++++++++++++++++
 .../selftests/filesystems/ceph/reset_stress.sh     | 694 +++++++++++++++++++++
 .../selftests/filesystems/ceph/run_validation.sh   | 350 +++++++++++
 tools/testing/selftests/filesystems/ceph/settings  |   1 +
 .../filesystems/ceph/validate_consistency.py       | 297 +++++++++
 70 files changed, 3361 insertions(+), 720 deletions(-)
 create mode 100644 tools/testing/selftests/filesystems/ceph/Makefile
 create mode 100644 tools/testing/selftests/filesystems/ceph/README
 create mode 100755 tools/testing/selftests/filesystems/ceph/reset_corner_cases.sh
 create mode 100755 tools/testing/selftests/filesystems/ceph/reset_stress.sh
 create mode 100755 tools/testing/selftests/filesystems/ceph/run_validation.sh
 create mode 100644 tools/testing/selftests/filesystems/ceph/settings
 create mode 100755 tools/testing/selftests/filesystems/ceph/validate_consistency.py
Merging printk/for-next (080d60fffa8e0 Merge branch 'for-7.3' into for-next)
$ git merge -m Merge branch 'for-next' of https://git.kernel.org/pub/scm/linux/kernel/git/printk/linux.git printk/for-next
Merge made by the 'ort' strategy.
 lib/tests/test_ratelimit.c | 29 +++++++++++++++++++----------
 lib/vsprintf.c             |  4 ++++
 2 files changed, 23 insertions(+), 10 deletions(-)
Merging pci/next (dc59e4fea9d83 Linux 7.2-rc1)
$ git merge -m Merge branch 'next' of https://git.kernel.org/pub/scm/linux/kernel/git/pci/pci.git pci/next
Already up to date.
Merging pstore/for-next/pstore (24b8f8dcb9a13 pstore/ftrace: Factor KASLR offset in the core kernel instruction addresses)
$ git merge -m Merge branch 'for-next/pstore' of https://git.kernel.org/pub/scm/linux/kernel/git/kees/linux.git pstore/for-next/pstore
Already up to date.
Merging hid/for-next (04a6470b9c4c3 Merge branches 'for-7.2/core', 'for-7.2/nintendo', 'for-7.2/roccat', 'for-7.2/sony', 'for-7.2/steelseries' and 'for-7.2/wacom' into for-next)
$ git merge -m Merge branch 'for-next' of https://git.kernel.org/pub/scm/linux/kernel/git/hid/hid.git hid/for-next
Merge made by the 'ort' strategy.
 drivers/hid/Kconfig            |   9 ++
 drivers/hid/hid-appleir.c      |  45 ++++--
 drivers/hid/hid-core.c         |  14 ++
 drivers/hid/hid-ids.h          |   2 +
 drivers/hid/hid-letsketch.c    |  36 ++++-
 drivers/hid/hid-lg-g15.c       |  16 +++
 drivers/hid/hid-logitech-dj.c  |   9 +-
 drivers/hid/hid-nintendo.c     |   1 -
 drivers/hid/hid-picolcd_core.c |   3 +-
 drivers/hid/hid-roccat-kone.c  |  65 ++++++++-
 drivers/hid/hid-sony.c         | 245 ++++++++++++++++----------------
 drivers/hid/hid-steelseries.c  | 313 +++++++++++++++++++++++++++++++++++++++--
 drivers/hid/wacom_wac.c        |   8 +-
 13 files changed, 616 insertions(+), 150 deletions(-)
Merging i2c/i2c/for-next (8cd9520d35a6c Linux 7.1)
$ git merge -m Merge branch 'i2c/for-next' of https://git.kernel.org/pub/scm/linux/kernel/git/wsa/linux.git i2c/i2c/for-next
Already up to date.
$ git am -3 ../patches/0001-i2c-Fix-up-the-rest-of-the-merge.patch
Applying: i2c: Fix up the rest of the merge
Using index info to reconstruct a base tree...
M	drivers/i2c/i2c-core-base.c
Falling back to patching base and 3-way merge...
Auto-merging drivers/i2c/i2c-core-base.c
No changes -- Patch already applied.
Merging i2c-host/i2c/i2c-host (71d8f7b0ed027 i2c: nomadik: Use generic definitions for bus frequencies)
$ git merge -m Merge branch 'i2c/i2c-host' of https://git.kernel.org/pub/scm/linux/kernel/git/andi.shyti/linux.git i2c-host/i2c/i2c-host
Merge made by the 'ort' strategy.
 .../bindings/i2c/altr,softip-i2c-v1.0.yaml         |  62 ++++
 .../devicetree/bindings/i2c/i2c-altera.txt         |  39 ---
 .../devicetree/bindings/i2c/i2c-axxia.txt          |  30 --
 .../devicetree/bindings/i2c/lsi,api2c.yaml         |  52 ++++
 .../bindings/i2c/qcom,sa8255p-geni-i2c.yaml        |  64 ++++
 drivers/i2c/busses/Kconfig                         |   2 +-
 drivers/i2c/busses/i2c-amd-asf-plat.c              |   4 +
 drivers/i2c/busses/i2c-davinci.c                   |   4 +-
 drivers/i2c/busses/i2c-k1.c                        | 183 +++++++++++-
 drivers/i2c/busses/i2c-microchip-corei2c.c         |   4 +-
 drivers/i2c/busses/i2c-nomadik.c                   |   4 +-
 drivers/i2c/busses/i2c-octeon-core.h               |   2 +-
 drivers/i2c/busses/i2c-pnx.c                       |   3 +-
 drivers/i2c/busses/i2c-qcom-geni.c                 | 328 ++++++++++-----------
 drivers/i2c/i2c-core-acpi.c                        |   6 +-
 15 files changed, 522 insertions(+), 265 deletions(-)
 create mode 100644 Documentation/devicetree/bindings/i2c/altr,softip-i2c-v1.0.yaml
 delete mode 100644 Documentation/devicetree/bindings/i2c/i2c-altera.txt
 delete mode 100644 Documentation/devicetree/bindings/i2c/i2c-axxia.txt
 create mode 100644 Documentation/devicetree/bindings/i2c/lsi,api2c.yaml
 create mode 100644 Documentation/devicetree/bindings/i2c/qcom,sa8255p-geni-i2c.yaml
Merging i2c-rust/rust-i2c-next (c0260c740d207 i2c: rust: mark I2cAdapter methods as inline)
$ git merge -m Merge branch 'rust-i2c-next' of https://github.com/ikrtn/rust-for-linux i2c-rust/rust-i2c-next
Auto-merging rust/kernel/i2c.rs
Merge made by the 'ort' strategy.
 rust/kernel/i2c.rs | 3 +++
 1 file changed, 3 insertions(+)
Merging i3c/i3c/next (678e9409dd78d i3c: mipi-i3c-hci: Use named initializers for platform_device_id's .driver_data)
$ git merge -m Merge branch 'i3c/next' of https://git.kernel.org/pub/scm/linux/kernel/git/i3c/linux.git i3c/i3c/next
Already up to date.
Merging dmi/dmi-for-next (1afafbaf749d8 firmware/dmi: Include product_family info to modalias)
$ git merge -m Merge branch 'dmi-for-next' of https://git.kernel.org/pub/scm/linux/kernel/git/jdelvare/staging.git dmi/dmi-for-next
Already up to date.
Merging hwmon-staging/hwmon-next (1a42625604046 hwmon: Driver for the temp/voltage sensor on PolarFire SoC)
$ git merge -m Merge branch 'hwmon-next' of https://git.kernel.org/pub/scm/linux/kernel/git/groeck/linux-staging.git hwmon-staging/hwmon-next
Auto-merging MAINTAINERS
Merge made by the 'ort' strategy.
 .../devicetree/bindings/hwmon/adi,adm1275.yaml     |  43 ++-
 .../bindings/hwmon/amphenol,chipcap2.yaml          |   6 +
 .../bindings/hwmon/pmbus/silergy,sq24860.yaml      |  74 ++++
 .../bindings/hwmon/pmbus/ti,lm25066.yaml           |  20 +
 .../devicetree/bindings/hwmon/ti,ina2xx.yaml       |   3 +
 Documentation/hwmon/adm1275.rst                    |  24 ++
 Documentation/hwmon/chipcap2.rst                   |   2 +
 Documentation/hwmon/coretemp.rst                   |   4 +-
 Documentation/hwmon/index.rst                      |   2 +
 Documentation/hwmon/sq24860.rst                    |  96 +++++
 Documentation/hwmon/tvs-mpfs.rst                   |  53 +++
 MAINTAINERS                                        |   1 +
 drivers/hwmon/Kconfig                              |  13 +
 drivers/hwmon/Makefile                             |   1 +
 drivers/hwmon/chipcap2.c                           |  25 +-
 drivers/hwmon/coretemp.c                           |   2 +-
 drivers/hwmon/ina2xx.c                             |  20 +
 drivers/hwmon/pmbus/Kconfig                        |  33 +-
 drivers/hwmon/pmbus/Makefile                       |   1 +
 drivers/hwmon/pmbus/adm1275.c                      | 142 ++++++-
 drivers/hwmon/pmbus/lm25066.c                      |  37 ++
 drivers/hwmon/pmbus/sq24860.c                      | 430 +++++++++++++++++++++
 drivers/hwmon/pmbus/xdpe1a2g7b.c                   |  11 +
 drivers/hwmon/tvs-mpfs.c                           | 390 +++++++++++++++++++
 drivers/hwmon/xgene-hwmon.c                        |   4 -
 25 files changed, 1408 insertions(+), 29 deletions(-)
 create mode 100644 Documentation/devicetree/bindings/hwmon/pmbus/silergy,sq24860.yaml
 create mode 100644 Documentation/hwmon/sq24860.rst
 create mode 100644 Documentation/hwmon/tvs-mpfs.rst
 create mode 100644 drivers/hwmon/pmbus/sq24860.c
 create mode 100644 drivers/hwmon/tvs-mpfs.c
Merging jc_docs/docs-next (af0c119d0e288 Merge branch 'docs-mw' into docs-next)
$ git merge -m Merge branch 'docs-next' of git://git.lwn.net/linux.git jc_docs/docs-next
Merge made by the 'ort' strategy.
Merging v4l-dvb/next (a1d83d1b81066 media: cec-pin: Fix event FIFO ordering)
$ git merge -m Merge branch 'next' of git://linuxtv.org/media-ci/media-pending.git v4l-dvb/next
Merge made by the 'ort' strategy.
 drivers/media/cec/core/cec-adap.c                  |  2 +-
 drivers/media/cec/core/cec-core.c                  |  2 --
 drivers/media/cec/core/cec-pin.c                   |  8 +++---
 drivers/media/cec/platform/meson/ao-cec-g12a.c     |  1 +
 drivers/media/cec/platform/stm32/stm32-cec.c       | 19 +++++++++-----
 .../extron-da-hd-4k-plus/extron-da-hd-4k-plus.c    |  3 ++-
 drivers/media/i2c/ov9282.c                         |  1 -
 .../media/platform/renesas/rzg2l-cru/rzg2l-cru.h   |  2 --
 drivers/media/radio/radio-cadet.c                  |  4 +--
 drivers/media/radio/radio-gemtek.c                 |  4 +--
 drivers/media/rc/fintek-cir.c                      |  4 +--
 drivers/media/rc/ite-cir.c                         | 29 ++++++++++++++--------
 drivers/media/rc/nuvoton-cir.c                     |  6 ++---
 drivers/media/rc/sunxi-cir.c                       |  9 ++++---
 drivers/media/rc/winbond-cir.c                     |  4 +--
 include/media/media-entity.h                       |  1 +
 16 files changed, 57 insertions(+), 42 deletions(-)
Merging v4l-dvb-next/master (adc218676eef2 Linux 6.12)
$ git merge -m Merge branch 'master' of git://linuxtv.org/mchehab/media-next.git v4l-dvb-next/master
Already up to date.
Merging pm/linux-next (8ec75efdea848 Merge branch 'acpi-tad' into fixes)
$ git merge -m Merge branch 'linux-next' of https://git.kernel.org/pub/scm/linux/kernel/git/rafael/linux-pm.git pm/linux-next
Merge made by the 'ort' strategy.
 drivers/acpi/acpi_tad.c | 2 +-
 1 file changed, 1 insertion(+), 1 deletion(-)
Merging cpufreq-arm/cpufreq/arm/linux-next (b7a76f38ef350 cpufreq: ti: Add EPROBE_DEFER for K3 SoCs)
$ git merge -m Merge branch 'cpufreq/arm/linux-next' of https://git.kernel.org/pub/scm/linux/kernel/git/vireshk/pm.git cpufreq-arm/cpufreq/arm/linux-next
Already up to date.
Merging cpupower/cpupower (dc59e4fea9d83 Linux 7.2-rc1)
$ git merge -m Merge branch 'cpupower' of https://git.kernel.org/pub/scm/linux/kernel/git/shuah/linux.git cpupower/cpupower
Already up to date.
Merging devfreq/devfreq-next (c096be11c2a9d PM / devfreq: Fix governor_store() failing when device has no current governor)
$ git merge -m Merge branch 'devfreq-next' of https://git.kernel.org/pub/scm/linux/kernel/git/chanwoo/linux.git devfreq/devfreq-next
Merge made by the 'ort' strategy.
 drivers/devfreq/devfreq.c            | 50 +++++++-----------------------------
 drivers/devfreq/event/rockchip-dfi.c |  4 ++-
 2 files changed, 12 insertions(+), 42 deletions(-)
Merging pmdomain/next (528ad521a433c pmdomain: core: fix unused variable warning with !PM_GENERIC_DOMAINS_OF)
$ git merge -m Merge branch 'next' of https://git.kernel.org/pub/scm/linux/kernel/git/ulfh/linux-pm.git pmdomain/next
Already up to date.
Merging opp/opp/linux-next (b59020834b2d8 opp: rust: mark OPP methods as inline)
$ git merge -m Merge branch 'opp/linux-next' of https://git.kernel.org/pub/scm/linux/kernel/git/vireshk/pm.git opp/opp/linux-next
Already up to date.
Merging thermal/thermal/linux-next (968098b4ca521 thermal/drivers/qcom/tsens: Disable wakeup interrupt setup on automotive targets)
$ git merge -m Merge branch 'thermal/linux-next' of https://git.kernel.org/pub/scm/linux/kernel/git/thermal/linux.git thermal/thermal/linux-next
Already up to date.
Merging rdma/for-next (dc59e4fea9d83 Linux 7.2-rc1)
$ git merge -m Merge branch 'for-next' of https://git.kernel.org/pub/scm/linux/kernel/git/rdma/rdma.git rdma/for-next
Already up to date.
Merging net-next/main (cef9d68040307 net: gianfar: dispose irq mappings on probe failure and device removal)
  cef9d68040307 ("net: gianfar: dispose irq mappings on probe failure and device removal")
$ git merge -m Merge branch 'main' of https://git.kernel.org/pub/scm/linux/kernel/git/netdev/net-next.git net-next/main
Merge made by the 'ort' strategy.
 .../net/ethernet/mellanox/mlxsw/spectrum_acl_erp.c    |  2 +-
 .../net/ethernet/mellanox/mlxsw/spectrum_acl_tcam.h   |  2 +-
 tools/testing/selftests/net/lib.sh                    | 19 +++++++++++++++++--
 3 files changed, 19 insertions(+), 4 deletions(-)
Merging bpf-next/for-next (4edcdefd4083a Merge tag 'bpf-fixes' of git://git.kernel.org/pub/scm/linux/kernel/git/bpf/bpf)
$ git merge -m Merge branch 'for-next' of https://git.kernel.org/pub/scm/linux/kernel/git/bpf/bpf-next.git bpf-next/for-next
Already up to date.
$ git am -3 ../patches/0001-perf-Fixup-for-btf_vlan-API-change.patch
Applying: perf: Fixup for btf_vlan() API change
Using index info to reconstruct a base tree...
M	tools/perf/builtin-trace.c
M	tools/perf/util/btf.c
Falling back to patching base and 3-way merge...
Auto-merging tools/perf/builtin-trace.c
No changes -- Patch already applied.
Merging ipsec-next/master (355f808d8a11f Merge branch 'xfrm: XFRM_MSG_MIGRATE_STATE new netlink message')
$ git merge -m Merge branch 'master' of https://git.kernel.org/pub/scm/linux/kernel/git/klassert/ipsec-next.git ipsec-next/master
Already up to date.
Merging mlx5-next/mlx5-next (ddbddbf8aee54 net/mlx5: Add sd_group_size bits for SD management)
$ git merge -m Merge branch 'mlx5-next' of https://git.kernel.org/pub/scm/linux/kernel/git/mellanox/linux.git mlx5-next/mlx5-next
Already up to date.
Merging netfilter-next/main (805185b7c7a10 Merge tag 'net-7.2-rc1' of git://git.kernel.org/pub/scm/linux/kernel/git/netdev/net)
$ git merge -m Merge branch 'main' of https://git.kernel.org/pub/scm/linux/kernel/git/netfilter/nf-next.git netfilter-next/main
Already up to date.
Merging ipvs-next/main (805185b7c7a10 Merge tag 'net-7.2-rc1' of git://git.kernel.org/pub/scm/linux/kernel/git/netdev/net)
$ git merge -m Merge branch 'main' of https://git.kernel.org/pub/scm/linux/kernel/git/horms/ipvs-next.git ipvs-next/main
Already up to date.
Merging bluetooth/master (0e2c0392b9dc2 Bluetooth: L2CAP: Fix use-after-free in l2cap_sock_new_connection_cb())
$ git merge -m Merge branch 'master' of https://git.kernel.org/pub/scm/linux/kernel/git/bluetooth/bluetooth-next.git bluetooth/master
Merge made by the 'ort' strategy.
 drivers/bluetooth/Makefile       |   2 +
 drivers/bluetooth/btnxpuart.c    |   6 ++
 drivers/bluetooth/btqca.c        |  25 +-----
 drivers/bluetooth/btusb.c        |  90 +++++++++++--------
 drivers/bluetooth/hci_ldisc.c    |  14 ++-
 include/net/bluetooth/hci_core.h |   1 +
 include/net/bluetooth/hci_sync.h |   4 +-
 include/net/bluetooth/l2cap.h    |  10 ++-
 net/bluetooth/6lowpan.c          |  84 +++++-------------
 net/bluetooth/Makefile           |   2 +
 net/bluetooth/af_bluetooth.c     |  24 ++----
 net/bluetooth/bnep/Makefile      |   2 +
 net/bluetooth/bnep/core.c        |  27 ++++--
 net/bluetooth/hci_conn.c         |  21 +----
 net/bluetooth/hci_core.c         |   3 +
 net/bluetooth/hci_debugfs.c      |  12 +--
 net/bluetooth/hci_event.c        |   5 +-
 net/bluetooth/hci_sync.c         | 181 ++++++++++++++++++++++++++++-----------
 net/bluetooth/hidp/Makefile      |   2 +
 net/bluetooth/iso.c              |  13 ++-
 net/bluetooth/l2cap_core.c       | 125 ++++++++++++++++++++-------
 net/bluetooth/l2cap_sock.c       | 108 +++++++++++------------
 net/bluetooth/mgmt.c             |   5 ++
 net/bluetooth/msft.c             |   2 +-
 net/bluetooth/rfcomm/Makefile    |   2 +
 net/bluetooth/rfcomm/sock.c      |   1 +
 net/bluetooth/sco.c              |  15 +++-
 net/bluetooth/smp.c              |  27 ++----
 28 files changed, 474 insertions(+), 339 deletions(-)
Merging wireless-next/for-next (972c4dd19cb92 Merge tag 'wireless-next-2026-06-10' of https://git.kernel.org/pub/scm/linux/kernel/git/wireless/wireless-next)
$ git merge -m Merge branch 'for-next' of https://git.kernel.org/pub/scm/linux/kernel/git/wireless/wireless-next.git wireless-next/for-next
Already up to date.
Merging ath-next/for-next (972c4dd19cb92 Merge tag 'wireless-next-2026-06-10' of https://git.kernel.org/pub/scm/linux/kernel/git/wireless/wireless-next)
$ git merge -m Merge branch 'for-next' of https://git.kernel.org/pub/scm/linux/kernel/git/ath/ath.git ath-next/for-next
Already up to date.
Merging iwlwifi-next/next (a6136ca2dd977 wifi: iwlwifi: bump maximum core version for BZ/SC/DR to 106)
$ git merge -m Merge branch 'next' of https://git.kernel.org/pub/scm/linux/kernel/git/iwlwifi/iwlwifi-next.git iwlwifi-next/next
Already up to date.
Merging wpan-next/master (a6bfdfcc6711d ieee802154: allow legacy LLSEC ADD/DEL ops to pass strict validation)
$ git merge -m Merge branch 'master' of https://git.kernel.org/pub/scm/linux/kernel/git/wpan/wpan-next.git wpan-next/master
Already up to date.
Merging wpan-staging/staging (a6bfdfcc6711d ieee802154: allow legacy LLSEC ADD/DEL ops to pass strict validation)
$ git merge -m Merge branch 'staging' of https://git.kernel.org/pub/scm/linux/kernel/git/wpan/wpan-next.git wpan-staging/staging
Already up to date.
Merging mtd/mtd/next (d276783e490d7 mtd: maps: correct CONFIG_MTD_COMPLEX_MAPPINGS macro name in comment)
$ git merge -m Merge branch 'mtd/next' of https://git.kernel.org/pub/scm/linux/kernel/git/mtd/linux.git mtd/mtd/next
Merge made by the 'ort' strategy.
 drivers/mtd/chips/cfi_cmdset_0001.c | 6 ++++++
 drivers/mtd/maps/map_funcs.c        | 2 +-
 2 files changed, 7 insertions(+), 1 deletion(-)
Merging nand/nand/next (d5a5c9eb2ee9f mtd: spinand: fmsh: add support for FM25G{01,02}B)
$ git merge -m Merge branch 'nand/next' of https://git.kernel.org/pub/scm/linux/kernel/git/mtd/linux.git nand/nand/next
Auto-merging drivers/mtd/nand/spi/core.c
Merge made by the 'ort' strategy.
 drivers/mtd/nand/raw/pl35x-nand-controller.c |  20 ++--
 drivers/mtd/nand/spi/Makefile                |   2 +-
 drivers/mtd/nand/spi/core.c                  |   1 +
 drivers/mtd/nand/spi/fmsh.c                  |  95 +++++++++++++++++++
 drivers/mtd/nand/spi/heyangtek.c             | 132 +++++++++++++++++++++++++++
 include/linux/mtd/spinand.h                  |   1 +
 6 files changed, 243 insertions(+), 8 deletions(-)
 create mode 100644 drivers/mtd/nand/spi/heyangtek.c
Merging spi-nor/spi-nor/next (df415c5e1de0f mtd: spi-nor: spansion: add die erase support in s28hx-t)
$ git merge -m Merge branch 'spi-nor/next' of https://git.kernel.org/pub/scm/linux/kernel/git/mtd/linux.git spi-nor/spi-nor/next
Already up to date.
Merging crypto/master (6ea0ce3a19f9c crypto: tegra - fix refcount leak in tegra_se_host1x_submit())
$ git merge -m Merge branch 'master' of https://git.kernel.org/pub/scm/linux/kernel/git/herbert/cryptodev-2.6.git crypto/master
Already up to date.
Merging libcrypto/libcrypto-next (dc59e4fea9d83 Linux 7.2-rc1)
$ git merge -m Merge branch 'libcrypto-next' of https://git.kernel.org/pub/scm/linux/kernel/git/ebiggers/linux.git libcrypto/libcrypto-next
Already up to date.
Merging drm/drm-next (dc59e4fea9d83 Linux 7.2-rc1)
$ git merge -m Merge branch 'drm-next' of https://gitlab.freedesktop.org/drm/kernel.git drm/drm-next
Already up to date.
$ git am -3 ../patches/0001-drm-Fix-up-lut3d-mismerge.patch
Applying: drm: Fix up lut3d mismerge
Using index info to reconstruct a base tree...
M	drivers/gpu/drm/drm_atomic.c
M	include/drm/drm_colorop.h
Falling back to patching base and 3-way merge...
No changes -- Patch already applied.
Merging drm-exynos/for-linux-next (3a8660878839f Linux 6.18-rc1)
$ git merge -m Merge branch 'for-linux-next' of https://git.kernel.org/pub/scm/linux/kernel/git/daeinki/drm-exynos.git drm-exynos/for-linux-next
Already up to date.
Merging drm-misc/for-linux-next (377939b713ca8 drm/virtio: fail init on display-info timeout)
$ git merge -m Merge branch 'for-linux-next' of https://gitlab.freedesktop.org/drm/misc/kernel.git drm-misc/for-linux-next
Auto-merging Documentation/devicetree/bindings/vendor-prefixes.yaml
Auto-merging MAINTAINERS
Auto-merging drivers/dma-buf/dma-fence.c
Auto-merging drivers/gpu/drm/virtio/virtgpu_vq.c
Merge made by the 'ort' strategy.
 Documentation/admin-guide/cgroup-v2.rst            |   6 +
 .../bindings/display/panel/anbernic,td4310.yaml    |  66 ++
 .../bindings/display/panel/chipone,icna3512.yaml   |  79 ++
 .../bindings/display/panel/himax,hx83121a.yaml     |   3 +
 .../bindings/display/panel/ilitek,ili9488.yaml     |  63 ++
 .../bindings/display/panel/samsung,atna33xc20.yaml |   2 +
 .../display/rockchip/rockchip,analogix-dp.yaml     |  47 +-
 .../devicetree/bindings/gpu/img,powervr-rogue.yaml |   4 +-
 .../devicetree/bindings/gpu/img,powervr-sgx.yaml   |   4 +-
 .../devicetree/bindings/vendor-prefixes.yaml       |   6 +
 Documentation/gpu/automated_testing.rst            |   3 +-
 Documentation/gpu/drm-kms-helpers.rst              |   6 +
 Documentation/gpu/drm-kms.rst                      |  12 +
 Documentation/gpu/todo.rst                         |  50 +-
 MAINTAINERS                                        |  16 +-
 drivers/accel/amdxdna/amdxdna_gem.c                |   6 +
 drivers/accel/ethosu/Makefile                      |   2 +-
 drivers/accel/ethosu/ethosu_device.h               |  35 +-
 drivers/accel/ethosu/ethosu_drv.c                  |  23 +-
 drivers/accel/ethosu/ethosu_drv.h                  |  61 +-
 drivers/accel/ethosu/ethosu_job.c                  |  61 +-
 drivers/accel/ethosu/ethosu_job.h                  |   2 +
 drivers/accel/ethosu/ethosu_perfmon.c              | 301 +++++++
 drivers/accel/ivpu/ivpu_drv.c                      |  28 +-
 drivers/accel/ivpu/ivpu_drv.h                      |   5 +-
 drivers/accel/ivpu/ivpu_hw.c                       |   4 +
 drivers/accel/ivpu/ivpu_ipc.c                      |  25 +-
 drivers/accel/ivpu/ivpu_ipc.h                      |   3 +-
 drivers/accel/ivpu/ivpu_job.c                      |  59 +-
 drivers/accel/ivpu/ivpu_job.h                      |   7 +-
 drivers/dma-buf/dma-fence.c                        |  14 +-
 drivers/dma-buf/dma-heap.c                         |   3 +-
 drivers/firmware/Kconfig                           |  28 +-
 drivers/gpu/buddy.c                                | 105 ++-
 drivers/gpu/drm/amd/display/amdgpu_dm/amdgpu_dm.c  | 115 ++-
 drivers/gpu/drm/bridge/adv7511/adv7511_drv.c       |   2 +-
 drivers/gpu/drm/bridge/analogix/analogix_dp_core.c |   9 +-
 drivers/gpu/drm/bridge/analogix/analogix_dp_core.h |   4 +-
 drivers/gpu/drm/bridge/analogix/analogix_dp_reg.c  |  32 +-
 drivers/gpu/drm/bridge/analogix/anx7625.c          |   2 +-
 drivers/gpu/drm/bridge/cadence/cdns-dsi-core.c     |   9 +-
 .../gpu/drm/bridge/cadence/cdns-mhdp8546-core.c    |   8 +-
 drivers/gpu/drm/bridge/chipone-icn6211.c           |   2 +-
 drivers/gpu/drm/bridge/display-connector.c         |  38 +-
 drivers/gpu/drm/bridge/fsl-ldb.c                   |   2 +-
 drivers/gpu/drm/bridge/imx/imx8mp-hdmi-pvi.c       |   2 +-
 drivers/gpu/drm/bridge/imx/imx8qm-ldb.c            |   2 +-
 drivers/gpu/drm/bridge/imx/imx8qxp-ldb.c           |   2 +-
 .../gpu/drm/bridge/imx/imx8qxp-pixel-combiner.c    |   2 +-
 drivers/gpu/drm/bridge/imx/imx8qxp-pixel-link.c    |   2 +-
 drivers/gpu/drm/bridge/imx/imx8qxp-pxl2dpi.c       |   2 +-
 drivers/gpu/drm/bridge/inno-hdmi.c                 |   2 +-
 drivers/gpu/drm/bridge/ite-it6263.c                |   2 +-
 drivers/gpu/drm/bridge/ite-it6505.c                |   2 +-
 drivers/gpu/drm/bridge/ite-it66121.c               |   2 +-
 drivers/gpu/drm/bridge/lontium-lt9211.c            |   2 +-
 drivers/gpu/drm/bridge/lontium-lt9611.c            |   2 +-
 drivers/gpu/drm/bridge/lvds-codec.c                |   2 +-
 drivers/gpu/drm/bridge/nwl-dsi.c                   |   2 +-
 drivers/gpu/drm/bridge/of-display-mode-bridge.c    |   2 +-
 drivers/gpu/drm/bridge/panel.c                     |   2 +-
 drivers/gpu/drm/bridge/parade-ps8640.c             |   2 +-
 drivers/gpu/drm/bridge/samsung-dsim.c              |   2 +-
 drivers/gpu/drm/bridge/sii902x.c                   |   6 +-
 drivers/gpu/drm/bridge/ssd2825.c                   |   2 +-
 drivers/gpu/drm/bridge/synopsys/dw-dp.c            |   8 +-
 drivers/gpu/drm/bridge/synopsys/dw-hdmi-qp.c       |   3 +-
 drivers/gpu/drm/bridge/synopsys/dw-hdmi.c          |   2 +-
 drivers/gpu/drm/bridge/synopsys/dw-mipi-dsi.c      |   2 +-
 drivers/gpu/drm/bridge/synopsys/dw-mipi-dsi2.c     |   2 +-
 drivers/gpu/drm/bridge/tc358762.c                  |   2 +-
 drivers/gpu/drm/bridge/tc358767.c                  |   4 +-
 drivers/gpu/drm/bridge/tc358768.c                  |   2 +-
 drivers/gpu/drm/bridge/tc358775.c                  |   2 +-
 drivers/gpu/drm/bridge/ti-dlpc3433.c               |   2 +-
 drivers/gpu/drm/bridge/ti-sn65dsi83.c              |   3 +-
 drivers/gpu/drm/bridge/ti-sn65dsi86.c              |   2 +-
 drivers/gpu/drm/bridge/ti-tdp158.c                 |   2 +-
 drivers/gpu/drm/bridge/ti-tfp410.c                 |   2 +-
 drivers/gpu/drm/clients/drm_log.c                  |  10 +-
 drivers/gpu/drm/display/drm_bridge_connector.c     |  41 +-
 drivers/gpu/drm/display/drm_hdmi_state_helper.c    |  68 +-
 drivers/gpu/drm/drm_atomic.c                       |  80 ++
 drivers/gpu/drm/drm_atomic_helper.c                |  86 ++
 drivers/gpu/drm/drm_atomic_state_helper.c          | 154 +++-
 drivers/gpu/drm/drm_atomic_uapi.c                  |   4 +
 drivers/gpu/drm/drm_bridge.c                       | 124 ++-
 drivers/gpu/drm/drm_buddy.c                        |  30 +-
 drivers/gpu/drm/drm_colorop.c                      |  41 +-
 drivers/gpu/drm/drm_connector.c                    | 192 +++-
 drivers/gpu/drm/drm_displayid_internal.h           |  24 +
 drivers/gpu/drm/drm_draw_internal.h                |   7 -
 drivers/gpu/drm/drm_drv.c                          |   4 +-
 drivers/gpu/drm/drm_dumb_buffers.c                 |   1 -
 drivers/gpu/drm/drm_edid.c                         |  80 +-
 drivers/gpu/drm/drm_fb_helper.c                    |  11 +-
 drivers/gpu/drm/drm_gem.c                          |   3 +-
 drivers/gpu/drm/drm_gem_shmem_helper.c             |  22 +-
 drivers/gpu/drm/drm_mode_config.c                  | 189 +++-
 drivers/gpu/drm/drm_panic.c                        |   6 +-
 drivers/gpu/drm/drm_print.c                        |   4 +-
 drivers/gpu/drm/drm_writeback.c                    |   6 +
 drivers/gpu/drm/gma500/psb_drv.c                   |  56 +-
 drivers/gpu/drm/hisilicon/hibmc/Kconfig            |   4 +-
 drivers/gpu/drm/hisilicon/hibmc/hibmc_drm_de.c     | 114 +--
 drivers/gpu/drm/hisilicon/hibmc/hibmc_drm_drv.c    |  78 +-
 drivers/gpu/drm/hisilicon/hibmc/hibmc_drm_drv.h    |   5 +
 drivers/gpu/drm/hyperv/hyperv_drm.h                |  16 +-
 drivers/gpu/drm/hyperv/hyperv_drm_drv.c            |  92 +-
 drivers/gpu/drm/hyperv/hyperv_drm_modeset.c        | 110 +--
 drivers/gpu/drm/hyperv/hyperv_drm_proto.c          |  70 +-
 drivers/gpu/drm/i915/display/intel_crtc.c          |   2 +-
 drivers/gpu/drm/i915/display/intel_dp.c            |  43 +-
 drivers/gpu/drm/i915/display/intel_plane.c         |   2 +-
 drivers/gpu/drm/imagination/pvr_drv.c              |   2 +-
 drivers/gpu/drm/imx/ipuv3/parallel-display.c       |   2 +-
 drivers/gpu/drm/ingenic/ingenic-drm-drv.c          |   2 +-
 drivers/gpu/drm/lima/lima_device.c                 |  12 +-
 drivers/gpu/drm/loongson/lsdc_drv.c                |   4 +-
 drivers/gpu/drm/mediatek/mtk_dp.c                  |   2 +-
 drivers/gpu/drm/mediatek/mtk_dpi.c                 |   2 +-
 drivers/gpu/drm/mediatek/mtk_dsi.c                 |   2 +-
 drivers/gpu/drm/mediatek/mtk_hdmi.c                |   2 +-
 drivers/gpu/drm/mediatek/mtk_hdmi_v2.c             |   2 +-
 drivers/gpu/drm/meson/meson_encoder_cvbs.c         |   2 +-
 drivers/gpu/drm/meson/meson_encoder_dsi.c          |   2 +-
 drivers/gpu/drm/meson/meson_encoder_hdmi.c         |   2 +-
 drivers/gpu/drm/mgag200/mgag200_drv.c              |  24 +-
 drivers/gpu/drm/msm/dp/dp_drm.c                    |   4 +-
 drivers/gpu/drm/msm/dsi/dsi_host.c                 |  25 +-
 drivers/gpu/drm/msm/hdmi/hdmi_bridge.c             |   2 +-
 drivers/gpu/drm/msm/msm_drv.c                      |   2 -
 drivers/gpu/drm/mxsfb/lcdif_kms.c                  |  18 +-
 drivers/gpu/drm/mxsfb/lcdif_regs.h                 |   1 +
 drivers/gpu/drm/nouveau/nouveau_drm.c              |  35 +-
 drivers/gpu/drm/nouveau/nouveau_gem.c              |  11 +-
 drivers/gpu/drm/nouveau/nvkm/engine/disp/gv100.c   |   4 +-
 drivers/gpu/drm/nouveau/nvkm/engine/disp/head.h    |   2 +
 .../gpu/drm/nouveau/nvkm/subdev/gsp/rm/r535/disp.c |   8 +-
 drivers/gpu/drm/nouveau/nvkm/subdev/mmu/vmm.c      |  31 +-
 drivers/gpu/drm/omapdrm/dss/hdmi4.c                |   2 +-
 drivers/gpu/drm/omapdrm/dss/hdmi5.c                |   2 +-
 drivers/gpu/drm/panel/Kconfig                      |  30 +
 drivers/gpu/drm/panel/Makefile                     |   3 +
 drivers/gpu/drm/panel/panel-anbernic-td4310.c      | 257 ++++++
 drivers/gpu/drm/panel/panel-chipone-icna35xx.c     | 422 +++++++++
 drivers/gpu/drm/panel/panel-edp.c                  |  17 +
 drivers/gpu/drm/panel/panel-himax-hx83121a.c       |  39 +-
 drivers/gpu/drm/panel/panel-ilitek-ili9488.c       | 289 ++++++
 drivers/gpu/drm/panel/panel-novatek-nt36672a.c     | 522 ++++-------
 drivers/gpu/drm/panthor/panthor_device.h           |   3 +
 drivers/gpu/drm/panthor/panthor_drv.c              |  14 +-
 drivers/gpu/drm/panthor/panthor_gem.c              |  18 +
 drivers/gpu/drm/panthor/panthor_gem.h              |   2 +
 drivers/gpu/drm/panthor/panthor_mmu.c              | 237 ++++-
 drivers/gpu/drm/qxl/qxl_drv.c                      |  15 +-
 drivers/gpu/drm/renesas/rcar-du/rcar_du_drv.c      |  20 +-
 drivers/gpu/drm/renesas/rcar-du/rcar_lvds.c        |   2 +-
 drivers/gpu/drm/renesas/rcar-du/rcar_mipi_dsi.c    |   2 +-
 drivers/gpu/drm/renesas/rz-du/rzg2l_mipi_dsi.c     |   2 +-
 drivers/gpu/drm/rockchip/analogix_dp-rockchip.c    |  31 +-
 drivers/gpu/drm/rockchip/cdn-dp-core.c             |   2 +-
 drivers/gpu/drm/rockchip/dw_dp-rockchip.c          |  15 +-
 drivers/gpu/drm/rockchip/dw_hdmi-rockchip.c        | 227 +++--
 drivers/gpu/drm/rockchip/dw_hdmi_qp-rockchip.c     | 111 ++-
 drivers/gpu/drm/rockchip/rk3066_hdmi.c             |   2 +-
 drivers/gpu/drm/rockchip/rockchip_drm_drv.h        |   4 +
 drivers/gpu/drm/rockchip/rockchip_drm_vop2.c       | 176 +++-
 drivers/gpu/drm/rockchip/rockchip_drm_vop2.h       |   2 +-
 drivers/gpu/drm/rockchip/rockchip_lvds.c           |   2 +-
 drivers/gpu/drm/rockchip/rockchip_vop2_reg.c       |  46 +-
 drivers/gpu/drm/scheduler/sched_entity.c           |  11 +-
 drivers/gpu/drm/scheduler/sched_main.c             |   9 -
 drivers/gpu/drm/scheduler/tests/tests_basic.c      | 359 ++++++++
 drivers/gpu/drm/scheduler/tests/tests_scheduler.c  |   2 +-
 drivers/gpu/drm/solomon/ssd130x.c                  | 346 +++----
 drivers/gpu/drm/stm/lvds.c                         |   2 +-
 drivers/gpu/drm/sun4i/sun4i_hdmi_enc.c             |   2 +-
 drivers/gpu/drm/sysfb/Kconfig                      |   7 +-
 drivers/gpu/drm/sysfb/simpledrm.c                  | 109 ++-
 drivers/gpu/drm/tegra/drm.c                        |   2 +
 drivers/gpu/drm/tegra/dsi.c                        | 126 ++-
 drivers/gpu/drm/tegra/dsi.h                        |  10 +
 drivers/gpu/drm/tests/Makefile                     |   3 +-
 drivers/gpu/drm/tests/drm_bridge_test.c            | 973 +++++++++++++++++++-
 drivers/gpu/drm/tests/drm_hdmi_state_helper_test.c | 347 ++++++-
 drivers/gpu/drm/tests/drm_kunit_edid.c             | 995 +++++++++++++++++++++
 drivers/gpu/drm/tests/drm_kunit_edid.h             | 985 +-------------------
 drivers/gpu/drm/tidss/tidss_crtc.c                 |  17 +-
 drivers/gpu/drm/tidss/tidss_encoder.c              |   2 +-
 drivers/gpu/drm/tidss/tidss_oldi.c                 |   2 +-
 drivers/gpu/drm/tidss/tidss_plane.c                |   2 +-
 drivers/gpu/drm/tiny/gm12u320.c                    |   5 +-
 drivers/gpu/drm/ttm/ttm_pool.c                     |  37 +-
 drivers/gpu/drm/v3d/Kconfig                        |   1 +
 drivers/gpu/drm/v3d/v3d_drv.c                      |  20 +-
 drivers/gpu/drm/v3d/v3d_drv.h                      |  36 +-
 drivers/gpu/drm/v3d/v3d_sched.c                    |  66 +-
 drivers/gpu/drm/v3d/v3d_submit.c                   | 770 ++++++++--------
 drivers/gpu/drm/vc4/vc4_dsi.c                      |   2 +-
 drivers/gpu/drm/vc4/vc4_hdmi.c                     |   2 +-
 drivers/gpu/drm/verisilicon/vs_bridge.c            |   4 +-
 drivers/gpu/drm/virtio/virtgpu_drv.c               | 101 ++-
 drivers/gpu/drm/virtio/virtgpu_drv.h               |  26 +-
 drivers/gpu/drm/virtio/virtgpu_kms.c               |  71 +-
 drivers/gpu/drm/virtio/virtgpu_object.c            |  90 +-
 drivers/gpu/drm/virtio/virtgpu_prime.c             |  45 +-
 drivers/gpu/drm/virtio/virtgpu_vq.c                |  50 +-
 drivers/gpu/drm/virtio/virtgpu_vram.c              |   5 +-
 drivers/gpu/drm/xe/xe_device.c                     |   4 +-
 drivers/gpu/drm/xlnx/zynqmp_dp.c                   |   2 +-
 include/drm/bridge/analogix_dp.h                   |  13 +-
 include/drm/bridge/dw_dp.h                         |   1 +
 include/drm/display/drm_dp.h                       |  13 +-
 include/drm/display/drm_hdmi_state_helper.h        |   4 +-
 include/drm/drm_atomic.h                           |   5 +-
 include/drm/drm_atomic_helper.h                    |   7 +
 include/drm/drm_atomic_state_helper.h              |  18 +-
 include/drm/drm_bridge.h                           |  37 +-
 include/drm/drm_colorop.h                          |   2 +
 include/drm/drm_connector.h                        | 118 +++
 include/drm/drm_crtc.h                             |  16 +
 include/drm/drm_debugfs.h                          |   2 +-
 include/drm/drm_drv.h                              |   6 -
 include/drm/drm_gem.h                              |   3 -
 include/drm/drm_gem_shmem_helper.h                 |   4 +
 include/drm/drm_managed.h                          |   2 +-
 include/drm/drm_mipi_dsi.h                         |   2 +
 include/drm/drm_mode_config.h                      |   1 +
 include/drm/drm_plane.h                            |  16 +
 include/drm/drm_print.h                            |   2 +-
 include/linux/font.h                               |   3 +
 include/linux/gpu_buddy.h                          |  15 +
 include/linux/sysfb.h                              |   4 +-
 include/uapi/drm/drm_mode.h                        |   1 +
 include/uapi/drm/ethosu_accel.h                    |  60 +-
 include/uapi/drm/panthor_drm.h                     |  26 +-
 kernel/cgroup/dmem.c                               |  15 +
 lib/fonts/fonts.c                                  |  31 +
 239 files changed, 8918 insertions(+), 3101 deletions(-)
 create mode 100644 Documentation/devicetree/bindings/display/panel/anbernic,td4310.yaml
 create mode 100644 Documentation/devicetree/bindings/display/panel/chipone,icna3512.yaml
 create mode 100644 Documentation/devicetree/bindings/display/panel/ilitek,ili9488.yaml
 create mode 100644 drivers/accel/ethosu/ethosu_perfmon.c
 create mode 100644 drivers/gpu/drm/panel/panel-anbernic-td4310.c
 create mode 100644 drivers/gpu/drm/panel/panel-chipone-icna35xx.c
 create mode 100644 drivers/gpu/drm/panel/panel-ilitek-ili9488.c
 create mode 100644 drivers/gpu/drm/tests/drm_kunit_edid.c
$ git am -3 ../patches/0001-drm-bridge-microchip-lvds-Rename-drm_atomic_state-to.patch
Applying: drm/bridge: microchip-lvds: Rename drm_atomic_state to drm_atomic_commit
Using index info to reconstruct a base tree...
M	drivers/gpu/drm/bridge/microchip-lvds.c
Falling back to patching base and 3-way merge...
No changes -- Patch already applied.
Merging amdgpu/drm-next (991fd2cb908bf drm/amdgpu/sdma4.4.2: add support for disabling kernel queues)
  5c372a64b174b ("drm/edid: extract base section header processing into helper")
  e239d3e3cbb7b ("drm/edid: parse panel type from DisplayID 2.x Display Parameters")
$ git merge -m Merge branch 'drm-next' of https://gitlab.freedesktop.org/agd5f/linux.git amdgpu/drm-next
Auto-merging drivers/gpu/drm/amd/amdgpu/amdgpu_amdkfd.c
Auto-merging drivers/gpu/drm/amd/amdgpu/amdgpu_amdkfd.h
Auto-merging drivers/gpu/drm/amd/amdgpu/amdgpu_ctx.c
CONFLICT (content): Merge conflict in drivers/gpu/drm/amd/amdgpu/amdgpu_ctx.c
Auto-merging drivers/gpu/drm/amd/amdgpu/amdgpu_dev_coredump.c
Auto-merging drivers/gpu/drm/amd/amdgpu/amdgpu_device.c
CONFLICT (content): Merge conflict in drivers/gpu/drm/amd/amdgpu/amdgpu_device.c
Auto-merging drivers/gpu/drm/amd/amdgpu/amdgpu_gfx.c
Auto-merging drivers/gpu/drm/amd/amdgpu/gfx_v9_0.c
Auto-merging drivers/gpu/drm/amd/amdkfd/kfd_chardev.c
Auto-merging drivers/gpu/drm/amd/amdkfd/kfd_process.c
Auto-merging drivers/gpu/drm/amd/display/amdgpu_dm/amdgpu_dm.c
CONFLICT (content): Merge conflict in drivers/gpu/drm/amd/display/amdgpu_dm/amdgpu_dm.c
Auto-merging drivers/gpu/drm/amd/display/amdgpu_dm/amdgpu_dm_helpers.c
Auto-merging drivers/gpu/drm/drm_connector.c
Auto-merging drivers/gpu/drm/drm_displayid_internal.h
Auto-merging drivers/gpu/drm/drm_edid.c
Auto-merging include/drm/drm_connector.h
Resolved 'drivers/gpu/drm/amd/amdgpu/amdgpu_ctx.c' using previous resolution.
Resolved 'drivers/gpu/drm/amd/amdgpu/amdgpu_device.c' using previous resolution.
Recorded preimage for 'drivers/gpu/drm/amd/display/amdgpu_dm/amdgpu_dm.c'
Automatic merge failed; fix conflicts and then commit the result.
$ git commit --no-edit -v -a
Recorded resolution for 'drivers/gpu/drm/amd/display/amdgpu_dm/amdgpu_dm.c'.
[master aef271d9a2227] Merge branch 'drm-next' of https://gitlab.freedesktop.org/agd5f/linux.git
$ git diff -M --stat --summary HEAD^..
 drivers/gpu/drm/amd/amdgpu/amdgpu.h                |    4 +-
 drivers/gpu/drm/amd/amdgpu/amdgpu_amdkfd.c         |   14 +
 drivers/gpu/drm/amd/amdgpu/amdgpu_amdkfd.h         |   22 +-
 .../gpu/drm/amd/amdgpu/amdgpu_amdkfd_gc_9_4_3.c    |   63 +-
 drivers/gpu/drm/amd/amdgpu/amdgpu_ctx.c            |  215 +-
 drivers/gpu/drm/amd/amdgpu/amdgpu_ctx.h            |   14 +-
 drivers/gpu/drm/amd/amdgpu/amdgpu_debugfs.c        |    7 +
 drivers/gpu/drm/amd/amdgpu/amdgpu_dev_coredump.c   |    1 +
 drivers/gpu/drm/amd/amdgpu/amdgpu_device.c         |    6 +
 drivers/gpu/drm/amd/amdgpu/amdgpu_discovery.c      |  303 +-
 drivers/gpu/drm/amd/amdgpu/amdgpu_discovery.h      |    6 +
 drivers/gpu/drm/amd/amdgpu/amdgpu_drv.c            |   15 +-
 drivers/gpu/drm/amd/amdgpu/amdgpu_fence.c          |   53 +-
 drivers/gpu/drm/amd/amdgpu/amdgpu_gfx.c            |  261 +
 drivers/gpu/drm/amd/amdgpu/amdgpu_gfx.h            |   22 +
 drivers/gpu/drm/amd/amdgpu/amdgpu_ip.h             |    1 +
 drivers/gpu/drm/amd/amdgpu/amdgpu_jpeg.h           |    3 +
 drivers/gpu/drm/amd/amdgpu/amdgpu_kms.c            |   27 +
 drivers/gpu/drm/amd/amdgpu/amdgpu_mes.c            |   70 +-
 drivers/gpu/drm/amd/amdgpu/amdgpu_mes.h            |   14 +
 drivers/gpu/drm/amd/amdgpu/amdgpu_preempt_mgr.c    |   14 +-
 drivers/gpu/drm/amd/amdgpu/amdgpu_psp_ta.c         |    5 +-
 drivers/gpu/drm/amd/amdgpu/amdgpu_ras.c            |    7 +
 drivers/gpu/drm/amd/amdgpu/amdgpu_ras_eeprom.c     |    5 +-
 drivers/gpu/drm/amd/amdgpu/amdgpu_ring.h           |    3 +
 drivers/gpu/drm/amd/amdgpu/amdgpu_rlc.c            |   39 +
 drivers/gpu/drm/amd/amdgpu/amdgpu_rlc.h            |   10 +
 drivers/gpu/drm/amd/amdgpu/amdgpu_sched.c          |    8 +-
 drivers/gpu/drm/amd/amdgpu/amdgpu_sdma.c           |   19 +-
 drivers/gpu/drm/amd/amdgpu/amdgpu_trace.h          |  150 +
 drivers/gpu/drm/amd/amdgpu/amdgpu_ttm.h            |    1 +
 drivers/gpu/drm/amd/amdgpu/amdgpu_userq.c          |  125 +-
 drivers/gpu/drm/amd/amdgpu/amdgpu_userq.h          |    5 +-
 drivers/gpu/drm/amd/amdgpu/amdgpu_userq_fence.c    |   10 +-
 drivers/gpu/drm/amd/amdgpu/amdgpu_vcn.c            |   64 +-
 drivers/gpu/drm/amd/amdgpu/amdgpu_vcn.h            |    3 +
 drivers/gpu/drm/amd/amdgpu/gfx_v10_0.c             |    2 +
 drivers/gpu/drm/amd/amdgpu/gfx_v11_0.c             |  266 +-
 drivers/gpu/drm/amd/amdgpu/gfx_v12_0.c             |  218 +-
 drivers/gpu/drm/amd/amdgpu/gfx_v12_1.c             |    4 +
 drivers/gpu/drm/amd/amdgpu/gfx_v9_0.c              |    2 +
 drivers/gpu/drm/amd/amdgpu/gfx_v9_4_3.c            |    2 +
 drivers/gpu/drm/amd/amdgpu/jpeg_v4_0_3.c           |   17 +
 drivers/gpu/drm/amd/amdgpu/jpeg_v5_0_1.c           |   17 +
 drivers/gpu/drm/amd/amdgpu/mes_userqueue.c         |  146 +-
 drivers/gpu/drm/amd/amdgpu/mes_userqueue.h         |    9 +
 drivers/gpu/drm/amd/amdgpu/mes_v11_0.c             |  238 +-
 drivers/gpu/drm/amd/amdgpu/mes_v12_0.c             |  254 +-
 drivers/gpu/drm/amd/amdgpu/mes_v12_1.c             |   22 +-
 drivers/gpu/drm/amd/amdgpu/sdma_v4_4_2.c           |   14 +
 drivers/gpu/drm/amd/amdgpu/soc15_common.h          |   55 +-
 drivers/gpu/drm/amd/amdgpu/vcn_v4_0.c              |   45 +-
 drivers/gpu/drm/amd/amdgpu/vcn_v4_0_3.c            |   17 +
 drivers/gpu/drm/amd/amdgpu/vcn_v4_0_5.c            |    6 +-
 drivers/gpu/drm/amd/amdgpu/vcn_v5_0_1.c            |   17 +
 drivers/gpu/drm/amd/amdkfd/kfd_chardev.c           |    3 +-
 drivers/gpu/drm/amd/amdkfd/kfd_device.c            |   24 +
 .../gpu/drm/amd/amdkfd/kfd_device_queue_manager.c  |  195 +-
 .../gpu/drm/amd/amdkfd/kfd_device_queue_manager.h  |    2 +
 drivers/gpu/drm/amd/amdkfd/kfd_events.c            |  173 +-
 drivers/gpu/drm/amd/amdkfd/kfd_events.h            |    3 -
 drivers/gpu/drm/amd/amdkfd/kfd_mqd_manager.c       |   16 +
 drivers/gpu/drm/amd/amdkfd/kfd_mqd_manager.h       |    2 +
 drivers/gpu/drm/amd/amdkfd/kfd_mqd_manager_v9.c    |   14 -
 drivers/gpu/drm/amd/amdkfd/kfd_priv.h              |   16 +-
 drivers/gpu/drm/amd/amdkfd/kfd_process.c           |   45 +-
 drivers/gpu/drm/amd/amdkfd/kfd_topology.c          |   14 +-
 drivers/gpu/drm/amd/amdxcp/amdgpu_xcp_drv.c        |   18 +-
 drivers/gpu/drm/amd/display/amdgpu_dm/Makefile     |    6 +-
 drivers/gpu/drm/amd/display/amdgpu_dm/amdgpu_dm.c  | 7152 +-------------------
 drivers/gpu/drm/amd/display/amdgpu_dm/amdgpu_dm.h  |   79 +-
 .../drm/amd/display/amdgpu_dm/amdgpu_dm_audio.c    |  323 +
 .../drm/amd/display/amdgpu_dm/amdgpu_dm_audio.h    |   56 +
 .../amd/display/amdgpu_dm/amdgpu_dm_backlight.c    |  704 ++
 .../amd/display/amdgpu_dm/amdgpu_dm_backlight.h    |   67 +
 .../drm/amd/display/amdgpu_dm/amdgpu_dm_color.c    |   69 +-
 .../drm/amd/display/amdgpu_dm/amdgpu_dm_color.h    |    8 +-
 .../amd/display/amdgpu_dm/amdgpu_dm_connector.c    | 3605 ++++++++++
 .../amd/display/amdgpu_dm/amdgpu_dm_connector.h    |  162 +
 .../gpu/drm/amd/display/amdgpu_dm/amdgpu_dm_crc.c  |  100 +-
 .../gpu/drm/amd/display/amdgpu_dm/amdgpu_dm_crc.h  |    6 +
 .../gpu/drm/amd/display/amdgpu_dm/amdgpu_dm_crtc.c |   14 +-
 .../gpu/drm/amd/display/amdgpu_dm/amdgpu_dm_crtc.h |    6 +
 .../drm/amd/display/amdgpu_dm/amdgpu_dm_debugfs.c  |   78 +-
 .../gpu/drm/amd/display/amdgpu_dm/amdgpu_dm_dmub.c |  933 +++
 .../gpu/drm/amd/display/amdgpu_dm/amdgpu_dm_dmub.h |   68 +
 .../gpu/drm/amd/display/amdgpu_dm/amdgpu_dm_hdcp.c |  115 +-
 .../gpu/drm/amd/display/amdgpu_dm/amdgpu_dm_hdcp.h |   12 +
 .../drm/amd/display/amdgpu_dm/amdgpu_dm_helpers.c  |   66 +-
 .../drm/amd/display/amdgpu_dm/amdgpu_dm_helpers.h  |   20 +
 .../gpu/drm/amd/display/amdgpu_dm/amdgpu_dm_irq.c  | 1551 ++++-
 .../gpu/drm/amd/display/amdgpu_dm/amdgpu_dm_irq.h  |   27 +
 .../display/amdgpu_dm/amdgpu_dm_kunit_helpers.h    |    1 +
 .../amd/display/amdgpu_dm/amdgpu_dm_mst_types.c    |  170 +-
 .../amd/display/amdgpu_dm/amdgpu_dm_mst_types.h    |   18 +
 .../drm/amd/display/amdgpu_dm/amdgpu_dm_pp_smu.c   |  277 +-
 .../drm/amd/display/amdgpu_dm/amdgpu_dm_pp_smu.h   |   38 +
 .../drm/amd/display/amdgpu_dm/amdgpu_dm_quirks.c   |    2 +
 .../drm/amd/display/amdgpu_dm/amdgpu_dm_replay.c   |    7 +-
 .../drm/amd/display/amdgpu_dm/amdgpu_dm_services.c |    7 +
 .../gpu/drm/amd/display/amdgpu_dm/amdgpu_dm_wb.c   |   15 +-
 .../gpu/drm/amd/display/amdgpu_dm/amdgpu_dm_wb.h   |   13 +
 .../drm/amd/display/amdgpu_dm/tests/.kunitconfig   |    3 +
 .../gpu/drm/amd/display/amdgpu_dm/tests/Makefile   |   15 +
 .../display/amdgpu_dm/tests/amdgpu_dm_audio_test.c |  490 ++
 .../amdgpu_dm/tests/amdgpu_dm_backlight_test.c     | 1128 +++
 .../display/amdgpu_dm/tests/amdgpu_dm_color_test.c |   64 +-
 .../amdgpu_dm/tests/amdgpu_dm_connector_test.c     | 2142 ++++++
 .../display/amdgpu_dm/tests/amdgpu_dm_crc_test.c   |  122 +
 .../display/amdgpu_dm/tests/amdgpu_dm_crtc_test.c  |  532 ++
 .../display/amdgpu_dm/tests/amdgpu_dm_dmub_test.c  |  600 ++
 .../display/amdgpu_dm/tests/amdgpu_dm_hdcp_test.c  |  297 +-
 .../amdgpu_dm/tests/amdgpu_dm_helpers_test.c       |  645 ++
 .../display/amdgpu_dm/tests/amdgpu_dm_irq_test.c   |  934 +++
 .../amdgpu_dm/tests/amdgpu_dm_mst_types_test.c     |  509 ++
 .../amdgpu_dm/tests/amdgpu_dm_pp_smu_test.c        |  977 +++
 .../amdgpu_dm/tests/amdgpu_dm_quirks_test.c        |  103 +
 .../amdgpu_dm/tests/amdgpu_dm_services_test.c      |  313 +
 .../amd/display/amdgpu_dm/tests/amdgpu_dm_test.c   |  929 +++
 .../display/amdgpu_dm/tests/amdgpu_dm_wb_test.c    |  336 +
 drivers/gpu/drm/amd/display/dc/core/dc.c           |  289 +-
 .../gpu/drm/amd/display/dc/core/dc_hw_sequencer.c  |   20 +-
 drivers/gpu/drm/amd/display/dc/core/dc_surface.c   |   44 +-
 drivers/gpu/drm/amd/display/dc/dc.h                |  231 +-
 drivers/gpu/drm/amd/display/dc/dc_dmub_srv.c       |   12 -
 drivers/gpu/drm/amd/display/dc/dc_dmub_srv.h       |    9 -
 drivers/gpu/drm/amd/display/dc/dc_dp_types.h       |    1 +
 drivers/gpu/drm/amd/display/dc/dc_helper.c         |  226 -
 drivers/gpu/drm/amd/display/dc/dc_stream.h         |   29 +
 drivers/gpu/drm/amd/display/dc/dc_types.h          |   66 +-
 .../gpu/drm/amd/display/dc/dccg/dcn42/dcn42_dccg.c |    6 +-
 drivers/gpu/drm/amd/display/dc/dm_services.h       |    4 -
 .../gpu/drm/amd/display/dc/dml/calcs/dcn_calcs.c   |    2 +-
 .../display/dc/dml2_0/dml21/dml21_wrapper_fpu.c    |    8 +-
 .../dml21/inc/bounding_boxes/dcn42b_soc_bb.h       |    2 +-
 .../dml2_0/dml21/src/dml2_core/dml2_core_factory.c |    2 -
 .../dml21/src/dml2_core/dml2_core_shared_types.h   |    2 -
 .../dml21/src/inc/dml2_internal_shared_types.h     |    1 -
 .../drm/amd/display/dc/dpp/dcn10/dcn10_dpp_cm.c    |    5 -
 .../drm/amd/display/dc/hubbub/dcn31/dcn31_hubbub.c |    8 +-
 .../drm/amd/display/dc/hubp/dcn401/dcn401_hubp.c   |    2 +-
 .../gpu/drm/amd/display/dc/hubp/dcn42/dcn42_hubp.c |    6 +
 .../drm/amd/display/dc/hwss/dce110/dce110_hwseq.c  |    8 +-
 .../drm/amd/display/dc/hwss/dce60/dce60_hwseq.c    |    8 +-
 .../drm/amd/display/dc/hwss/dcn10/dcn10_hwseq.c    |   62 +-
 .../drm/amd/display/dc/hwss/dcn20/dcn20_hwseq.c    |   76 +-
 .../drm/amd/display/dc/hwss/dcn201/dcn201_hwseq.c  |    2 +-
 .../drm/amd/display/dc/hwss/dcn30/dcn30_hwseq.c    |   10 +-
 .../drm/amd/display/dc/hwss/dcn32/dcn32_hwseq.c    |   33 +-
 .../drm/amd/display/dc/hwss/dcn35/dcn35_hwseq.c    |    3 -
 .../drm/amd/display/dc/hwss/dcn401/dcn401_hwseq.c  |  244 +-
 .../drm/amd/display/dc/hwss/dcn401/dcn401_hwseq.h  |    2 +-
 .../drm/amd/display/dc/hwss/dcn42/dcn42_hwseq.c    |  327 +-
 .../drm/amd/display/dc/hwss/dcn42/dcn42_hwseq.h    |    5 +-
 .../drm/amd/display/dc/hwss/hw_sequencer_private.h |    3 +-
 drivers/gpu/drm/amd/display/dc/inc/hw/clk_mgr.h    |    4 +
 drivers/gpu/drm/amd/display/dc/inc/hw/hubp.h       |    2 +-
 drivers/gpu/drm/amd/display/dc/inc/reg_helper.h    |   19 -
 .../drm/amd/display/dc/inc/soc_and_ip_translator.h |   14 -
 .../display/dc/link/protocols/link_dp_capability.c |    6 +-
 .../gpu/drm/amd/display/dc/mpc/dcn20/dcn20_mpc.c   |    4 -
 .../gpu/drm/amd/display/dc/optc/dcn10/dcn10_optc.c |    5 -
 .../gpu/drm/amd/display/dc/optc/dcn20/dcn20_optc.c |    5 -
 .../gpu/drm/amd/display/dc/optc/dcn31/dcn31_optc.c |    5 -
 .../drm/amd/display/dc/optc/dcn314/dcn314_optc.c   |    5 -
 .../gpu/drm/amd/display/dc/optc/dcn32/dcn32_optc.c |    5 -
 .../gpu/drm/amd/display/dc/optc/dcn35/dcn35_optc.c |    5 -
 .../drm/amd/display/dc/optc/dcn401/dcn401_optc.c   |    5 -
 .../amd/display/dc/resource/dcn35/dcn35_resource.c |    1 -
 .../display/dc/resource/dcn351/dcn351_resource.c   |    1 -
 .../amd/display/dc/resource/dcn36/dcn36_resource.c |    1 -
 .../amd/display/dc/resource/dcn42/dcn42_resource.c |    1 +
 .../display/dc/resource/dcn42b/dcn42b_resource.c   |    2 +-
 drivers/gpu/drm/amd/display/dmub/inc/dmub_cmd.h    |  178 +-
 .../drm/amd/display/include/ddc_service_types.h    |    1 +
 .../drm/amd/display/modules/power/power_replay.c   |    9 +-
 .../amd/include/asic_reg/sdma/sdma_4_4_2_offset.h  |    4 +
 drivers/gpu/drm/amd/include/kgd_kfd_interface.h    |    3 +
 drivers/gpu/drm/amd/include/mes_v11_api_def.h      |    5 +-
 drivers/gpu/drm/amd/include/mes_v12_api_def.h      |    5 +-
 drivers/gpu/drm/amd/include/soc15_hw_ip.h          |    1 +
 drivers/gpu/drm/amd/include/v9_structs.h           |    4 +-
 .../gpu/drm/amd/pm/powerplay/hwmgr/smu7_hwmgr.c    |   36 +-
 .../gpu/drm/amd/pm/powerplay/hwmgr/vega10_hwmgr.c  |   39 +-
 drivers/gpu/drm/amd/pm/swsmu/smu11/arcturus_ppt.c  |    7 +-
 drivers/gpu/drm/amd/pm/swsmu/smu11/navi10_ppt.c    |    7 +-
 .../drm/amd/pm/swsmu/smu11/sienna_cichlid_ppt.c    |    7 +-
 .../gpu/drm/amd/pm/swsmu/smu13/smu_v13_0_0_ppt.c   |    7 +-
 .../gpu/drm/amd/pm/swsmu/smu13/smu_v13_0_12_ppt.c  |    2 +-
 .../gpu/drm/amd/pm/swsmu/smu13/smu_v13_0_7_ppt.c   |    7 +-
 .../gpu/drm/amd/pm/swsmu/smu14/smu_v14_0_2_ppt.c   |    7 +-
 drivers/gpu/drm/amd/pm/swsmu/smu_cmn.h             |   10 +
 drivers/gpu/drm/amd/ras/ras_mgr/amdgpu_ras_cmd.c   |    3 -
 .../drm/amd/ras/ras_mgr/amdgpu_ras_eeprom_i2c.c    |    2 +-
 drivers/gpu/drm/amd/ras/ras_mgr/amdgpu_ras_mgr.c   |   44 +-
 drivers/gpu/drm/amd/ras/ras_mgr/amdgpu_ras_sys.c   |   19 +
 drivers/gpu/drm/amd/ras/ras_mgr/ras_sys.h          |    3 +
 drivers/gpu/drm/amd/ras/rascore/ras.h              |    2 +
 drivers/gpu/drm/amd/ras/rascore/ras_aca_v1_0.c     |   13 +-
 drivers/gpu/drm/amd/ras/rascore/ras_core.c         |   10 +
 drivers/gpu/drm/amd/ras/rascore/ras_eeprom.c       |    3 +
 drivers/gpu/drm/amd/ras/rascore/ras_eeprom_fw.c    |    2 +-
 drivers/gpu/drm/amd/ras/rascore/ras_process.c      |    5 +-
 drivers/gpu/drm/amd/ras/rascore/ras_umc.c          |   32 +-
 drivers/gpu/drm/amd/ras/rascore/ras_umc.h          |    6 +
 drivers/gpu/drm/radeon/r600_dpm.c                  |   21 +-
 include/uapi/drm/amdgpu_drm.h                      |   21 +
 207 files changed, 22025 insertions(+), 9727 deletions(-)
 create mode 100644 drivers/gpu/drm/amd/display/amdgpu_dm/amdgpu_dm_audio.c
 create mode 100644 drivers/gpu/drm/amd/display/amdgpu_dm/amdgpu_dm_audio.h
 create mode 100644 drivers/gpu/drm/amd/display/amdgpu_dm/amdgpu_dm_backlight.c
 create mode 100644 drivers/gpu/drm/amd/display/amdgpu_dm/amdgpu_dm_backlight.h
 create mode 100644 drivers/gpu/drm/amd/display/amdgpu_dm/amdgpu_dm_connector.c
 create mode 100644 drivers/gpu/drm/amd/display/amdgpu_dm/amdgpu_dm_connector.h
 create mode 100644 drivers/gpu/drm/amd/display/amdgpu_dm/amdgpu_dm_dmub.c
 create mode 100644 drivers/gpu/drm/amd/display/amdgpu_dm/amdgpu_dm_dmub.h
 create mode 100644 drivers/gpu/drm/amd/display/amdgpu_dm/amdgpu_dm_helpers.h
 create mode 100644 drivers/gpu/drm/amd/display/amdgpu_dm/amdgpu_dm_pp_smu.h
 create mode 100644 drivers/gpu/drm/amd/display/amdgpu_dm/tests/amdgpu_dm_audio_test.c
 create mode 100644 drivers/gpu/drm/amd/display/amdgpu_dm/tests/amdgpu_dm_backlight_test.c
 create mode 100644 drivers/gpu/drm/amd/display/amdgpu_dm/tests/amdgpu_dm_connector_test.c
 create mode 100644 drivers/gpu/drm/amd/display/amdgpu_dm/tests/amdgpu_dm_crtc_test.c
 create mode 100644 drivers/gpu/drm/amd/display/amdgpu_dm/tests/amdgpu_dm_dmub_test.c
 create mode 100644 drivers/gpu/drm/amd/display/amdgpu_dm/tests/amdgpu_dm_helpers_test.c
 create mode 100644 drivers/gpu/drm/amd/display/amdgpu_dm/tests/amdgpu_dm_irq_test.c
 create mode 100644 drivers/gpu/drm/amd/display/amdgpu_dm/tests/amdgpu_dm_mst_types_test.c
 create mode 100644 drivers/gpu/drm/amd/display/amdgpu_dm/tests/amdgpu_dm_pp_smu_test.c
 create mode 100644 drivers/gpu/drm/amd/display/amdgpu_dm/tests/amdgpu_dm_quirks_test.c
 create mode 100644 drivers/gpu/drm/amd/display/amdgpu_dm/tests/amdgpu_dm_services_test.c
 create mode 100644 drivers/gpu/drm/amd/display/amdgpu_dm/tests/amdgpu_dm_test.c
 create mode 100644 drivers/gpu/drm/amd/display/amdgpu_dm/tests/amdgpu_dm_wb_test.c
$ git am -3 ../patches/0001-amdgpu-Fix-up-drm_atomic_commit-rename.patch
Applying: amdgpu: Fix up drm_atomic_commit rename
Using index info to reconstruct a base tree...
M	drivers/gpu/drm/amd/display/amdgpu_dm/amdgpu_dm.c
Falling back to patching base and 3-way merge...
Auto-merging drivers/gpu/drm/amd/display/amdgpu_dm/amdgpu_dm.c
No changes -- Patch already applied.
Merging drm-intel/for-linux-next (c9ebe5d2f2572 drm/i915/bios: range check LFP Data Block panel_type2)
  58a224375c811 ("drm/i915/hdcp: require monotonically increasing seq_num_v")
  9284ab3b6e776 ("drm/i915/hdcp: check streams[] bounds before overflow")
$ git merge -m Merge branch 'for-linux-next' of https://gitlab.freedesktop.org/drm/i915/kernel.git drm-intel/for-linux-next
Auto-merging drivers/gpu/drm/i915/display/intel_cdclk.c
CONFLICT (content): Merge conflict in drivers/gpu/drm/i915/display/intel_cdclk.c
Auto-merging drivers/gpu/drm/i915/display/intel_ddi.c
Auto-merging drivers/gpu/drm/i915/display/intel_dp.c
Auto-merging drivers/gpu/drm/i915/display/intel_dp_mst.c
Auto-merging drivers/gpu/drm/i915/display/intel_plane.c
Auto-merging drivers/gpu/drm/xe/Makefile
Auto-merging drivers/gpu/drm/xe/display/xe_display.c
Auto-merging drivers/gpu/drm/xe/display/xe_display.h
Auto-merging drivers/gpu/drm/xe/xe_device.c
Recorded preimage for 'drivers/gpu/drm/i915/display/intel_cdclk.c'
Automatic merge failed; fix conflicts and then commit the result.
Merging drm-intel/for-linux-next (c9ebe5d2f2572 drm/i915/bios: range check LFP Data Block panel_type2)
$ git merge -m Merge branch 'for-linux-next' of https://gitlab.freedesktop.org/drm/i915/kernel.git drm-intel/for-linux-next
error: Merging is not possible because you have unmerged files.
hint: Fix them up in the work tree, and then use 'git add/rm <file>'
hint: as appropriate to mark resolution and make a commit.
fatal: Exiting because of an unresolved conflict.
$ git commit --no-edit -v -a
Recorded resolution for 'drivers/gpu/drm/i915/display/intel_cdclk.c'.
[master f206ba1c0c865] Merge branch 'for-linux-next' of https://gitlab.freedesktop.org/drm/i915/kernel.git
$ git diff -M --stat --summary HEAD^..
 .../gpu/intel-display/dp-link-training.rst         |    8 +
 Documentation/gpu/intel-display/index.rst          |    1 +
 drivers/gpu/drm/drm_modes.c                        |   23 +
 drivers/gpu/drm/i915/Makefile                      |    5 +-
 drivers/gpu/drm/i915/display/g4x_dp.c              |   15 +-
 drivers/gpu/drm/i915/display/g4x_hdmi.c            |    4 +-
 drivers/gpu/drm/i915/display/icl_dsi.c             |    5 +-
 drivers/gpu/drm/i915/display/intel_alpm.c          |   15 +-
 drivers/gpu/drm/i915/display/intel_bios.c          |   98 +-
 drivers/gpu/drm/i915/display/intel_bw.c            |  168 ++-
 drivers/gpu/drm/i915/display/intel_cdclk.c         |   54 +-
 drivers/gpu/drm/i915/display/intel_cmtg.c          |  277 ++++-
 drivers/gpu/drm/i915/display/intel_cmtg.h          |   19 +-
 drivers/gpu/drm/i915/display/intel_cmtg_regs.h     |   24 +-
 drivers/gpu/drm/i915/display/intel_color.c         |  115 +-
 drivers/gpu/drm/i915/display/intel_crt.c           |    9 +-
 drivers/gpu/drm/i915/display/intel_cursor.c        |    2 +-
 drivers/gpu/drm/i915/display/intel_cx0_phy.c       |   11 +
 drivers/gpu/drm/i915/display/intel_cx0_phy.h       |    1 -
 drivers/gpu/drm/i915/display/intel_ddi.c           |   29 +-
 drivers/gpu/drm/i915/display/intel_de.c            |   40 +-
 drivers/gpu/drm/i915/display/intel_display.c       |  169 +--
 drivers/gpu/drm/i915/display/intel_display.h       |    7 +
 drivers/gpu/drm/i915/display/intel_display_core.h  |   14 +-
 .../gpu/drm/i915/display/intel_display_debugfs.c   |    2 +
 .../gpu/drm/i915/display/intel_display_device.c    |   14 +
 .../gpu/drm/i915/display/intel_display_device.h    |    3 +-
 .../gpu/drm/i915/display/intel_display_driver.c    |  131 ++-
 .../gpu/drm/i915/display/intel_display_driver.h    |    9 +-
 drivers/gpu/drm/i915/display/intel_display_irq.c   |   19 +
 drivers/gpu/drm/i915/display/intel_display_irq.h   |    2 +
 .../gpu/drm/i915/display/intel_display_limits.h    |    2 +
 drivers/gpu/drm/i915/display/intel_display_power.c |  185 +++-
 drivers/gpu/drm/i915/display/intel_display_power.h |   40 +
 .../drm/i915/display/intel_display_power_well.c    |   76 +-
 .../drm/i915/display/intel_display_power_well.h    |    1 +
 drivers/gpu/drm/i915/display/intel_display_regs.h  |   46 +-
 drivers/gpu/drm/i915/display/intel_display_types.h |   57 +-
 drivers/gpu/drm/i915/display/intel_dmc.c           |   15 +-
 drivers/gpu/drm/i915/display/intel_dmc_regs.h      |    2 +
 drivers/gpu/drm/i915/display/intel_dmc_wl.c        |    2 +-
 drivers/gpu/drm/i915/display/intel_dp.c            |  496 ++-------
 drivers/gpu/drm/i915/display/intel_dp.h            |   16 +-
 drivers/gpu/drm/i915/display/intel_dp_link_caps.c  |  675 ++++++++++++
 drivers/gpu/drm/i915/display/intel_dp_link_caps.h  |   47 +
 .../gpu/drm/i915/display/intel_dp_link_training.c  | 1093 +++++++++++++++-----
 .../gpu/drm/i915/display/intel_dp_link_training.h  |   15 +
 drivers/gpu/drm/i915/display/intel_dp_mst.c        |    8 +-
 drivers/gpu/drm/i915/display/intel_dp_test.c       |    7 +-
 drivers/gpu/drm/i915/display/intel_dp_tunnel.c     |    6 +-
 drivers/gpu/drm/i915/display/intel_dsb.c           |   32 +-
 drivers/gpu/drm/i915/display/intel_dvo.c           |    5 +-
 drivers/gpu/drm/i915/display/intel_gmbus.c         |  148 +--
 drivers/gpu/drm/i915/display/intel_gmbus.h         |   22 +-
 drivers/gpu/drm/i915/display/intel_hdmi.c          |   71 +-
 drivers/gpu/drm/i915/display/intel_hdmi.h          |    2 +
 drivers/gpu/drm/i915/display/intel_initial_plane.c |    2 +-
 drivers/gpu/drm/i915/display/intel_lpe_audio.c     |    4 +-
 drivers/gpu/drm/i915/display/intel_lvds.c          |    5 +-
 drivers/gpu/drm/i915/display/intel_panel.c         |  170 ++-
 drivers/gpu/drm/i915/display/intel_panel.h         |    6 +-
 drivers/gpu/drm/i915/display/intel_parent.c        |    6 +-
 drivers/gpu/drm/i915/display/intel_parent.h        |    4 +-
 drivers/gpu/drm/i915/display/intel_plane.c         |   52 +-
 drivers/gpu/drm/i915/display/intel_plane.h         |    5 +-
 drivers/gpu/drm/i915/display/intel_psr.c           |  267 ++---
 drivers/gpu/drm/i915/display/intel_psr.h           |    1 +
 drivers/gpu/drm/i915/display/intel_psr_regs.h      |    1 +
 drivers/gpu/drm/i915/display/intel_sdvo.c          |    7 +-
 drivers/gpu/drm/i915/display/intel_tv.c            |    5 +-
 drivers/gpu/drm/i915/display/intel_vrr.c           |   33 +-
 drivers/gpu/drm/i915/display/intel_vrr.h           |    4 +-
 drivers/gpu/drm/i915/display/vlv_dsi.c             |    5 +-
 drivers/gpu/drm/i915/gem/i915_gem_object.h         |    7 -
 drivers/gpu/drm/i915/gem/i915_gem_pages.c          |  128 ---
 drivers/gpu/drm/i915/gem/i915_gem_panic.c          |  147 +++
 drivers/gpu/drm/i915/gem/i915_gem_panic.h          |   11 +
 drivers/gpu/drm/i915/gt/intel_gsc.c                |    2 +-
 drivers/gpu/drm/i915/gvt/edid.c                    |   14 +-
 drivers/gpu/drm/i915/i915_driver.c                 |  123 +--
 drivers/gpu/drm/i915/i915_panic.c                  |   35 -
 drivers/gpu/drm/i915/i915_panic.h                  |    9 -
 drivers/gpu/drm/xe/Makefile                        |    1 +
 drivers/gpu/drm/xe/display/xe_display.c            |  244 ++---
 drivers/gpu/drm/xe/display/xe_display.h            |   10 +-
 drivers/gpu/drm/xe/display/xe_panic.c              |   26 +-
 drivers/gpu/drm/xe/xe_device.c                     |    4 +-
 include/drm/drm_modes.h                            |    1 +
 include/drm/intel/display_parent_interface.h       |    4 +-
 include/drm/intel/mchbar_regs.h                    |    2 -
 90 files changed, 3711 insertions(+), 1996 deletions(-)
 create mode 100644 Documentation/gpu/intel-display/dp-link-training.rst
 create mode 100644 drivers/gpu/drm/i915/display/intel_dp_link_caps.c
 create mode 100644 drivers/gpu/drm/i915/display/intel_dp_link_caps.h
 create mode 100644 drivers/gpu/drm/i915/gem/i915_gem_panic.c
 create mode 100644 drivers/gpu/drm/i915/gem/i915_gem_panic.h
 delete mode 100644 drivers/gpu/drm/i915/i915_panic.c
 delete mode 100644 drivers/gpu/drm/i915/i915_panic.h
Merging drm-msm/msm-next (9a967125427e0 drm/msm/adreno: add Adreno 810 GPU support)
$ git merge -m Merge branch 'msm-next' of https://gitlab.freedesktop.org/drm/msm.git drm-msm/msm-next
Already up to date.
Merging drm-msm-lumag/msm-next-lumag (8de061ca149c9 drm/msm: Restore second parameter name in purge() and evict())
$ git merge -m Merge branch 'msm-next-lumag' of https://gitlab.freedesktop.org/lumag/msm.git drm-msm-lumag/msm-next-lumag
Already up to date.
Merging drm-xe/drm-xe-next (e459a3bdeb117 drm/xe/hw_engine: Fix double-free of managed BO in error path)
$ git merge -m Merge branch 'drm-xe-next' of https://gitlab.freedesktop.org/drm/xe/kernel.git drm-xe/drm-xe-next
Auto-merging drivers/gpu/drm/xe/Makefile
Auto-merging drivers/gpu/drm/xe/xe_device.c
Auto-merging drivers/gpu/drm/xe/xe_drm_ras.c
Auto-merging drivers/gpu/drm/xe/xe_guc_submit.c
CONFLICT (content): Merge conflict in drivers/gpu/drm/xe/xe_guc_submit.c
Auto-merging drivers/gpu/drm/xe/xe_hw_error.c
Auto-merging drivers/gpu/drm/xe/xe_pt.c
Auto-merging kernel/events/core.c
Resolved 'drivers/gpu/drm/xe/xe_guc_submit.c' using previous resolution.
Automatic merge failed; fix conflicts and then commit the result.
$ git commit --no-edit -v -a
[master 7727515c23fbb] Merge branch 'drm-xe-next' of https://gitlab.freedesktop.org/drm/xe/kernel.git
$ git diff -M --stat --summary HEAD^..
 .../ABI/testing/sysfs-driver-intel-xe-hwmon        |   7 +
 drivers/gpu/drm/xe/Kconfig.profile                 |  71 ++++---
 drivers/gpu/drm/xe/display/xe_display_bo.c         |   3 +-
 drivers/gpu/drm/xe/display/xe_fb_pin.c             |   3 +-
 drivers/gpu/drm/xe/tests/Makefile                  |   1 +
 drivers/gpu/drm/xe/tests/xe_rtp_tables_test.c      |  91 ++++++++
 drivers/gpu/drm/xe/tests/xe_rtp_test.c             | 155 ++++++++------
 drivers/gpu/drm/xe/xe_device.c                     |  29 ++-
 drivers/gpu/drm/xe/xe_device_types.h               |   2 +
 drivers/gpu/drm/xe/xe_drm_ras.c                    |  41 ++--
 drivers/gpu/drm/xe/xe_eu_stall.c                   |   5 +-
 drivers/gpu/drm/xe/xe_exec_queue_types.h           |   2 -
 drivers/gpu/drm/xe/xe_execlist.c                   |   7 -
 drivers/gpu/drm/xe/xe_ggtt.c                       |   8 +-
 drivers/gpu/drm/xe/xe_gt_debugfs.c                 |   4 +-
 drivers/gpu/drm/xe/xe_gt_mcr.c                     |  16 +-
 drivers/gpu/drm/xe/xe_guc_submit.c                 |  18 +-
 drivers/gpu/drm/xe/xe_hw_engine.c                  | 230 +++++++++++----------
 drivers/gpu/drm/xe/xe_hw_engine_types.h            |   8 +
 drivers/gpu/drm/xe/xe_hw_error.c                   |  23 +--
 drivers/gpu/drm/xe/xe_lrc.c                        |   8 +-
 drivers/gpu/drm/xe/xe_mmio.c                       | 100 ++++++---
 drivers/gpu/drm/xe/xe_oa.c                         |  32 ++-
 drivers/gpu/drm/xe/xe_oa_types.h                   |   3 +
 drivers/gpu/drm/xe/xe_observation.c                |  32 ++-
 drivers/gpu/drm/xe/xe_observation.h                |   3 +-
 drivers/gpu/drm/xe/xe_pci.c                        |   3 +
 drivers/gpu/drm/xe/xe_pci_types.h                  |   1 +
 drivers/gpu/drm/xe/xe_pcode.c                      |   8 +-
 drivers/gpu/drm/xe/xe_pcode.h                      |   2 +-
 drivers/gpu/drm/xe/xe_pt.c                         |  61 +++++-
 drivers/gpu/drm/xe/xe_pxp.c                        |  35 +++-
 drivers/gpu/drm/xe/xe_query.c                      |   7 +-
 drivers/gpu/drm/xe/xe_ras.c                        | 192 +++++++++++++++++
 drivers/gpu/drm/xe/xe_ras.h                        |   5 +
 drivers/gpu/drm/xe/xe_ras_types.h                  |  51 +++++
 drivers/gpu/drm/xe/xe_reg_whitelist.c              | 100 +++++++--
 drivers/gpu/drm/xe/xe_reg_whitelist.h              |   4 +
 drivers/gpu/drm/xe/xe_rtp.c                        |  41 ++--
 drivers/gpu/drm/xe/xe_rtp.h                        |  43 +++-
 drivers/gpu/drm/xe/xe_rtp_types.h                  |  43 +++-
 drivers/gpu/drm/xe/xe_svm.c                        |   6 +-
 drivers/gpu/drm/xe/xe_svm.h                        |  15 +-
 drivers/gpu/drm/xe/xe_sysctrl_mailbox.c            |  28 +++
 drivers/gpu/drm/xe/xe_sysctrl_mailbox.h            |   3 +
 drivers/gpu/drm/xe/xe_sysctrl_mailbox_types.h      |   4 +
 drivers/gpu/drm/xe/xe_tile.c                       |   4 +-
 drivers/gpu/drm/xe/xe_tuning.c                     |  46 ++---
 drivers/gpu/drm/xe/xe_tuning.h                     |   6 +
 drivers/gpu/drm/xe/xe_userptr.c                    |   2 +-
 drivers/gpu/drm/xe/xe_vm_madvise.c                 |  19 +-
 drivers/gpu/drm/xe/xe_wa.c                         |  98 +++++----
 drivers/gpu/drm/xe/xe_wa.h                         |   7 +
 drivers/gpu/drm/xe/xe_wa_oob.rules                 |   1 +
 include/drm/intel/pciids.h                         |   5 +-
 include/linux/perf_event.h                         |  31 ++-
 include/uapi/drm/xe_drm.h                          |  11 +-
 kernel/events/core.c                               |  18 ++
 58 files changed, 1314 insertions(+), 488 deletions(-)
 create mode 100644 drivers/gpu/drm/xe/tests/xe_rtp_tables_test.c
$ git am -3 ../patches/0001-drm-xe-Fix-up-merge-issue.patch
Applying: drm: xe: Fix up merge issue
Using index info to reconstruct a base tree...
M	drivers/gpu/drm/xe/xe_ttm_vram_mgr.c
Falling back to patching base and 3-way merge...
Auto-merging drivers/gpu/drm/xe/xe_ttm_vram_mgr.c
No changes -- Patch already applied.
Merging drm-rust/for-linux-next (23d66dbab84e8 gpu: nova-core: falcon: store bar and dev in falcon)
$ git merge -m Merge branch 'for-linux-next' of https://gitlab.freedesktop.org/drm/rust/kernel.git drm-rust/for-linux-next
Merge made by the 'ort' strategy.
 Documentation/gpu/nova/core/fsp.rst                | 142 ++++++
 Documentation/gpu/nova/index.rst                   |   1 +
 drivers/gpu/Makefile                               |  58 ++-
 drivers/gpu/drm/Makefile                           |   2 +-
 drivers/gpu/drm/nova/Makefile                      |   4 +-
 drivers/gpu/drm/tyr/regs.rs                        |  14 +-
 drivers/gpu/nova-core/.gitignore                   |   1 +
 drivers/gpu/nova-core/Makefile                     |   4 +-
 drivers/gpu/nova-core/falcon.rs                    | 195 ++++---
 drivers/gpu/nova-core/falcon/fsp.rs                |  44 +-
 drivers/gpu/nova-core/falcon/gsp.rs                |  32 +-
 drivers/gpu/nova-core/falcon/hal.rs                |  14 +-
 drivers/gpu/nova-core/falcon/hal/ga102.rs          |  29 +-
 drivers/gpu/nova-core/falcon/hal/tu102.rs          |  24 +-
 drivers/gpu/nova-core/fb.rs                        |   4 +-
 drivers/gpu/nova-core/fb/hal/gb202.rs              |  28 +-
 drivers/gpu/nova-core/fb/hal/gh100.rs              |  31 +-
 drivers/gpu/nova-core/fb/regs.rs                   |  25 +
 drivers/gpu/nova-core/firmware.rs                  |  19 +-
 drivers/gpu/nova-core/firmware/booter.rs           |  25 +-
 drivers/gpu/nova-core/firmware/fwsec.rs            |  19 +-
 drivers/gpu/nova-core/firmware/fwsec/bootloader.rs |  16 +-
 drivers/gpu/nova-core/fsp.rs                       | 100 ++--
 drivers/gpu/nova-core/gpu.rs                       | 136 +++--
 drivers/gpu/nova-core/gsp.rs                       |  38 +-
 drivers/gpu/nova-core/gsp/boot.rs                  |  54 +-
 drivers/gpu/nova-core/gsp/cmdq.rs                  |   3 +-
 drivers/gpu/nova-core/gsp/commands.rs              |  13 +-
 drivers/gpu/nova-core/gsp/fw/commands.rs           |  40 +-
 drivers/gpu/nova-core/gsp/hal.rs                   |  27 +-
 drivers/gpu/nova-core/gsp/hal/gh100.rs             |  52 +-
 drivers/gpu/nova-core/gsp/hal/tu102.rs             | 118 +++--
 drivers/gpu/nova-core/gsp/regs.rs                  |  11 +
 drivers/gpu/nova-core/gsp/sequencer.rs             |  31 +-
 drivers/gpu/nova-core/nova_core.rs                 |   2 +-
 drivers/gpu/nova-core/nova_core_exports.c          |  15 +
 drivers/gpu/nova-core/regs.rs                      |  70 ++-
 rust/kernel/drm/device.rs                          |   2 +-
 rust/kernel/drm/gem/mod.rs                         |   2 +-
 rust/kernel/drm/gem/shmem.rs                       | 558 ++++++++++++++++++++-
 rust/kernel/drm/gpuvm/mod.rs                       |  12 +-
 rust/kernel/drm/gpuvm/sm_ops.rs                    |   4 +-
 rust/kernel/faux.rs                                |  18 +-
 43 files changed, 1447 insertions(+), 590 deletions(-)
 create mode 100644 Documentation/gpu/nova/core/fsp.rst
 create mode 100644 drivers/gpu/nova-core/.gitignore
 create mode 100644 drivers/gpu/nova-core/fb/regs.rs
 create mode 100644 drivers/gpu/nova-core/gsp/regs.rs
 create mode 100644 drivers/gpu/nova-core/nova_core_exports.c
$ git am -3 ../patches/0001-drm-nova-Fix-up-merge-issue.patch
Applying: drm: nova: Fix up merge issue
Using index info to reconstruct a base tree...
M	drivers/gpu/nova-core/gsp/cmdq.rs
Falling back to patching base and 3-way merge...
Auto-merging drivers/gpu/nova-core/gsp/cmdq.rs
No changes -- Patch already applied.
Merging drm-nova/nova-next (93296e9d9528f gpu: nova-core: vbios: store reference to Device where relevant)
$ git merge -m Merge branch 'nova-next' of https://gitlab.freedesktop.org/drm/nova.git drm-nova/nova-next
Already up to date.
Merging etnaviv/etnaviv/next (6bde14ba5f7ef drm/etnaviv: add optional reset support)
$ git merge -m Merge branch 'etnaviv/next' of https://git.pengutronix.de/git/lst/linux etnaviv/etnaviv/next
Already up to date.
Merging fbdev/for-next (dc59e4fea9d83 Linux 7.2-rc1)
$ git merge -m Merge branch 'for-next' of https://git.kernel.org/pub/scm/linux/kernel/git/deller/linux-fbdev.git fbdev/for-next
Already up to date.
$ git am -3 ../patches/0001-fix-up-for-drm-hyperv-Remove-reference-to-hyperv_fb-.patch
Applying: fix up for "drm/hyperv: Remove reference to hyperv_fb driver"
$ git reset HEAD^
Unstaged changes after reset:
M	drivers/gpu/drm/hyperv/Kconfig
$ git add -A .
$ git commit -v -a --amend
warning: notes ref refs/notes/commits is invalid
[master e61eda728df13] Merge branch 'for-linux-next' of https://gitlab.freedesktop.org/drm/rust/kernel.git
 Date: Tue Jun 30 16:31:05 2026 +0100
Merging regmap/for-next (5663b89570d12 Merge remote-tracking branch 'regmap/for-7.3' into regmap-next)
$ git merge -m Merge branch 'for-next' of https://git.kernel.org/pub/scm/linux/kernel/git/broonie/regmap.git regmap/for-next
Merge made by the 'ort' strategy.
 drivers/base/regmap/internal.h        | 2 +-
 drivers/base/regmap/regcache-flat.c   | 4 +---
 drivers/base/regmap/regcache-maple.c  | 8 +++-----
 drivers/base/regmap/regcache-rbtree.c | 8 +++-----
 4 files changed, 8 insertions(+), 14 deletions(-)
Merging sound/for-next (c0933934d5d96 ALSA: hda: Force resume if acomp notified during system suspend)
$ git merge -m Merge branch 'for-next' of https://git.kernel.org/pub/scm/linux/kernel/git/tiwai/sound.git sound/for-next
Merge made by the 'ort' strategy.
 include/sound/hda_codec.h                     |   1 +
 sound/core/pcm_native.c                       |   2 +
 sound/hda/codecs/hdmi/hdmi.c                  |   4 +-
 sound/hda/codecs/helpers/razer_blade16_2025.c | 820 ++++++++++++++++++++++++++
 sound/hda/codecs/realtek/alc269.c             |  21 +
 sound/hda/common/codec.c                      |   5 +-
 sound/hda/controllers/intel.c                 |  11 +
 sound/hda/core/controller.c                   |  10 +-
 sound/hda/core/stream.c                       |  40 +-
 sound/usb/card.c                              |  70 ++-
 sound/usb/mixer_quirks.c                      |  20 +
 sound/usb/quirks-table.h                      |  67 +++
 12 files changed, 1026 insertions(+), 45 deletions(-)
 create mode 100644 sound/hda/codecs/helpers/razer_blade16_2025.c
Merging ieee1394/for-next (e954726de5696 firewire: core: Open-code topology list walk)
$ git merge -m Merge branch 'for-next' of https://git.kernel.org/pub/scm/linux/kernel/git/ieee1394/linux1394.git ieee1394/for-next
Already up to date.
Merging sound-asoc/for-next (3017aa6abb08c Merge remote-tracking branch 'asoc/for-7.3' into asoc-next)
$ git merge -m Merge branch 'for-next' of https://git.kernel.org/pub/scm/linux/kernel/git/broonie/sound.git sound-asoc/for-next
Merge made by the 'ort' strategy.
 .../bindings/sound/mediatek,mtk-btcvsd-snd.yaml    |  59 ++
 .../devicetree/bindings/sound/mtk-btcvsd-snd.txt   |  24 -
 include/sound/sof/dai.h                            |   1 +
 sound/soc/codecs/Kconfig                           |   2 +-
 sound/soc/codecs/hdac_hda.c                        |   4 +-
 sound/soc/codecs/hdac_hdmi.c                       |  10 +-
 sound/soc/codecs/max98090.c                        |   1 +
 sound/soc/codecs/rt1320-sdw.c                      | 816 +++++++++++++++++----
 sound/soc/codecs/rt1320-sdw.h                      |  12 +
 sound/soc/codecs/rt5677.c                          |  17 +
 sound/soc/codecs/rt700-sdw.c                       |   6 +-
 sound/soc/codecs/sma1303.c                         |   2 +
 sound/soc/codecs/tlv320aic26.c                     |   6 +
 sound/soc/fsl/fsl_asrc.c                           |  10 +-
 sound/soc/fsl/fsl_audmix.c                         |  35 +-
 sound/soc/fsl/fsl_easrc.c                          |  36 +-
 sound/soc/fsl/fsl_esai.c                           |  16 +-
 sound/soc/fsl/fsl_spdif.c                          |   8 +-
 sound/soc/fsl/fsl_ssi.c                            |  13 +-
 sound/soc/fsl/fsl_xcvr.c                           |  29 +-
 sound/soc/fsl/imx-audio-rpmsg.c                    |  25 +-
 sound/soc/fsl/imx-pcm-rpmsg.c                      |  69 +-
 sound/soc/fsl/mpc5200_dma.c                        |  56 +-
 sound/soc/fsl/mpc5200_psc_ac97.c                   |  34 +-
 sound/soc/fsl/mpc5200_psc_i2s.c                    |   1 +
 sound/soc/intel/atom/sst-atom-controls.c           |  67 +-
 sound/soc/intel/atom/sst-mfld-platform-pcm.c       |  59 +-
 sound/soc/intel/atom/sst/sst_ipc.c                 |   5 +-
 sound/soc/intel/atom/sst/sst_pci.c                 |   4 +-
 sound/soc/intel/atom/sst/sst_pvt.c                 |   9 +-
 sound/soc/intel/avs/apl.c                          |   8 +-
 sound/soc/intel/avs/control.c                      |   7 +-
 sound/soc/intel/avs/core.c                         |   4 +-
 sound/soc/intel/avs/debug.h                        |  10 +-
 sound/soc/intel/avs/debugfs.c                      |  19 +-
 sound/soc/intel/avs/ipc.c                          |  59 +-
 sound/soc/intel/avs/loader.c                       |  15 +-
 sound/soc/intel/avs/path.c                         |  30 +-
 sound/soc/intel/avs/utils.c                        |  45 +-
 sound/soc/meson/Makefile                           |   2 +
 sound/soc/meson/aiu-encoder-i2s.c                  | 281 +++++--
 sound/soc/meson/aiu-formatter-i2s.c                | 104 +++
 sound/soc/meson/aiu.c                              |  32 +-
 sound/soc/meson/aiu.h                              |   4 +
 sound/soc/meson/g12a-toacodec.c                    |   2 +-
 sound/soc/meson/g12a-tohdmitx.c                    |   2 +-
 sound/soc/meson/gx-formatter.c                     | 282 +++++++
 sound/soc/meson/gx-formatter.h                     |  56 ++
 sound/soc/meson/gx-interface.h                     |  48 ++
 sound/soc/meson/t9015.c                            |   6 +-
 sound/soc/sof/ipc4-topology.c                      |   2 +
 sound/soc/sof/topology.c                           |   8 +-
 52 files changed, 1829 insertions(+), 633 deletions(-)
 create mode 100644 Documentation/devicetree/bindings/sound/mediatek,mtk-btcvsd-snd.yaml
 delete mode 100644 Documentation/devicetree/bindings/sound/mtk-btcvsd-snd.txt
 create mode 100644 sound/soc/meson/aiu-formatter-i2s.c
 create mode 100644 sound/soc/meson/gx-formatter.c
 create mode 100644 sound/soc/meson/gx-formatter.h
 create mode 100644 sound/soc/meson/gx-interface.h
Merging modules/modules-next (36d6b929bb0c7 rust: module_param: add missing newline to pr_warn_once)
$ git merge -m Merge branch 'modules-next' of https://git.kernel.org/pub/scm/linux/kernel/git/modules/linux.git modules/modules-next
Already up to date.
Merging input/next (c8f174900926d Input: sur40 - fix MAX_CONTACTS value based on PixelSense specification)
$ git merge -m Merge branch 'next' of https://git.kernel.org/pub/scm/linux/kernel/git/dtor/input.git input/next
Auto-merging Documentation/devicetree/bindings/input/microchip,cap11xx.yaml
Merge made by the 'ort' strategy.
 .../devicetree/bindings/input/imagis,isa1200.yaml  | 141 ++++++
 .../bindings/input/microchip,cap11xx.yaml          |  92 +++-
 .../devicetree/bindings/input/syna,rmi4.yaml       |  11 +-
 drivers/input/keyboard/cap11xx.c                   | 275 +++++++----
 drivers/input/misc/Kconfig                         |  12 +
 drivers/input/misc/Makefile                        |   1 +
 drivers/input/misc/isa1200.c                       | 533 +++++++++++++++++++++
 drivers/input/mouse/synaptics.c                    |   1 +
 drivers/input/touchscreen/mms114.c                 | 245 +++++-----
 drivers/input/touchscreen/sur40.c                  |   4 +-
 10 files changed, 1085 insertions(+), 230 deletions(-)
 create mode 100644 Documentation/devicetree/bindings/input/imagis,isa1200.yaml
 create mode 100644 drivers/input/misc/isa1200.c
Merging block/for-next (87aeedb524030 Merge branch 'block-7.2' into for-next)
$ git merge -m Merge branch 'for-next' of https://git.kernel.org/pub/scm/linux/kernel/git/axboe/linux.git block/for-next
Merge made by the 'ort' strategy.
 block/blk-mq.c | 3 ++-
 1 file changed, 2 insertions(+), 1 deletion(-)
$ git am -3 ../patches/0001-Revert-block-remove-bio_last_bvec_all.patch
Applying: Revert "block: remove bio_last_bvec_all"
$ git reset HEAD^
Unstaged changes after reset:
M	Documentation/block/biovecs.rst
M	include/linux/bio.h
$ git add -A .
$ git commit -v -a --amend
warning: notes ref refs/notes/commits is invalid
[master 4ecf64564c5d7] Merge branch 'for-next' of https://git.kernel.org/pub/scm/linux/kernel/git/axboe/linux.git
 Date: Tue Jun 30 16:36:50 2026 +0100
Merging device-mapper/for-next (55c99f2d901c7 dm-zoned-metadata: Use strscpy() to copy device name)
$ git merge -m Merge branch 'for-next' of https://git.kernel.org/pub/scm/linux/kernel/git/device-mapper/linux-dm.git device-mapper/for-next
Already up to date.
Merging libata/for-next (21e7b9710a24b ata: Use named initializers for pci_device_id arrays)
$ git merge -m Merge branch 'for-next' of https://git.kernel.org/pub/scm/linux/kernel/git/libata/linux libata/for-next
Already up to date.
Merging pcmcia/pcmcia-next (b3c26ea81ccc5 pcmcia: remove obsolete host controller drivers)
$ git merge -m Merge branch 'pcmcia-next' of https://git.kernel.org/pub/scm/linux/kernel/git/brodo/linux.git pcmcia/pcmcia-next
Already up to date.
Merging mmc/next (576e40d20e100 mmc: Merge branch fixes into next)
$ git merge -m Merge branch 'next' of https://git.kernel.org/pub/scm/linux/kernel/git/ulfh/mmc.git mmc/next
Already up to date.
Merging mfd/for-mfd-next (c454531af72e0 dt-bindings: mfd: syscon: Revert renesas,r9a08g046-lvds-cmn)
$ git merge -m Merge branch 'for-mfd-next' of https://git.kernel.org/pub/scm/linux/kernel/git/lee/mfd.git mfd/for-mfd-next
Already up to date.
Merging backlight/for-backlight-next (b3c8bb2e69979 backlight: Use named initializers for arrays of i2c_device_data)
$ git merge -m Merge branch 'for-backlight-next' of https://git.kernel.org/pub/scm/linux/kernel/git/lee/backlight.git backlight/for-backlight-next
Already up to date.
Merging battery/for-next (a888754e51e91 Documentation: ABI: sysfs-class-reboot-mode-reboot_modes: fix doc warnings)
$ git merge -m Merge branch 'for-next' of https://git.kernel.org/pub/scm/linux/kernel/git/sre/linux-power-supply.git battery/for-next
Already up to date.
Merging regulator/for-next (f2bae7ea75214 Merge remote-tracking branch 'regulator/for-7.3' into regulator-next)
$ git merge -m Merge branch 'for-next' of https://git.kernel.org/pub/scm/linux/kernel/git/broonie/regulator.git regulator/for-next
Merge made by the 'ort' strategy.
 .../regulator/qcom,sdm845-refgen-regulator.yaml    |  31 +++++-
 drivers/regulator/max14577-regulator.c             | 103 ++++++++++++++++++-
 drivers/regulator/qcom-refgen-regulator.c          | 113 +++++++++++++++++++--
 include/linux/mfd/max14577-private.h               |   3 +
 4 files changed, 237 insertions(+), 13 deletions(-)
Merging security/next (a278369efa38d Automated merge of 'dev' into 'next')
$ git merge -m Merge branch 'next' of https://git.kernel.org/pub/scm/linux/kernel/git/pcmoore/lsm.git security/next
Merge made by the 'ort' strategy.
Merging apparmor/apparmor-next (dda61023f976d apparmor: fix alternate loaders ability to load compressed policy)
$ git merge -m Merge branch 'apparmor-next' of https://git.kernel.org/pub/scm/linux/kernel/git/jj/linux-apparmor apparmor/apparmor-next
Merge made by the 'ort' strategy.
 security/apparmor/af_unix.c               |   1 +
 security/apparmor/apparmorfs.c            | 129 +++++++++++++++++++++++++++++-
 security/apparmor/domain.c                |   1 +
 security/apparmor/include/apparmorfs.h    |   3 +
 security/apparmor/include/capability.h    |   1 +
 security/apparmor/include/path.h          |   3 +
 security/apparmor/include/policy.h        |   4 +-
 security/apparmor/include/policy_unpack.h |   4 +-
 security/apparmor/include/procattr.h      |   2 +
 security/apparmor/include/task.h          |   5 ++
 security/apparmor/policy.c                |   8 +-
 security/apparmor/policy_unpack.c         |  24 +++++-
 12 files changed, 174 insertions(+), 11 deletions(-)
Merging integrity/next-integrity (35d6f5e788dae doc: security: Add documentation of exporting and deleting IMA measurements)
$ git merge -m Merge branch 'next-integrity' of https://git.kernel.org/pub/scm/linux/kernel/git/zohar/linux-integrity integrity/next-integrity
Already up to date.
Merging selinux/next (fdaf1f88911dd Automated merge of 'dev' into 'next')
$ git merge -m Merge branch 'next' of https://git.kernel.org/pub/scm/linux/kernel/git/pcmoore/selinux.git selinux/next
Merge made by the 'ort' strategy.
Merging smack/next (b78fede1c69a0 smack: simplify write handlers of sysfs entries)
$ git merge -m Merge branch 'next' of https://github.com/cschaufler/smack-next smack/next
Auto-merging security/smack/smack_lsm.c
Merge made by the 'ort' strategy.
 security/smack/smack_lsm.c |  2 +-
 security/smack/smackfs.c   | 81 +++++++++++++---------------------------------
 2 files changed, 23 insertions(+), 60 deletions(-)
Merging tomoyo/master (3ae78a69d3a9a loop: Fix NULL pointer dereference in lo_rw_aio())
$ git merge -m Merge branch 'master' of git://git.code.sf.net/p/tomoyo/tomoyo.git tomoyo/master
Auto-merging lib/Kconfig.debug
Merge made by the 'ort' strategy.
 drivers/block/loop.c      |  87 ++++++++++++++++++++-
 fs/namespace.c            |   5 ++
 include/linux/netdevice.h |  15 ++++
 include/net/dst.h         |  22 +++++-
 include/net/sock.h        |   8 +-
 kernel/locking/lockdep.c  |   2 +
 kernel/softirq.c          |   4 +
 kernel/workqueue.c        |   4 +
 lib/Kconfig.debug         |   7 ++
 net/bridge/br_nf_core.c   |   1 +
 net/core/dev.c            | 188 ++++++++++++++++++++++++++++++++++++++++++++++
 net/core/dst.c            |  85 +++++++++++++++++++++
 net/core/lock_debug.c     |   1 +
 net/socket.c              |  32 ++++++--
 14 files changed, 448 insertions(+), 13 deletions(-)
Merging tpmdd-tpm/for-next-tpm (4ece5759c1a29 tpm: tpm_i2c_nuvoton: disable IRQ on wait timeout)
$ git merge -m Merge branch 'for-next-tpm' of https://git.kernel.org/pub/scm/linux/kernel/git/jarkko/linux-tpmdd.git tpmdd-tpm/for-next-tpm
Merge made by the 'ort' strategy.
 drivers/char/tpm/tpm_i2c_nuvoton.c | 6 ++++--
 1 file changed, 4 insertions(+), 2 deletions(-)
Merging tpmdd-keys/for-next-keys (51cb1aa1250c3 Merge tag 'loongarch-7.2' of git://git.kernel.org/pub/scm/linux/kernel/git/chenhuacai/linux-loongson)
$ git merge -m Merge branch 'for-next-keys' of https://git.kernel.org/pub/scm/linux/kernel/git/jarkko/linux-tpmdd.git tpmdd-keys/for-next-keys
Already up to date.
Merging watchdog/watchdog-next (54c726fbb5334 watchdog: sc1200: Drop unused assignment of pnp_device_id driver data)
$ git merge -m Merge branch 'watchdog-next' of https://git.kernel.org/pub/scm/linux/kernel/git/groeck/linux-staging.git watchdog/watchdog-next
Already up to date.
Merging iommu/next (dd8a3c6cd531d Merge branches 'apple/dart', 'arm/smmu/updates', 'arm/smmu/bindings', 'rockchip', 'verisilicon', 'riscv', 'intel/vt-d', 'amd/amd-vi' and 'core' into next)
$ git merge -m Merge branch 'next' of https://git.kernel.org/pub/scm/linux/kernel/git/iommu/linux.git iommu/next
Already up to date.
Merging audit/next (7aefee0518c3b Automated merge of 'dev' into 'next')
$ git merge -m Merge branch 'next' of https://git.kernel.org/pub/scm/linux/kernel/git/pcmoore/audit.git audit/next
Merge made by the 'ort' strategy.
Merging devicetree/for-next (dc59e4fea9d83 Linux 7.2-rc1)
$ git merge -m Merge branch 'for-next' of https://git.kernel.org/pub/scm/linux/kernel/git/robh/linux.git devicetree/for-next
Already up to date.
Merging dt-krzk/for-next (dc59e4fea9d83 Linux 7.2-rc1)
$ git merge -m Merge branch 'for-next' of https://git.kernel.org/pub/scm/linux/kernel/git/krzk/linux-dt.git dt-krzk/for-next
Already up to date.
Merging mailbox/for-next (36cac4b5101f8 mailbox: imx: Don't force-thread the primary handler)
$ git merge -m Merge branch 'for-next' of https://git.kernel.org/pub/scm/linux/kernel/git/jassibrar/mailbox.git mailbox/for-next
Already up to date.
Merging spi/for-next (02cebfb45b3e5 Merge remote-tracking branch 'spi/for-7.3' into spi-next)
$ git merge -m Merge branch 'for-next' of https://git.kernel.org/pub/scm/linux/kernel/git/broonie/spi.git spi/for-next
Merge made by the 'ort' strategy.
 .../bindings/spi/cavium,octeon-3010-spi.yaml       | 61 ++++++++++++++++++++++
 .../devicetree/bindings/spi/spi-octeon.txt         | 33 ------------
 .../devicetree/bindings/spi/st,stm32-qspi.yaml     |  3 ++
 drivers/spi/spi-atcspi200.c                        |  5 +-
 drivers/spi/spi-bcm-qspi.c                         |  6 ++-
 drivers/spi/spi-bcm63xx-hsspi.c                    |  6 ++-
 drivers/spi/spi-bcm63xx.c                          |  5 +-
 drivers/spi/spi-bcmbca-hsspi.c                     |  6 ++-
 drivers/spi/spi-fsl-dspi.c                         | 21 ++++++--
 drivers/spi/spi-npcm-fiu.c                         | 15 +++---
 drivers/spi/spi-nxp-fspi.c                         | 31 +++++++----
 drivers/spi/spi-qpic-snand.c                       |  6 ++-
 12 files changed, 140 insertions(+), 58 deletions(-)
 create mode 100644 Documentation/devicetree/bindings/spi/cavium,octeon-3010-spi.yaml
 delete mode 100644 Documentation/devicetree/bindings/spi/spi-octeon.txt
Merging tip/master (4835dc432648c Merge branch into tip/master: 'x86/cleanups')
$ git merge -m Merge branch 'master' of https://git.kernel.org/pub/scm/linux/kernel/git/tip/tip.git tip/master
Auto-merging kernel/cgroup/cpuset.c
Auto-merging kernel/events/core.c
Merge made by the 'ort' strategy.
 .../interrupt-controller/realtek,rtl-intc.yaml     |    5 +-
 arch/x86/events/core.c                             |    3 +-
 arch/x86/events/intel/core.c                       |   60 +-
 arch/x86/events/intel/ds.c                         |   13 -
 arch/x86/events/intel/lbr.c                        |   14 +-
 arch/x86/events/intel/uncore.c                     |  227 ++--
 arch/x86/events/intel/uncore.h                     |   39 +-
 arch/x86/events/intel/uncore_discovery.c           |   21 +-
 arch/x86/events/intel/uncore_discovery.h           |    6 +-
 arch/x86/events/intel/uncore_nhmex.c               |    3 +-
 arch/x86/events/intel/uncore_snb.c                 |   82 +-
 arch/x86/events/intel/uncore_snbep.c               |   77 +-
 arch/x86/events/perf_event.h                       |    4 +-
 arch/x86/include/asm/linkage.h                     |    2 +-
 arch/x86/kernel/alternative.c                      |   12 +-
 drivers/irqchip/irq-realtek-rtl.c                  |  152 ++-
 include/asm-generic/vdso/vsyscall.h                |    4 +-
 include/linux/cpuset.h                             |    6 +
 include/linux/sched.h                              |    4 +-
 include/vdso/datapage.h                            |    6 +-
 include/vdso/helpers.h                             |    4 +-
 include/vdso/processor.h                           |    4 +-
 include/vdso/vsyscall.h                            |    4 +-
 kernel/cgroup/cpuset.c                             |   22 +
 kernel/events/core.c                               |   41 +-
 kernel/irq/irqdomain.c                             |    8 +-
 kernel/irq/manage.c                                |    6 +-
 kernel/sched/core.c                                |    5 +-
 kernel/sched/deadline.c                            |    6 +-
 kernel/sched/debug.c                               |   92 +-
 kernel/sched/fair.c                                | 1211 +++++++++++---------
 kernel/sched/pelt.c                                |    6 +-
 kernel/sched/psi.c                                 |    2 +-
 kernel/sched/rt.c                                  |    3 +-
 kernel/sched/sched.h                               |   49 +-
 kernel/smp.c                                       |   26 +-
 36 files changed, 1308 insertions(+), 921 deletions(-)
$ git am -3 ../patches/0001-vdso-Merge-fixup-with-mm.patch
Applying: vdso: Merge fixup with mm
Using index info to reconstruct a base tree...
M	kernel/time/namespace_vdso.c
Falling back to patching base and 3-way merge...
No changes -- Patch already applied.
Merging kexec/kexec-next (7eb5f7c5b5d58 kexec_file: skip checksum verification when safe)
$ git merge -m Merge branch 'kexec-next' of https://git.kernel.org/pub/scm/linux/kernel/git/liveupdate/linux.git kexec/kexec-next
Merge made by the 'ort' strategy.
 kernel/kexec_file.c | 27 +++++++++++++++++++++++++++
 1 file changed, 27 insertions(+)
Merging liveupdate/next (dc59e4fea9d83 Linux 7.2-rc1)
$ git merge -m Merge branch 'next' of https://git.kernel.org/pub/scm/linux/kernel/git/liveupdate/linux.git liveupdate/next
Already up to date.
Merging clockevents/timers/drivers/next (a9ac745bc320c clocksource: move NXP timer selection to drivers/clocksource)
$ git merge -m Merge branch 'timers/drivers/next' of https://git.kernel.org/pub/scm/linux/kernel/git/daniel.lezcano/linux.git clockevents/timers/drivers/next
Already up to date.
Merging edac/edac-for-next (4dae9b2c1a424 Merge remote-tracking branch 'ras/edac-amd-atl' into edac-for-next)
$ git merge -m Merge branch 'edac-for-next' of https://git.kernel.org/pub/scm/linux/kernel/git/ras/ras.git edac/edac-for-next
Auto-merging MAINTAINERS
Merge made by the 'ort' strategy.
 MAINTAINERS            |  3 +--
 drivers/edac/debugfs.c | 65 +-------------------------------------------------
 include/linux/edac.h   |  3 ---
 3 files changed, 2 insertions(+), 69 deletions(-)
Merging ftrace/for-next (0e372d9db612b Merge trace/for-next)
$ git merge -m Merge branch 'for-next' of https://git.kernel.org/pub/scm/linux/kernel/git/trace/linux-trace.git ftrace/for-next
Merge made by the 'ort' strategy.
$ git am -3 ../patches/0001-ftrace-Fix-semantic-conflict-with-mm-tree.patch
Applying: ftrace: Fix semantic conflict with mm tree
Using index info to reconstruct a base tree...
M	kernel/trace/trace_printk.c
Falling back to patching base and 3-way merge...
Auto-merging kernel/trace/trace_printk.c
No changes -- Patch already applied.
Merging rcu/next (e853c1b28580e Merge branches 'rcutorture.2026.05.24' and 'misc.2026.05.24' into rcu-merge.2026.05.24)
$ git merge -m Merge branch 'next' of https://git.kernel.org/pub/scm/linux/kernel/git/rcu/linux rcu/next
Already up to date.
Merging paulmck/non-rcu/next (48f7a50c027dd stop_machine: Fix the documentation for a NULL cpus argument)
$ git merge -m Merge branch 'non-rcu/next' of https://git.kernel.org/pub/scm/linux/kernel/git/paulmck/linux-rcu.git paulmck/non-rcu/next
Already up to date.
Merging kvm/next (a204badd8432f Merge branch 'kvm-chainsaw' into HEAD)
$ git merge -m Merge branch 'next' of git://git.kernel.org/pub/scm/virt/kvm/kvm.git kvm/next
Auto-merging arch/x86/kvm/mmu/mmu.c
Auto-merging arch/x86/kvm/mmu/spte.c
Auto-merging arch/x86/kvm/pmu.c
Auto-merging arch/x86/kvm/svm/svm.c
Auto-merging arch/x86/kvm/vmx/vmx.c
Merge made by the 'ort' strategy.
 arch/x86/include/asm/kvm_host.h                    |  655 +---
 arch/x86/kvm/Makefile                              |    4 +-
 arch/x86/kvm/cpuid.c                               |    1 +
 arch/x86/kvm/fpu.h                                 |   26 +
 arch/x86/kvm/hyperv.c                              |    7 +-
 arch/x86/kvm/hyperv.h                              |    3 +-
 arch/x86/kvm/ioapic.c                              |    1 +
 arch/x86/kvm/ioapic.h                              |   12 +
 arch/x86/kvm/irq.c                                 |    7 +
 arch/x86/kvm/irq.h                                 |    6 +
 arch/x86/kvm/lapic.h                               |    8 +
 arch/x86/kvm/mmu.h                                 |  121 +-
 arch/x86/kvm/mmu/mmu.c                             |  541 +--
 arch/x86/kvm/mmu/mmu_internal.h                    |   66 -
 arch/x86/kvm/mmu/paging_tmpl.h                     |   88 +-
 arch/x86/kvm/mmu/spte.c                            |    4 +-
 arch/x86/kvm/mmu/spte.h                            |   69 +-
 arch/x86/kvm/mmu/tdp_mmu.c                         |    3 +-
 arch/x86/kvm/msrs.c                                | 2745 ++++++++++++++
 arch/x86/kvm/msrs.h                                |  156 +
 arch/x86/kvm/mtrr.c                                |    2 +-
 arch/x86/kvm/pmu.c                                 |   12 +
 arch/x86/kvm/regs.c                                |  874 +++++
 arch/x86/kvm/regs.h                                |   60 +
 arch/x86/kvm/svm/nested.c                          |   14 +-
 arch/x86/kvm/svm/svm.c                             |    6 +-
 arch/x86/kvm/tss.h                                 |    7 +
 arch/x86/kvm/vmx/nested.c                          |   16 +-
 arch/x86/kvm/vmx/vmx.c                             |   26 +-
 arch/x86/kvm/x86.c                                 | 3762 +-------------------
 arch/x86/kvm/x86.h                                 |  462 ++-
 tools/testing/selftests/kvm/Makefile.kvm           |    1 +
 tools/testing/selftests/kvm/include/x86/pmu.h      |    6 +
 .../testing/selftests/kvm/include/x86/processor.h  |   10 +
 tools/testing/selftests/kvm/include/x86/svm_util.h |    5 +-
 tools/testing/selftests/kvm/include/x86/vmx.h      |    4 +-
 tools/testing/selftests/kvm/lib/x86/memstress.c    |   19 +-
 tools/testing/selftests/kvm/lib/x86/processor.c    |   45 +-
 tools/testing/selftests/kvm/lib/x86/svm.c          |    6 +-
 tools/testing/selftests/kvm/lib/x86/vmx.c          |    6 +-
 tools/testing/selftests/kvm/x86/aperfmperf_test.c  |    9 +-
 .../selftests/kvm/x86/evmcs_smm_controls_test.c    |    5 +-
 tools/testing/selftests/kvm/x86/hyperv_evmcs.c     |    6 +-
 tools/testing/selftests/kvm/x86/hyperv_svm_test.c  |    6 +-
 tools/testing/selftests/kvm/x86/kvm_buslock_test.c |    9 +-
 .../selftests/kvm/x86/nested_close_kvm_test.c      |   12 +-
 .../selftests/kvm/x86/nested_dirty_log_test.c      |    8 +-
 .../selftests/kvm/x86/nested_emulation_test.c      |    4 +-
 .../selftests/kvm/x86/nested_exceptions_test.c     |    9 +-
 .../selftests/kvm/x86/nested_invalid_cr3_test.c    |   10 +-
 .../selftests/kvm/x86/nested_tdp_fault_test.c      |    9 +-
 .../selftests/kvm/x86/nested_tsc_adjust_test.c     |   10 +-
 .../selftests/kvm/x86/nested_tsc_scaling_test.c    |   10 +-
 .../selftests/kvm/x86/nested_vmsave_vmload_test.c  |    6 +-
 tools/testing/selftests/kvm/x86/smm_test.c         |    8 +-
 tools/testing/selftests/kvm/x86/state_test.c       |   11 +-
 tools/testing/selftests/kvm/x86/svm_int_ctl_test.c |    5 +-
 .../selftests/kvm/x86/svm_lbr_nested_state.c       |    6 +-
 .../selftests/kvm/x86/svm_nested_clear_efer_svme.c |    7 +-
 .../selftests/kvm/x86/svm_nested_pat_test.c        |    8 +-
 .../selftests/kvm/x86/svm_nested_shutdown_test.c   |    5 +-
 .../kvm/x86/svm_nested_soft_inject_test.c          |    6 +-
 .../selftests/kvm/x86/svm_nested_vmcb12_gpa.c      |   13 +-
 .../selftests/kvm/x86/svm_pmu_host_guest_test.c    |  215 ++
 tools/testing/selftests/kvm/x86/svm_vmcall_test.c  |    5 +-
 .../selftests/kvm/x86/triple_fault_event_test.c    |    9 +-
 .../selftests/kvm/x86/vmx_apic_access_test.c       |    5 +-
 .../selftests/kvm/x86/vmx_apicv_updates_test.c     |    4 +-
 .../kvm/x86/vmx_invalid_nested_guest_state.c       |    6 +-
 .../selftests/kvm/x86/vmx_nested_la57_state_test.c |    5 +-
 .../selftests/kvm/x86/vmx_preemption_timer_test.c  |    5 +-
 71 files changed, 5273 insertions(+), 5029 deletions(-)
 create mode 100644 arch/x86/kvm/msrs.c
 create mode 100644 arch/x86/kvm/msrs.h
 create mode 100644 arch/x86/kvm/regs.c
 create mode 100644 tools/testing/selftests/kvm/x86/svm_pmu_host_guest_test.c
Merging kvm-arm/next (1ee27dacbe5dc Merge branch kvm-arm64/nv-mmu-7.2 into kvmarm-master/next)
$ git merge -m Merge branch 'next' of https://git.kernel.org/pub/scm/linux/kernel/git/kvmarm/kvmarm.git kvm-arm/next
Already up to date.
Merging kvms390/next (babe08404e199 KVM: s390: Return failure in case of failure in kvm_s390_set_cmma_bits())
$ git merge -m Merge branch 'next' of https://git.kernel.org/pub/scm/linux/kernel/git/kvms390/linux.git kvms390/next
Already up to date.
Merging kvm-ppc/topic/ppc-kvm (5200f5f493f79 Linux 7.1-rc4)
$ git merge -m Merge branch 'topic/ppc-kvm' of https://git.kernel.org/pub/scm/linux/kernel/git/powerpc/linux.git kvm-ppc/topic/ppc-kvm
Already up to date.
Merging kvm-riscv/riscv_kvm_next (52738352a6f29 riscv: kvm: Use endian-specific __lelong for NACL shared memory)
$ git merge -m Merge branch 'riscv_kvm_next' of https://github.com/kvm-riscv/linux.git kvm-riscv/riscv_kvm_next
Already up to date.
Merging kvm-x86/next (50406d35f5635 Merge tag 'kvm-x86-selftests_l2_stacks-7.3' of https://github.com/kvm-x86/linux into HEAD)
$ git merge -m Merge branch 'next' of https://github.com/kvm-x86/linux.git kvm-x86/next
Already up to date.
$ git am -3 ../patches/0001-KVM-selftests-Fix-up-semantic-changes.patch
Applying: KVM: selftests: Fix up semantic changes
Using index info to reconstruct a base tree...
M	tools/testing/selftests/kvm/lib/kvm_util.c
Falling back to patching base and 3-way merge...
Auto-merging tools/testing/selftests/kvm/lib/kvm_util.c
No changes -- Patch already applied.
Merging xen-tip/linux-next (a174910917a8e xen/xenbus: Replace strcpy() with memcpy())
$ git merge -m Merge branch 'linux-next' of https://git.kernel.org/pub/scm/linux/kernel/git/xen/tip.git xen-tip/linux-next
Already up to date.
Merging percpu/for-next (8f0b4cce4481f Linux 6.19-rc1)
$ git merge -m Merge branch 'for-next' of https://git.kernel.org/pub/scm/linux/kernel/git/dennis/percpu.git percpu/for-next
Already up to date.
Merging workqueues/for-next (f504706a25eb3 workqueue: defer the worker wakeup outside pool->lock in process_one_work())
$ git merge -m Merge branch 'for-next' of https://git.kernel.org/pub/scm/linux/kernel/git/tj/wq.git workqueues/for-next
Auto-merging kernel/workqueue.c
Merge made by the 'ort' strategy.
 kernel/workqueue.c            | 51 +++++++++++++++++++++++++++++++++++++------
 tools/workqueue/wq_dump.py    | 10 ++++-----
 tools/workqueue/wq_monitor.py |  6 ++---
 3 files changed, 52 insertions(+), 15 deletions(-)
Merging sched-ext/for-next (45904f6136301 Merge branch 'for-7.2-fixes' into for-next)
$ git merge -m Merge branch 'for-next' of https://git.kernel.org/pub/scm/linux/kernel/git/tj/sched_ext.git sched-ext/for-next
Merge made by the 'ort' strategy.
 include/linux/sched/ext.h                |   4 +-
 kernel/rcu/tree.c                        |   3 +
 kernel/rcu/tree_exp.h                    |   5 +-
 kernel/rcu/tree_stall.h                  |  13 ++-
 kernel/sched/ext/arena.c                 |  13 +--
 kernel/sched/ext/ext.c                   | 168 ++++++++++++++++++++-----------
 kernel/sched/ext/internal.h              |  27 ++---
 tools/sched_ext/include/scx/common.bpf.h |   5 +-
 tools/sched_ext/include/scx/compat.bpf.h |  17 ----
 tools/sched_ext/scx_cpu0.c               |   2 +-
 tools/sched_ext/scx_flatcg.bpf.c         |   5 +-
 tools/sched_ext/scx_sdt.c                |   2 +-
 tools/sched_ext/scx_simple.c             |   2 +-
 tools/sched_ext/scx_userland.c           |   2 +-
 14 files changed, 153 insertions(+), 115 deletions(-)
Merging drivers-x86/for-next (dc59e4fea9d83 Linux 7.2-rc1)
$ git merge -m Merge branch 'for-next' of https://git.kernel.org/pub/scm/linux/kernel/git/pdx86/platform-drivers-x86.git drivers-x86/for-next
Already up to date.
$ git am -3 ../patches/0001-hid-Fix-up-mismerge.patch
Applying: hid: Fix up mismerge
$ git reset HEAD^
Unstaged changes after reset:
M	drivers/hid/hid-asus.c
$ git add -A .
$ git commit -v -a --amend
warning: notes ref refs/notes/commits is invalid
[master 26b0e1bae9b84] Merge branch 'for-next' of https://git.kernel.org/pub/scm/linux/kernel/git/tj/sched_ext.git
 Date: Tue Jun 30 16:58:25 2026 +0100
Merging chrome-platform/for-next (a0a8cd9fc9c48 platform/chrome: cros_ec_typec: Reject out-of-bounds PD cap count)
$ git merge -m Merge branch 'for-next' of https://git.kernel.org/pub/scm/linux/kernel/git/chrome-platform/linux.git chrome-platform/for-next
Merge made by the 'ort' strategy.
 drivers/platform/chrome/chromeos_of_hw_prober.c  | 2 +-
 drivers/platform/chrome/cros_ec_chardev.c        | 4 ++--
 drivers/platform/chrome/cros_ec_debugfs.c        | 4 ++--
 drivers/platform/chrome/cros_ec_lightbar.c       | 4 ++--
 drivers/platform/chrome/cros_ec_sensorhub.c      | 4 ++--
 drivers/platform/chrome/cros_ec_sensorhub_ring.c | 8 ++++++++
 drivers/platform/chrome/cros_ec_sysfs.c          | 4 ++--
 drivers/platform/chrome/cros_ec_typec.c          | 6 ++++++
 drivers/platform/chrome/cros_ec_vbc.c            | 4 ++--
 drivers/platform/chrome/cros_kbd_led_backlight.c | 4 ++--
 drivers/platform/chrome/cros_usbpd_logger.c      | 4 ++--
 drivers/platform/chrome/cros_usbpd_notify.c      | 4 ++--
 drivers/platform/chrome/wilco_ec/core.c          | 4 ++--
 drivers/platform/chrome/wilco_ec/debugfs.c       | 4 ++--
 drivers/platform/chrome/wilco_ec/telemetry.c     | 4 ++--
 15 files changed, 39 insertions(+), 25 deletions(-)
Merging chrome-platform-firmware/for-firmware-next (dd06eb60e86a1 docs: ABI: testing: Fix typo)
$ git merge -m Merge branch 'for-firmware-next' of https://git.kernel.org/pub/scm/linux/kernel/git/chrome-platform/linux.git chrome-platform-firmware/for-firmware-next
Merge made by the 'ort' strategy.
 Documentation/ABI/testing/sysfs-firmware-gsmi | 2 +-
 1 file changed, 1 insertion(+), 1 deletion(-)
Merging hsi/for-next (254f49634ee16 Linux 7.1-rc1)
$ git merge -m Merge branch 'for-next' of https://git.kernel.org/pub/scm/linux/kernel/git/sre/linux-hsi.git hsi/for-next
Already up to date.
Merging leds-lj/for-leds-next (d43f1d792902b leds: tps6131x: Increase overvoltage protection threshold to 6V)
$ git merge -m Merge branch 'for-leds-next' of https://git.kernel.org/pub/scm/linux/kernel/git/lee/leds.git leds-lj/for-leds-next
Already up to date.
Merging ipmi/for-next (493181e2f2f1b ipmi: ipmb: validate write message length)
$ git merge -m Merge branch 'for-next' of https://github.com/cminyard/linux-ipmi.git ipmi/for-next
Merge made by the 'ort' strategy.
 drivers/char/ipmi/ipmb_dev_int.c | 5 +++--
 1 file changed, 3 insertions(+), 2 deletions(-)
Merging driver-core/driver-core-next (e7e09a8546a9e driver core: fix path of /sys/module in comment)
$ git merge -m Merge branch 'driver-core-next' of https://git.kernel.org/pub/scm/linux/kernel/git/driver-core/driver-core.git driver-core/driver-core-next
Merge made by the 'ort' strategy.
 drivers/base/module.c | 2 +-
 fs/debugfs/file.c     | 3 ++-
 2 files changed, 3 insertions(+), 2 deletions(-)
Merging usb/usb-next (dc59e4fea9d83 Linux 7.2-rc1)
$ git merge -m Merge branch 'usb-next' of https://git.kernel.org/pub/scm/linux/kernel/git/gregkh/usb.git usb/usb-next
Already up to date.
Merging thunderbolt/next (d49d71ebec8f0 thunderbolt: xdomain: Notify peers after enumeration)
$ git merge -m Merge branch 'next' of https://git.kernel.org/pub/scm/linux/kernel/git/westeri/thunderbolt.git thunderbolt/next
Auto-merging drivers/net/thunderbolt/main.c
Auto-merging drivers/thunderbolt/stream.c
Auto-merging drivers/thunderbolt/tb.c
Merge made by the 'ort' strategy.
 drivers/net/thunderbolt/main.c |  4 ++--
 drivers/thunderbolt/dma_test.c |  4 ++--
 drivers/thunderbolt/domain.c   |  4 +---
 drivers/thunderbolt/nhi.c      |  2 ++
 drivers/thunderbolt/pci.c      | 28 +++++++++++++++++++++++-----
 drivers/thunderbolt/stream.c   |  4 ++--
 drivers/thunderbolt/switch.c   | 11 ++++++++++-
 drivers/thunderbolt/tb.c       | 21 +++++++++++++++++++++
 drivers/thunderbolt/tb.h       |  1 +
 drivers/thunderbolt/xdomain.c  |  4 ++++
 include/linux/thunderbolt.h    |  8 +++++++-
 11 files changed, 75 insertions(+), 16 deletions(-)
Merging usb-serial/usb-next (dc59e4fea9d83 Linux 7.2-rc1)
$ git merge -m Merge branch 'usb-next' of https://git.kernel.org/pub/scm/linux/kernel/git/johan/usb-serial.git usb-serial/usb-next
Already up to date.
Merging tty/tty-next (780d569e6c4b4 Merge tag 'pwm/for-7.2-rc1-2' of git://git.kernel.org/pub/scm/linux/kernel/git/ukleinek/linux)
$ git merge -m Merge branch 'tty-next' of https://git.kernel.org/pub/scm/linux/kernel/git/gregkh/tty.git tty/tty-next
Already up to date.
Merging char-misc/char-misc-next (780d569e6c4b4 Merge tag 'pwm/for-7.2-rc1-2' of git://git.kernel.org/pub/scm/linux/kernel/git/ukleinek/linux)
$ git merge -m Merge branch 'char-misc-next' of https://git.kernel.org/pub/scm/linux/kernel/git/gregkh/char-misc.git char-misc/char-misc-next
Already up to date.
$ git am -3 ../patches/0001-bus-mhi-Fix-up-interaction-with-net-next-tree.patch
Applying: bus: mhi: Fix up interaction with net-next tree
Using index info to reconstruct a base tree...
M	drivers/net/wireless/ath/ath12k/wifi7/mhi.c
Falling back to patching base and 3-way merge...
No changes -- Patch already applied.
Merging coresight/next (98495b5a4d77d coresight: ultrasoc-smb: Fix OOB write in smb_sync_perf_buffer())
$ git merge -m Merge branch 'next' of https://git.kernel.org/pub/scm/linux/kernel/git/coresight/linux.git coresight/next
Already up to date.
Merging fastrpc/for-next (b46776578332d misc: fastrpc: Move prints outside spinlock in fastrpc_cb_probe)
$ git merge -m Merge branch 'for-next' of https://git.kernel.org/pub/scm/linux/kernel/git/srini/fastrpc.git fastrpc/for-next
Merge made by the 'ort' strategy.
 drivers/misc/fastrpc.c | 11 ++++++-----
 1 file changed, 6 insertions(+), 5 deletions(-)
Merging fpga/for-next (43a1974da6bc7 fpga: microchip-spi: fix zero header_size OOB read in mpf_ops_parse_header())
$ git merge -m Merge branch 'for-next' of https://git.kernel.org/pub/scm/linux/kernel/git/fpga/linux-fpga.git fpga/for-next
Already up to date.
Merging icc/icc-next (94fe92d2f662b Merge branch 'icc-misc' into icc-next)
$ git merge -m Merge branch 'icc-next' of https://git.kernel.org/pub/scm/linux/kernel/git/djakov/icc.git icc/icc-next
Already up to date.
Merging iio/togreg (ae696dfa47c30 iio: adc: nxp-sar-adc: harden buffer ISR against per-channel read failure)
$ git merge -m Merge branch 'togreg' of https://git.kernel.org/pub/scm/linux/kernel/git/jic23/iio.git iio/togreg
Already up to date.
Merging nfc/for-next (ed85d4cbbfaa4 nfc: llcp: bound SNL TLV parsing to the skb and add length checks)
$ git merge -m Merge branch 'for-next' of https://codeberg.org/linux-nfc/linux.git nfc/for-next
Auto-merging MAINTAINERS
Auto-merging net/nfc/nci/rsp.c
CONFLICT (content): Merge conflict in net/nfc/nci/rsp.c
Resolved 'net/nfc/nci/rsp.c' using previous resolution.
Automatic merge failed; fix conflicts and then commit the result.
$ git commit --no-edit -v -a
[master ca85cf42b8161] Merge branch 'for-next' of https://codeberg.org/linux-nfc/linux.git
$ git diff -M --stat --summary HEAD^..
 net/nfc/nci/rsp.c | 9 +++++++++
 1 file changed, 9 insertions(+)
Merging phy-next/next (dc59e4fea9d83 Linux 7.2-rc1)
$ git merge -m Merge branch 'next' of https://git.kernel.org/pub/scm/linux/kernel/git/phy/linux-phy.git phy-next/next
Already up to date.
Merging soundwire/next (dc59e4fea9d83 Linux 7.2-rc1)
$ git merge -m Merge branch 'next' of https://git.kernel.org/pub/scm/linux/kernel/git/vkoul/soundwire.git soundwire/next
Already up to date.
Merging extcon/extcon-next (254f49634ee16 Linux 7.1-rc1)
$ git merge -m Merge branch 'extcon-next' of https://git.kernel.org/pub/scm/linux/kernel/git/chanwoo/extcon.git extcon/extcon-next
Already up to date.
Merging gnss/gnss-next (5d6919055dec1 Linux 7.1-rc3)
$ git merge -m Merge branch 'gnss-next' of https://git.kernel.org/pub/scm/linux/kernel/git/johan/gnss.git gnss/gnss-next
Already up to date.
Merging vfio/next (785562e31dbcd vfio: selftests: Ensure libvfio output dirs are always created)
$ git merge -m Merge branch 'next' of https://github.com/awilliam/linux-vfio.git vfio/next
Already up to date.
Merging w1/for-next (53f33fd74d399 w1: ds2482: add OF device match table)
$ git merge -m Merge branch 'for-next' of https://git.kernel.org/pub/scm/linux/kernel/git/krzk/linux-w1.git w1/for-next
Merge made by the 'ort' strategy.
 drivers/w1/masters/ds2482.c | 8 ++++++++
 1 file changed, 8 insertions(+)
Merging spmi/spmi-next (3443eec9c55d1 spmi: use kzalloc_flex in main allocation)
$ git merge -m Merge branch 'spmi-next' of https://git.kernel.org/pub/scm/linux/kernel/git/sboyd/spmi.git spmi/spmi-next
Already up to date.
Merging staging/staging-next (780d569e6c4b4 Merge tag 'pwm/for-7.2-rc1-2' of git://git.kernel.org/pub/scm/linux/kernel/git/ukleinek/linux)
$ git merge -m Merge branch 'staging-next' of https://git.kernel.org/pub/scm/linux/kernel/git/gregkh/staging.git staging/staging-next
Already up to date.
Merging counter-next/counter-next (dc59e4fea9d83 Linux 7.2-rc1)
$ git merge -m Merge branch 'counter-next' of https://git.kernel.org/pub/scm/linux/kernel/git/wbg/counter.git counter-next/counter-next
Already up to date.
Merging mux/for-next (59b723cd2adba Linux 6.12-rc6)
$ git merge -m Merge branch 'for-next' of https://gitlab.com/peda-linux/mux.git mux/for-next
Already up to date.
Merging dmaengine/next (dc59e4fea9d83 Linux 7.2-rc1)
$ git merge -m Merge branch 'next' of https://git.kernel.org/pub/scm/linux/kernel/git/vkoul/dmaengine.git dmaengine/next
Already up to date.
Merging cgroup/for-next (ec98784b247b2 Merge branch 'for-7.3' into for-next)
$ git merge -m Merge branch 'for-next' of https://git.kernel.org/pub/scm/linux/kernel/git/tj/cgroup.git cgroup/for-next
Auto-merging Documentation/admin-guide/cgroup-v2.rst
Auto-merging kernel/cgroup/cpuset.c
Merge made by the 'ort' strategy.
 Documentation/admin-guide/cgroup-v2.rst            | 34 +++++++++++++--
 include/linux/cgroup-defs.h                        |  2 +-
 include/linux/cgroup.h                             |  2 +-
 kernel/cgroup/cpuset.c                             | 49 +++++++++++++---------
 tools/cgroup/iocost_monitor.py                     | 10 ++---
 .../selftests/cgroup/lib/include/cgroup_util.h     |  1 +
 tools/testing/selftests/cgroup/test_cpu.c          | 43 ++++++++++++++++---
 tools/testing/selftests/cgroup/test_cpuset_prs.sh  | 11 ++++-
 8 files changed, 115 insertions(+), 37 deletions(-)
Merging scsi/for-next (cf1af0ccca54d Merge branch 'misc' into for-next)
$ git merge -m Merge branch 'for-next' of https://git.kernel.org/pub/scm/linux/kernel/git/jejb/scsi.git scsi/for-next
Merge made by the 'ort' strategy.
Merging scsi-mkp/for-next (57a6ed0b41677 scsi: bfa: Reduce kernel stack usage in bfa_fcs_lport_fdmi_build_portattr_block())
$ git merge -m Merge branch 'for-next' of https://git.kernel.org/pub/scm/linux/kernel/git/mkp/scsi.git scsi-mkp/for-next
Auto-merging drivers/scsi/scsi_lib.c
Merge made by the 'ort' strategy.
 drivers/scsi/bfa/bfa_fcs_lport.c |  2 +-
 drivers/scsi/scsi_lib.c          |  8 --------
 drivers/scsi/scsi_priv.h         |  1 +
 drivers/xen/xen-scsiback.c       | 30 +++++++++++++++++++++++-------
 include/scsi/scsi_device.h       |  1 -
 5 files changed, 25 insertions(+), 17 deletions(-)
Merging vhost/linux-next (1f673033c0273 vduse: Add suspend)
$ git merge -m Merge branch 'linux-next' of https://git.kernel.org/pub/scm/linux/kernel/git/mst/vhost.git vhost/linux-next
Merge made by the 'ort' strategy.
 drivers/vdpa/vdpa_user/vduse_dev.c | 136 +++++++++++++++++++++++++++++++++----
 include/uapi/linux/vduse.h         |  29 +++++++-
 2 files changed, 150 insertions(+), 15 deletions(-)
Merging rpmsg/for-next (78fb7968943f5 Merge branch 'rproc-next' and 'rpmsg-next' into for-next)
$ git merge -m Merge branch 'for-next' of https://git.kernel.org/pub/scm/linux/kernel/git/remoteproc/linux.git rpmsg/for-next
Merge made by the 'ort' strategy.
 drivers/firmware/xilinx/zynqmp.c         |  93 +++++++++++++++++++++
 drivers/remoteproc/imx_dsp_rproc.c       |  41 ++-------
 drivers/remoteproc/imx_rproc.c           |  40 +--------
 drivers/remoteproc/keystone_remoteproc.c |   2 +-
 drivers/remoteproc/omap_remoteproc.c     |   2 +-
 drivers/remoteproc/rcar_rproc.c          |  41 +--------
 drivers/remoteproc/remoteproc_internal.h |  38 +++++++++
 drivers/remoteproc/st_remoteproc.c       |  31 +------
 drivers/remoteproc/stm32_rproc.c         |  39 +--------
 drivers/remoteproc/xlnx_r5_remoteproc.c  | 138 ++++---------------------------
 include/linux/firmware/xlnx-zynqmp.h     |  12 +++
 11 files changed, 185 insertions(+), 292 deletions(-)
Merging gpio-brgl/gpio/for-next (45bd4e25f81f3 gpio: amd-fch: switch to guard() notation)
$ git merge -m Merge branch 'gpio/for-next' of https://git.kernel.org/pub/scm/linux/kernel/git/brgl/linux.git gpio-brgl/gpio/for-next
Merge made by the 'ort' strategy.
 .../bindings/gpio/realtek,rtd1625-gpio.yaml        |  71 +++
 drivers/gpio/Kconfig                               |  14 +-
 drivers/gpio/Makefile                              |   1 +
 drivers/gpio/gpio-amd-fch.c                        |  22 +-
 drivers/gpio/gpio-pca9570.c                        |   2 +-
 drivers/gpio/gpio-rockchip.c                       |  16 +-
 drivers/gpio/gpio-rtd1625.c                        | 611 +++++++++++++++++++++
 drivers/gpio/gpio-tb10x.c                          |   5 +-
 drivers/gpio/gpiolib-kunit.c                       | 280 +++++++++-
 9 files changed, 972 insertions(+), 50 deletions(-)
 create mode 100644 Documentation/devicetree/bindings/gpio/realtek,rtd1625-gpio.yaml
 create mode 100644 drivers/gpio/gpio-rtd1625.c
Merging gpio-intel/for-next (dc59e4fea9d83 Linux 7.2-rc1)
$ git merge -m Merge branch 'for-next' of https://git.kernel.org/pub/scm/linux/kernel/git/andy/linux-gpio-intel.git gpio-intel/for-next
Already up to date.
Merging pinctrl/for-next (3bd25818aebd8 Merge branch 'devel' into for-next)
$ git merge -m Merge branch 'for-next' of https://git.kernel.org/pub/scm/linux/kernel/git/linusw/linux-pinctrl.git pinctrl/for-next
Merge made by the 'ort' strategy.
Merging pinctrl-intel/for-next (dc59e4fea9d83 Linux 7.2-rc1)
$ git merge -m Merge branch 'for-next' of https://git.kernel.org/pub/scm/linux/kernel/git/pinctrl/intel.git pinctrl-intel/for-next
Already up to date.
Merging pinctrl-renesas/renesas-pinctrl (5a653cedec948 pinctrl: renesas: rza2: Embed pins in the priv struct)
$ git merge -m Merge branch 'renesas-pinctrl' of https://git.kernel.org/pub/scm/linux/kernel/git/geert/renesas-drivers.git pinctrl-renesas/renesas-pinctrl
Merge made by the 'ort' strategy.
 drivers/pinctrl/renesas/pinctrl-rza2.c | 26 +++++++++++---------------
 1 file changed, 11 insertions(+), 15 deletions(-)
Merging pinctrl-samsung/for-next (dc59e4fea9d83 Linux 7.2-rc1)
$ git merge -m Merge branch 'for-next' of https://git.kernel.org/pub/scm/linux/kernel/git/pinctrl/samsung.git pinctrl-samsung/for-next
Already up to date.
Merging pwm/pwm/for-next (898ab0f30e008 pwm: rzg2l-gpt: Add missing newlines to dev_err_probe() messages)
$ git merge -m Merge branch 'pwm/for-next' of https://git.kernel.org/pub/scm/linux/kernel/git/ukleinek/linux.git pwm/pwm/for-next
Already up to date.
Merging ktest/for-next (932cdaf3e273a ktest: Add logfile to failure directory)
$ git merge -m Merge branch 'for-next' of https://git.kernel.org/pub/scm/linux/kernel/git/rostedt/linux-ktest.git ktest/for-next
Already up to date.
Merging kselftest/next (dc59e4fea9d83 Linux 7.2-rc1)
$ git merge -m Merge branch 'next' of https://git.kernel.org/pub/scm/linux/kernel/git/shuah/linux-kselftest.git kselftest/next
Already up to date.
Merging kunit/test (dc59e4fea9d83 Linux 7.2-rc1)
$ git merge -m Merge branch 'test' of https://git.kernel.org/pub/scm/linux/kernel/git/shuah/linux-kselftest.git kunit/test
Already up to date.
Merging kunit-next/kunit (643ec8ff7d8ed kunit: Add example of test suite that can be skipped at runtime)
$ git merge -m Merge branch 'kunit' of https://git.kernel.org/pub/scm/linux/kernel/git/shuah/linux-kselftest.git kunit-next/kunit
Merge made by the 'ort' strategy.
 include/kunit/test.h           |  1 +
 lib/kunit/debugfs.c            | 28 ++++++++++++++++++++--------
 lib/kunit/kunit-example-test.c | 29 +++++++++++++++++++++++++++++
 lib/kunit/test.c               | 17 ++++++++++++++++-
 rust/kernel/kunit.rs           |  1 +
 5 files changed, 67 insertions(+), 9 deletions(-)
Merging livepatching/for-next (0839c8963b7b2 Merge tag 'livepatching-for-7.2' of git://git.kernel.org/pub/scm/linux/kernel/git/livepatching/livepatching)
$ git merge -m Merge branch 'for-next' of https://git.kernel.org/pub/scm/linux/kernel/git/livepatching/livepatching.git livepatching/for-next
Already up to date.
Merging rtc/rtc-next (dc59e4fea9d83 Linux 7.2-rc1)
$ git merge -m Merge branch 'rtc-next' of https://git.kernel.org/pub/scm/linux/kernel/git/abelloni/linux.git rtc/rtc-next
Already up to date.
Merging nvdimm/libnvdimm-for-next (86e411b6ec277 MAINTAINERS: nvdimm: Include maintainer profile)
$ git merge -m Merge branch 'libnvdimm-for-next' of https://git.kernel.org/pub/scm/linux/kernel/git/nvdimm/nvdimm.git nvdimm/libnvdimm-for-next
Already up to date.
Merging at24/at24/for-next (dc59e4fea9d83 Linux 7.2-rc1)
$ git merge -m Merge branch 'at24/for-next' of https://git.kernel.org/pub/scm/linux/kernel/git/brgl/linux.git at24/at24/for-next
Already up to date.
Merging ntb/ntb-next (dc59e4fea9d83 Linux 7.2-rc1)
$ git merge -m Merge branch 'ntb-next' of https://github.com/jonmason/ntb.git ntb/ntb-next
Already up to date.
Merging seccomp/for-next/seccomp (41fa043273841 selftests/seccomp: Add hard-coded __NR_uprobe for x86_64)
$ git merge -m Merge branch 'for-next/seccomp' of https://git.kernel.org/pub/scm/linux/kernel/git/kees/linux.git seccomp/for-next/seccomp
Already up to date.
Merging slimbus/for-next (c922423ce66bc slimbus: qcom-ngd-ctrl: Use the unified QMI service ID instead of defining it locally)
$ git merge -m Merge branch 'for-next' of https://git.kernel.org/pub/scm/linux/kernel/git/srini/slimbus.git slimbus/for-next
Merge made by the 'ort' strategy.
 drivers/slimbus/qcom-ngd-ctrl.c | 5 ++---
 1 file changed, 2 insertions(+), 3 deletions(-)
Merging nvmem/for-next (a3122a19f00b7 nvmem: layouts: u-boot-env: check earlier for ethaddr length)
$ git merge -m Merge branch 'for-next' of https://git.kernel.org/pub/scm/linux/kernel/git/srini/nvmem.git nvmem/for-next
Merge made by the 'ort' strategy.
 .../bindings/nvmem/airoha,smc-efuses.yaml          |  67 +++++++++++
 .../bindings/nvmem/microchip,lan9662-otpc.yaml     |   1 +
 .../devicetree/bindings/nvmem/qcom,qfprom.yaml     |   4 +
 drivers/nvmem/Kconfig                              |  22 +++-
 drivers/nvmem/Makefile                             |   2 +
 drivers/nvmem/airoha-smc-efuses.c                  | 125 +++++++++++++++++++++
 drivers/nvmem/core.c                               |   4 +
 drivers/nvmem/lan9662-otpc.c                       |  12 +-
 drivers/nvmem/layouts/u-boot-env.c                 |   5 +-
 drivers/nvmem/nintendo-otp.c                       |   9 +-
 drivers/nvmem/rockchip-otp.c                       |   9 +-
 11 files changed, 236 insertions(+), 24 deletions(-)
 create mode 100644 Documentation/devicetree/bindings/nvmem/airoha,smc-efuses.yaml
 create mode 100644 drivers/nvmem/airoha-smc-efuses.c
Merging hyperv/hyperv-next (a4ffc59238be8 mshv: add bounds check on vp_index in mshv_intercept_isr())
$ git merge -m Merge branch 'hyperv-next' of https://git.kernel.org/pub/scm/linux/kernel/git/hyperv/linux.git hyperv/hyperv-next
Already up to date.
Merging auxdisplay/for-next (dc59e4fea9d83 Linux 7.2-rc1)
$ git merge -m Merge branch 'for-next' of https://git.kernel.org/pub/scm/linux/kernel/git/andy/linux-auxdisplay.git auxdisplay/for-next
Already up to date.
Merging kgdb/kgdb/for-next (fdbdd0ccb30af kdb: remove redundant check for scancode 0xe0)
$ git merge -m Merge branch 'kgdb/for-next' of https://git.kernel.org/pub/scm/linux/kernel/git/danielt/linux.git kgdb/kgdb/for-next
Already up to date.
Merging hmm/hmm (19272b37aa4f8 Linux 6.16-rc1)
$ git merge -m Merge branch 'hmm' of https://git.kernel.org/pub/scm/linux/kernel/git/rdma/rdma.git hmm/hmm
Already up to date.
Merging cfi/cfi/next (254f49634ee16 Linux 7.1-rc1)
$ git merge -m Merge branch 'cfi/next' of https://git.kernel.org/pub/scm/linux/kernel/git/mtd/linux.git cfi/cfi/next
Already up to date.
Merging mhi/mhi-next (32845111e8ea6 bus: mhi: host: pci_generic: Fix the physical function check)
$ git merge -m Merge branch 'mhi-next' of https://git.kernel.org/pub/scm/linux/kernel/git/mani/mhi.git mhi/mhi-next
Already up to date.
$ git am -3 ../patches/0001-fix-up-for-net-qrtr-Drop-the-MHI-auto_queue-feature-.patch
Applying: fix up for "net: qrtr: Drop the MHI auto_queue feature for IPCR DL channels"
Using index info to reconstruct a base tree...
M	drivers/net/wireless/ath/ath12k/wifi7/mhi.c
Falling back to patching base and 3-way merge...
No changes -- Patch already applied.
Merging memblock/for-next (27dbdbed235dc Merge branch 'kernelcore-mirror' into for-next)
$ git merge -m Merge branch 'for-next' of https://git.kernel.org/pub/scm/linux/kernel/git/rppt/memblock.git memblock/for-next
Auto-merging mm/mm_init.c
Merge made by the 'ort' strategy.
 mm/memblock.c | 4 +---
 mm/mm_init.c  | 5 ++---
 2 files changed, 3 insertions(+), 6 deletions(-)
Merging cxl/next (775d0f4558f4c cxl/mce: Make the MCE notifier per-region)
$ git merge -m Merge branch 'next' of https://git.kernel.org/pub/scm/linux/kernel/git/cxl/cxl.git cxl/next
Merge made by the 'ort' strategy.
 Documentation/driver-api/cxl/linux/dax-driver.rst |  4 +--
 drivers/cxl/core/mbox.c                           | 14 +-------
 drivers/cxl/core/mce.c                            | 27 +++++++-------
 drivers/cxl/core/region.c                         | 43 ++++++++---------------
 drivers/cxl/cxl.h                                 |  8 ++---
 drivers/cxl/cxlmem.h                              |  4 +--
 drivers/cxl/pci.c                                 |  6 ----
 7 files changed, 34 insertions(+), 72 deletions(-)
Merging zstd/zstd-next (65d1f5507ed2c zstd: Import upstream v1.5.7)
$ git merge -m Merge branch 'zstd-next' of https://github.com/terrelln/linux.git zstd/zstd-next
Already up to date.
Merging efi/next (48a4282157823 efi/capsule-loader: fix incorrect sizeof in phys array reallocation)
$ git merge -m Merge branch 'next' of https://git.kernel.org/pub/scm/linux/kernel/git/efi/efi.git efi/next
Already up to date.
Merging unicode/for-next (bcfee135d5847 utf8: Remove unused utf8_normalize)
$ git merge -m Merge branch 'for-next' of https://git.kernel.org/pub/scm/linux/kernel/git/krisman/unicode.git unicode/for-next
Auto-merging fs/unicode/utf8-core.c
Merge made by the 'ort' strategy.
 fs/unicode/utf8-core.c  | 22 ----------------------
 include/linux/unicode.h |  3 ---
 2 files changed, 25 deletions(-)
Merging slab/slab/for-next (b0b6ec46e025f mm/mempool: Untangle CONFIG_SLUB_DEBUG_ON abuse and switch to static key)
$ git merge -m Merge branch 'slab/for-next' of https://git.kernel.org/pub/scm/linux/kernel/git/vbabka/slab.git slab/slab/for-next
Merge made by the 'ort' strategy.
 Documentation/admin-guide/kernel-parameters.txt |  5 +++
 mm/mempool.c                                    | 35 ++++++++++++++-------
 mm/slub.c                                       | 42 ++++++-------------------
 3 files changed, 38 insertions(+), 44 deletions(-)
$ git am -3 ../patches/0001-drm-panthor-I-love-Werror.patch
Applying: drm/panthor: I love -Werror
Using index info to reconstruct a base tree...
M	drivers/gpu/drm/panthor/panthor_mmu.c
Falling back to patching base and 3-way merge...
Auto-merging drivers/gpu/drm/panthor/panthor_mmu.c
No changes -- Patch already applied.
Merging random/master (bb9ff576fdff4 virt: vmgenid: remap memory as decrypted)
$ git merge -m Merge branch 'master' of https://git.kernel.org/pub/scm/linux/kernel/git/crng/random.git random/master
Merge made by the 'ort' strategy.
 drivers/virt/vmgenid.c | 3 ++-
 1 file changed, 2 insertions(+), 1 deletion(-)
Merging landlock/next (1c236e7fe740a selftests/landlock: Add tests for invalid use of quiet flag)
$ git merge -m Merge branch 'next' of https://git.kernel.org/pub/scm/linux/kernel/git/mic/linux.git landlock/next
Already up to date.
Merging sysctl/sysctl-next (f63a9df7e3f9f sysctl: fix uninitialized variable in proc_do_large_bitmap)
$ git merge -m Merge branch 'sysctl-next' of https://git.kernel.org/pub/scm/linux/kernel/git/sysctl/sysctl.git sysctl/sysctl-next
Already up to date.
Merging execve/for-next/execve (9bf092c97b86a sched: update task_struct->comm comment)
$ git merge -m Merge branch 'for-next/execve' of https://git.kernel.org/pub/scm/linux/kernel/git/kees/linux.git execve/for-next/execve
Already up to date.
Merging bitmap/bitmap-for-next (d97f8fa100b1e psci: simplify hotplug_tests())
$ git merge -m Merge branch 'bitmap-for-next' of https://github.com/norov/linux.git bitmap/bitmap-for-next
Merge made by the 'ort' strategy.
 drivers/firmware/psci/psci_checker.c | 15 ++------------
 include/linux/bitmap.h               |  4 ++--
 include/linux/bits.h                 |  6 +++---
 lib/bitmap.c                         | 27 +++++++++++++------------
 lib/find_bit_benchmark.c             | 17 ++++++++++++++++
 lib/test_bitmap.c                    | 38 ++++++++++++++++++++++++++++++++++++
 tools/include/linux/bits.h           |  6 +++---
 7 files changed, 79 insertions(+), 34 deletions(-)
Merging hte/for-next (005b25ad11717 hte: tegra194: Add Tegra264 GTE support)
$ git merge -m Merge branch 'for-next' of https://git.kernel.org/pub/scm/linux/kernel/git/pateldipen1984/linux.git hte/for-next
Already up to date.
Merging kspp/for-next/kspp (c2606fb910d7c Merge branch 'for-next/hardening' into for-next/kspp)
$ git merge -m Merge branch 'for-next/kspp' of https://git.kernel.org/pub/scm/linux/kernel/git/kees/linux.git kspp/for-next/kspp
Merge made by the 'ort' strategy.
Merging nolibc/for-next (dc59e4fea9d83 Linux 7.2-rc1)
$ git merge -m Merge branch 'for-next' of https://git.kernel.org/pub/scm/linux/kernel/git/nolibc/linux-nolibc.git nolibc/for-next
Already up to date.
Merging iommufd/for-next (e28bee5b44517 iommu: Avoid copying the user array twice in the full-array copy helper)
$ git merge -m Merge branch 'for-next' of https://git.kernel.org/pub/scm/linux/kernel/git/jgg/iommufd.git iommufd/for-next
Already up to date.
Merging turbostat/next (1c996a37fd244 tools/power turbostat: pmt: Improve sscanf() hygiene)
$ git merge -m Merge branch 'next' of https://git.kernel.org/pub/scm/linux/kernel/git/lenb/linux.git turbostat/next
Merge made by the 'ort' strategy.
 tools/power/x86/turbostat/turbostat.8 |   6 +-
 tools/power/x86/turbostat/turbostat.c | 567 ++++++++++++++++------------------
 2 files changed, 266 insertions(+), 307 deletions(-)
Merging pwrseq/pwrseq/for-next (2f3096466fce5 Merge tag 'v7.2-rc1' of git://git.kernel.org/pub/scm/linux/kernel/git/torvalds/linux into pwrseq/for-next)
$ git merge -m Merge branch 'pwrseq/for-next' of https://git.kernel.org/pub/scm/linux/kernel/git/brgl/linux.git pwrseq/pwrseq/for-next
Merge made by the 'ort' strategy.
 drivers/power/sequencing/pwrseq-pcie-m2.c | 4 ++++
 1 file changed, 4 insertions(+)
Merging capabilities-next/caps-next (0715881360074 ipc: don't audit capability check in ipc_permissions())
$ git merge -m Merge branch 'caps-next' of https://git.kernel.org/pub/scm/linux/kernel/git/sergeh/linux.git capabilities-next/caps-next
Already up to date.
$ git am -3 ../patches/0001-sign-file-Fix-up-merge-issue.patch
Applying: sign-file: Fix up merge issue
Using index info to reconstruct a base tree...
M	scripts/sign-file.c
Falling back to patching base and 3-way merge...
Auto-merging scripts/sign-file.c
No changes -- Patch already applied.
Merging ipe/next (028ef9c96e961 Linux 7.0)
$ git merge -m Merge branch 'next' of https://git.kernel.org/pub/scm/linux/kernel/git/wufan/ipe.git ipe/next
Already up to date.
Merging kcsan/next (07a1a6562ce29 kcsan: Silence -Wmaybe-uninitialized when calling __kcsan_check_access())
$ git merge -m Merge branch 'next' of https://git.kernel.org/pub/scm/linux/kernel/git/melver/linux.git kcsan/next
Already up to date.
Merging crc/crc-next (dc59e4fea9d83 Linux 7.2-rc1)
$ git merge -m Merge branch 'crc-next' of https://git.kernel.org/pub/scm/linux/kernel/git/ebiggers/linux.git crc/crc-next
Already up to date.
Merging keys-next/keys-next (965e9a2cf23b0 pkcs7: Change a pr_warn() to pr_warn_once())
$ git merge -m Merge branch 'keys-next' of https://git.kernel.org/pub/scm/linux/kernel/git/dhowells/linux-fs.git keys-next/keys-next
Already up to date.
Merging fwctl/for-next (254f49634ee16 Linux 7.1-rc1)
$ git merge -m Merge branch 'for-next' of https://git.kernel.org/pub/scm/linux/kernel/git/fwctl/fwctl.git fwctl/for-next
Already up to date.
Merging devsec-tsm/next (3177779ae17db virt: coco: change tsm_class to a const struct)
$ git merge -m Merge branch 'next' of https://git.kernel.org/pub/scm/linux/kernel/git/devsec/tsm.git devsec-tsm/next
Already up to date.
Merging hisilicon/for-next (6cdd694551d6a Merge branch 'next/dt64' into for-next)
$ git merge -m Merge branch 'for-next' of https://github.com/hisilicon/linux-hisi.git hisilicon/for-next
Merge made by the 'ort' strategy.
Merging device-id/device-id-rework (65eb024372f3a Replace <linux/mod_devicetable.h> by more specific <linux/device-id/*.h> (c files))
$ git merge -m Merge branch 'device-id-rework' of https://git.kernel.org/pub/scm/linux/kernel/git/ukleinek/linux.git device-id/device-id-rework
Auto-merging arch/x86/kvm/svm/svm.c
Auto-merging arch/x86/kvm/vmx/vmx.c
Auto-merging drivers/accel/ethosu/ethosu_drv.c
Auto-merging drivers/clk/renesas/renesas-cpg-mssr.c
Auto-merging drivers/clk/renesas/rzv2h-cpg.c
Auto-merging drivers/gpu/drm/bridge/inno-hdmi.c
Auto-merging drivers/gpu/drm/bridge/ssd2825.c
Auto-merging drivers/gpu/drm/bridge/tc358762.c
Auto-merging drivers/gpu/drm/imagination/pvr_drv.c
Auto-merging drivers/gpu/drm/panel/panel-himax-hx83121a.c
Auto-merging drivers/gpu/drm/rockchip/rockchip_vop2_reg.c
Auto-merging drivers/i2c/busses/i2c-amd-asf-plat.c
Auto-merging drivers/iio/adc/lpc32xx_adc.c
Auto-merging drivers/iio/adc/spear_adc.c
Auto-merging drivers/iio/dac/mcp47feb02.c
Auto-merging drivers/iio/orientation/hid-sensor-rotation.c
Auto-merging drivers/nvmem/nintendo-otp.c
Auto-merging drivers/platform/chrome/cros_ec_chardev.c
Auto-merging drivers/platform/chrome/cros_ec_debugfs.c
Auto-merging drivers/platform/chrome/cros_ec_lightbar.c
Auto-merging drivers/platform/chrome/cros_ec_sensorhub.c
Auto-merging drivers/platform/chrome/cros_ec_sysfs.c
Auto-merging drivers/platform/chrome/cros_ec_vbc.c
Auto-merging drivers/platform/chrome/cros_kbd_led_backlight.c
Auto-merging drivers/platform/chrome/cros_usbpd_logger.c
Auto-merging drivers/platform/chrome/cros_usbpd_notify.c
Auto-merging drivers/platform/chrome/wilco_ec/core.c
Auto-merging drivers/platform/chrome/wilco_ec/debugfs.c
Auto-merging drivers/platform/chrome/wilco_ec/telemetry.c
Auto-merging drivers/power/sequencing/pwrseq-pcie-m2.c
Auto-merging drivers/soc/tegra/fuse/tegra-apbmisc.c
Auto-merging drivers/spi/spi-atcspi200.c
Auto-merging drivers/spi/spi.c
Auto-merging drivers/vdpa/vdpa_user/vduse_dev.c
Auto-merging include/linux/thunderbolt.h
Auto-merging include/sound/hda_codec.h
Auto-merging sound/soc/codecs/rt1320-sdw.c
Auto-merging sound/soc/codecs/rt700-sdw.c
Auto-merging sound/soc/codecs/sma1303.c
Auto-merging sound/soc/fsl/mpc5200_psc_ac97.c
Merge made by the 'ort' strategy.
 arch/arm/mach-omap2/board-generic.c                |    1 -
 arch/loongarch/kvm/main.c                          |    1 +
 arch/mips/include/asm/cdmm.h                       |    2 +-
 arch/mips/lantiq/xway/dcdc.c                       |    1 -
 arch/mips/lantiq/xway/gptu.c                       |    1 -
 arch/mips/lantiq/xway/vmmc.c                       |    1 -
 arch/mips/pci/pci-rt2880.c                         |    1 -
 arch/mips/ralink/timer.c                           |    1 -
 arch/parisc/include/asm/hardware.h                 |    4 +-
 arch/parisc/include/asm/parisc-device.h            |    1 +
 arch/parisc/include/asm/ptrace.h                   |    1 +
 arch/powerpc/platforms/83xx/mcu_mpc8349emitx.c     |    1 -
 arch/powerpc/platforms/86xx/common.c               |    1 -
 arch/powerpc/sysdev/fsl_lbc.c                      |    1 -
 arch/powerpc/sysdev/fsl_pmc.c                      |    1 -
 arch/s390/include/asm/ccwdev.h                     |    2 +-
 arch/sh/drivers/platform_early.c                   |    2 +-
 arch/sparc/crypto/crop_devid.c                     |    2 +-
 arch/sparc/kernel/of_device_32.c                   |    1 -
 arch/sparc/kernel/of_device_64.c                   |    1 -
 arch/sparc/kernel/of_device_common.c               |    1 -
 arch/x86/include/asm/cpu_device_id.h               |    5 +-
 arch/x86/kvm/svm/svm.c                             |    1 -
 arch/x86/kvm/vmx/vmx.c                             |    1 -
 drivers/accel/ethosu/ethosu_drv.c                  |    1 -
 drivers/accel/qaic/qaic_timesync.c                 |    1 -
 drivers/accel/qaic/sahara.c                        |    1 -
 drivers/ata/ahci_platform.c                        |    1 -
 drivers/ata/ahci_sunxi.c                           |    1 -
 drivers/ata/pata_buddha.c                          |    1 -
 drivers/ata/pata_ep93xx.c                          |    1 -
 drivers/ata/pata_imx.c                             |    1 -
 drivers/auxdisplay/arm-charlcd.c                   |    1 -
 drivers/auxdisplay/hd44780.c                       |    1 -
 drivers/auxdisplay/lcd2s.c                         |    1 -
 drivers/auxdisplay/max6959.c                       |    1 -
 drivers/auxdisplay/seg-led-gpio.c                  |    1 -
 drivers/block/floppy.c                             |    2 +-
 drivers/bluetooth/hci_h5.c                         |    1 -
 drivers/bluetooth/hci_qca.c                        |    1 -
 drivers/bus/mhi/ep/main.c                          |    1 -
 drivers/bus/mhi/host/init.c                        |    1 -
 drivers/cache/hisi_soc_hha.c                       |    1 -
 drivers/cdx/controller/cdx_controller.c            |    1 -
 drivers/char/hw_random/airoha-trng.c               |    1 -
 drivers/char/hw_random/atmel-rng.c                 |    1 -
 drivers/char/hw_random/ba431-rng.c                 |    1 -
 drivers/char/hw_random/bcm74110-rng.c              |    1 -
 drivers/char/hw_random/exynos-trng.c               |    1 -
 drivers/char/hw_random/histb-rng.c                 |    1 -
 drivers/char/hw_random/imx-rngc.c                  |    1 -
 drivers/char/hw_random/ingenic-trng.c              |    1 -
 drivers/char/hw_random/iproc-rng200.c              |    1 -
 drivers/char/hw_random/pasemi-rng.c                |    1 -
 drivers/char/hw_random/pic32-rng.c                 |    1 -
 drivers/char/hw_random/powernv-rng.c               |    1 -
 drivers/char/hw_random/xgene-rng.c                 |    1 -
 drivers/char/hw_random/xilinx-trng.c               |    1 -
 drivers/char/hw_random/xiphera-trng.c              |    1 -
 drivers/clk/aspeed/clk-ast2600.c                   |    1 -
 drivers/clk/aspeed/clk-ast2700.c                   |    1 -
 drivers/clk/clk-axi-clkgen.c                       |    1 -
 drivers/clk/clk-bm1880.c                           |    1 -
 drivers/clk/clk-cdce706.c                          |    1 -
 drivers/clk/clk-eyeq.c                             |    1 -
 drivers/clk/clk-renesas-pcie.c                     |    1 -
 drivers/clk/clk-si521xx.c                          |    1 -
 drivers/clk/clk-versaclock5.c                      |    1 -
 drivers/clk/imx/clk-imx8mp-audiomix.c              |    1 -
 drivers/clk/mediatek/clk-mt2701-g3d.c              |    1 -
 drivers/clk/mediatek/clk-mt2701.c                  |    1 -
 drivers/clk/mediatek/clk-mt2712.c                  |    1 -
 drivers/clk/mediatek/clk-mt6765.c                  |    1 -
 drivers/clk/mediatek/clk-mt6779-aud.c              |    1 -
 drivers/clk/mediatek/clk-mt7622-eth.c              |    1 -
 drivers/clk/mediatek/clk-mt7622-hif.c              |    1 -
 drivers/clk/mediatek/clk-mt7622.c                  |    1 -
 drivers/clk/mediatek/clk-mt7629-hif.c              |    1 -
 drivers/clk/mediatek/clk-mt7981-apmixed.c          |    1 -
 drivers/clk/mediatek/clk-mt7981-eth.c              |    1 -
 drivers/clk/mediatek/clk-mt7981-infracfg.c         |    1 -
 drivers/clk/mediatek/clk-mt7981-topckgen.c         |    1 -
 drivers/clk/mediatek/clk-mt7986-apmixed.c          |    1 -
 drivers/clk/mediatek/clk-mt7986-eth.c              |    1 -
 drivers/clk/mediatek/clk-mt7986-infracfg.c         |    1 -
 drivers/clk/mediatek/clk-mt7986-topckgen.c         |    1 -
 drivers/clk/mediatek/clk-mt8167-aud.c              |    1 -
 drivers/clk/mediatek/clk-mt8167-img.c              |    1 -
 drivers/clk/mediatek/clk-mt8167-mfgcfg.c           |    1 -
 drivers/clk/mediatek/clk-mt8167-mm.c               |    1 -
 drivers/clk/mediatek/clk-mt8167-vdec.c             |    1 -
 drivers/clk/mediatek/clk-mt8173-mm.c               |    1 -
 drivers/clk/mediatek/clk-mt8183.c                  |    1 -
 drivers/clk/mediatek/clk-mt8188-adsp_audio26m.c    |    1 -
 drivers/clk/mediatek/clk-mt8188-apmixedsys.c       |    1 -
 drivers/clk/mediatek/clk-mt8188-imp_iic_wrap.c     |    1 -
 drivers/clk/mediatek/clk-mt8188-topckgen.c         |    1 -
 drivers/clk/mediatek/clk-mt8188-vdo0.c             |    1 -
 drivers/clk/mediatek/clk-mt8188-vdo1.c             |    1 -
 drivers/clk/mediatek/clk-mt8188-venc.c             |    1 -
 drivers/clk/mediatek/clk-mt8188-wpe.c              |    1 -
 drivers/clk/mediatek/clk-mt8192-cam.c              |    1 -
 drivers/clk/mediatek/clk-mt8192-img.c              |    1 -
 drivers/clk/mediatek/clk-mt8192-imp_iic_wrap.c     |    1 -
 drivers/clk/mediatek/clk-mt8192-ipe.c              |    1 -
 drivers/clk/mediatek/clk-mt8192-mdp.c              |    1 -
 drivers/clk/mediatek/clk-mt8192-mfg.c              |    1 -
 drivers/clk/mediatek/clk-mt8192-msdc.c             |    1 -
 drivers/clk/mediatek/clk-mt8192-scp_adsp.c         |    1 -
 drivers/clk/mediatek/clk-mt8192-vdec.c             |    1 -
 drivers/clk/mediatek/clk-mt8192-venc.c             |    1 -
 drivers/clk/mediatek/clk-mt8192.c                  |    1 -
 drivers/clk/mediatek/clk-mt8195-apmixedsys.c       |    1 -
 drivers/clk/mediatek/clk-mt8195-topckgen.c         |    1 -
 drivers/clk/mediatek/clk-mt8365.c                  |    1 -
 drivers/clk/mediatek/clk-mt8516-aud.c              |    1 -
 drivers/clk/meson/a1-peripherals.c                 |    1 -
 drivers/clk/meson/a1-pll.c                         |    1 -
 drivers/clk/meson/axg.c                            |    1 -
 drivers/clk/meson/gxbb.c                           |    1 -
 drivers/clk/qcom/cambistmclkcc-kaanapali.c         |    1 -
 drivers/clk/qcom/cambistmclkcc-sm8750.c            |    1 -
 drivers/clk/qcom/camcc-kaanapali.c                 |    1 -
 drivers/clk/qcom/camcc-milos.c                     |    1 -
 drivers/clk/qcom/camcc-qcs615.c                    |    1 -
 drivers/clk/qcom/camcc-sa8775p.c                   |    1 -
 drivers/clk/qcom/camcc-sc7180.c                    |    1 -
 drivers/clk/qcom/camcc-sc7280.c                    |    1 -
 drivers/clk/qcom/camcc-sc8180x.c                   |    1 -
 drivers/clk/qcom/camcc-sc8280xp.c                  |    1 -
 drivers/clk/qcom/camcc-sdm845.c                    |    1 -
 drivers/clk/qcom/camcc-sm4450.c                    |    1 -
 drivers/clk/qcom/camcc-sm6350.c                    |    1 -
 drivers/clk/qcom/camcc-sm7150.c                    |    1 -
 drivers/clk/qcom/camcc-sm8150.c                    |    1 -
 drivers/clk/qcom/camcc-sm8250.c                    |    1 -
 drivers/clk/qcom/camcc-sm8450.c                    |    1 -
 drivers/clk/qcom/camcc-sm8550.c                    |    1 -
 drivers/clk/qcom/camcc-sm8650.c                    |    1 -
 drivers/clk/qcom/camcc-sm8750.c                    |    1 -
 drivers/clk/qcom/camcc-x1e80100.c                  |    1 -
 drivers/clk/qcom/camcc-x1p42100.c                  |    1 -
 drivers/clk/qcom/dispcc-eliza.c                    |    1 -
 drivers/clk/qcom/dispcc-glymur.c                   |    1 -
 drivers/clk/qcom/dispcc-kaanapali.c                |    1 -
 drivers/clk/qcom/dispcc-milos.c                    |    1 -
 drivers/clk/qcom/dispcc-qcm2290.c                  |    1 -
 drivers/clk/qcom/dispcc-qcs615.c                   |    1 -
 drivers/clk/qcom/dispcc-sc7180.c                   |    1 -
 drivers/clk/qcom/dispcc-sc7280.c                   |    1 -
 drivers/clk/qcom/dispcc-sc8280xp.c                 |    1 -
 drivers/clk/qcom/dispcc-sdm845.c                   |    1 -
 drivers/clk/qcom/dispcc-sm4450.c                   |    1 -
 drivers/clk/qcom/dispcc-sm6115.c                   |    1 -
 drivers/clk/qcom/dispcc-sm6125.c                   |    1 -
 drivers/clk/qcom/dispcc-sm6350.c                   |    1 -
 drivers/clk/qcom/dispcc-sm6375.c                   |    1 -
 drivers/clk/qcom/dispcc-sm7150.c                   |    1 -
 drivers/clk/qcom/dispcc-sm8250.c                   |    1 -
 drivers/clk/qcom/dispcc-sm8450.c                   |    1 -
 drivers/clk/qcom/dispcc-sm8550.c                   |    1 -
 drivers/clk/qcom/dispcc-sm8750.c                   |    1 -
 drivers/clk/qcom/dispcc-x1e80100.c                 |    1 -
 drivers/clk/qcom/dispcc0-sa8775p.c                 |    1 -
 drivers/clk/qcom/dispcc1-sa8775p.c                 |    1 -
 drivers/clk/qcom/ecpricc-qdu1000.c                 |    1 -
 drivers/clk/qcom/gcc-eliza.c                       |    1 -
 drivers/clk/qcom/gcc-glymur.c                      |    1 -
 drivers/clk/qcom/gcc-hawi.c                        |    1 -
 drivers/clk/qcom/gcc-ipq5018.c                     |    1 -
 drivers/clk/qcom/gcc-ipq5332.c                     |    1 -
 drivers/clk/qcom/gcc-kaanapali.c                   |    1 -
 drivers/clk/qcom/gcc-milos.c                       |    1 -
 drivers/clk/qcom/gcc-nord.c                        |    1 -
 drivers/clk/qcom/gcc-qcs615.c                      |    1 -
 drivers/clk/qcom/gcc-qcs8300.c                     |    1 -
 drivers/clk/qcom/gcc-sa8775p.c                     |    1 -
 drivers/clk/qcom/gcc-sdx75.c                       |    1 -
 drivers/clk/qcom/gcc-sm4450.c                      |    1 -
 drivers/clk/qcom/gcc-sm7150.c                      |    1 -
 drivers/clk/qcom/gcc-sm8650.c                      |    1 -
 drivers/clk/qcom/gcc-sm8750.c                      |    1 -
 drivers/clk/qcom/gcc-x1e80100.c                    |    1 -
 drivers/clk/qcom/gpucc-glymur.c                    |    1 -
 drivers/clk/qcom/gpucc-kaanapali.c                 |    1 -
 drivers/clk/qcom/gpucc-milos.c                     |    1 -
 drivers/clk/qcom/gpucc-msm8998.c                   |    1 -
 drivers/clk/qcom/gpucc-qcm2290.c                   |    1 -
 drivers/clk/qcom/gpucc-qcs615.c                    |    1 -
 drivers/clk/qcom/gpucc-sa8775p.c                   |    1 -
 drivers/clk/qcom/gpucc-sar2130p.c                  |    1 -
 drivers/clk/qcom/gpucc-sc7180.c                    |    1 -
 drivers/clk/qcom/gpucc-sc7280.c                    |    1 -
 drivers/clk/qcom/gpucc-sc8280xp.c                  |    1 -
 drivers/clk/qcom/gpucc-sdm660.c                    |    1 -
 drivers/clk/qcom/gpucc-sdm845.c                    |    1 -
 drivers/clk/qcom/gpucc-sm4450.c                    |    1 -
 drivers/clk/qcom/gpucc-sm6115.c                    |    1 -
 drivers/clk/qcom/gpucc-sm6125.c                    |    1 -
 drivers/clk/qcom/gpucc-sm6350.c                    |    1 -
 drivers/clk/qcom/gpucc-sm6375.c                    |    1 -
 drivers/clk/qcom/gpucc-sm8150.c                    |    1 -
 drivers/clk/qcom/gpucc-sm8250.c                    |    1 -
 drivers/clk/qcom/gpucc-sm8350.c                    |    1 -
 drivers/clk/qcom/gpucc-sm8450.c                    |    1 -
 drivers/clk/qcom/gpucc-sm8550.c                    |    1 -
 drivers/clk/qcom/gpucc-sm8650.c                    |    1 -
 drivers/clk/qcom/gpucc-sm8750.c                    |    1 -
 drivers/clk/qcom/gpucc-x1e80100.c                  |    1 -
 drivers/clk/qcom/gpucc-x1p42100.c                  |    1 -
 drivers/clk/qcom/gxclkctl-kaanapali.c              |    1 -
 drivers/clk/qcom/ipq-cmn-pll.c                     |    1 -
 drivers/clk/qcom/lpasscc-sc8280xp.c                |    1 -
 drivers/clk/qcom/lpasscc-sm6115.c                  |    1 -
 drivers/clk/qcom/mmcc-apq8084.c                    |    1 -
 drivers/clk/qcom/mmcc-msm8960.c                    |    1 -
 drivers/clk/qcom/mmcc-msm8974.c                    |    1 -
 drivers/clk/qcom/mmcc-msm8994.c                    |    1 -
 drivers/clk/qcom/mmcc-msm8996.c                    |    1 -
 drivers/clk/qcom/mmcc-msm8998.c                    |    1 -
 drivers/clk/qcom/mmcc-sdm660.c                     |    1 -
 drivers/clk/qcom/negcc-nord.c                      |    1 -
 drivers/clk/qcom/nwgcc-nord.c                      |    1 -
 drivers/clk/qcom/segcc-nord.c                      |    1 -
 drivers/clk/qcom/tcsrcc-eliza.c                    |    1 -
 drivers/clk/qcom/tcsrcc-glymur.c                   |    1 -
 drivers/clk/qcom/tcsrcc-hawi.c                     |    1 -
 drivers/clk/qcom/tcsrcc-nord.c                     |    1 -
 drivers/clk/qcom/tcsrcc-sm8650.c                   |    1 -
 drivers/clk/qcom/tcsrcc-sm8750.c                   |    1 -
 drivers/clk/qcom/tcsrcc-x1e80100.c                 |    1 -
 drivers/clk/qcom/videocc-glymur.c                  |    1 -
 drivers/clk/qcom/videocc-kaanapali.c               |    1 -
 drivers/clk/qcom/videocc-milos.c                   |    1 -
 drivers/clk/qcom/videocc-qcs615.c                  |    1 -
 drivers/clk/qcom/videocc-sa8775p.c                 |    1 -
 drivers/clk/qcom/videocc-sm7150.c                  |    1 -
 drivers/clk/qcom/videocc-sm8450.c                  |    1 -
 drivers/clk/qcom/videocc-sm8550.c                  |    1 -
 drivers/clk/qcom/videocc-sm8750.c                  |    1 -
 drivers/clk/qcom/videocc-x1p42100.c                |    1 -
 drivers/clk/renesas/clk-vbattb.c                   |    1 -
 drivers/clk/renesas/renesas-cpg-mssr.c             |    1 -
 drivers/clk/renesas/rzg2l-cpg.c                    |    1 -
 drivers/clk/renesas/rzv2h-cpg.c                    |    1 -
 drivers/clk/samsung/clk-exynos-audss.c             |    1 -
 drivers/clk/samsung/clk-exynos-clkout.c            |    1 -
 drivers/clk/samsung/clk-exynos2200.c               |    1 -
 drivers/clk/samsung/clk-exynos3250.c               |    1 -
 drivers/clk/samsung/clk-exynos4.c                  |    1 -
 drivers/clk/samsung/clk-exynos4412-isp.c           |    1 -
 drivers/clk/samsung/clk-exynos5-subcmu.c           |    1 -
 drivers/clk/samsung/clk-exynos5250.c               |    1 -
 drivers/clk/samsung/clk-exynos5420.c               |    1 -
 drivers/clk/samsung/clk-exynos5433.c               |    1 -
 drivers/clk/samsung/clk-exynos7870.c               |    1 -
 drivers/clk/samsung/clk-exynos7885.c               |    1 -
 drivers/clk/samsung/clk-exynos850.c                |    1 -
 drivers/clk/samsung/clk-exynos8895.c               |    1 -
 drivers/clk/samsung/clk-exynos990.c                |    1 -
 drivers/clk/samsung/clk-exynosautov9.c             |    1 -
 drivers/clk/samsung/clk-exynosautov920.c           |    1 -
 drivers/clk/samsung/clk-fsd.c                      |    1 -
 drivers/clk/samsung/clk-gs101.c                    |    1 -
 drivers/clk/samsung/clk-s5pv210-audss.c            |    1 -
 drivers/clk/samsung/clk.c                          |    1 -
 drivers/clk/sprd/ums512-clk.c                      |    1 -
 drivers/clk/starfive/clk-starfive-jh7100-audio.c   |    1 -
 drivers/clk/starfive/clk-starfive-jh7100.c         |    1 -
 drivers/clk/tegra/clk-device.c                     |    1 -
 drivers/clk/xilinx/xlnx_vcu.c                      |    1 -
 drivers/counter/interrupt-cnt.c                    |    1 -
 drivers/counter/stm32-lptimer-cnt.c                |    1 -
 drivers/counter/stm32-timer-cnt.c                  |    1 -
 drivers/counter/ti-ecap-capture.c                  |    1 -
 drivers/counter/ti-eqep.c                          |    1 -
 drivers/cpufreq/amd_freq_sensitivity.c             |    1 -
 drivers/cpufreq/armada-37xx-cpufreq.c              |    1 -
 drivers/crypto/atmel-aes.c                         |    1 -
 drivers/crypto/atmel-sha.c                         |    1 -
 drivers/crypto/atmel-tdes.c                        |    1 -
 drivers/crypto/hifn_795x.c                         |    1 -
 drivers/crypto/img-hash.c                          |    1 -
 .../crypto/intel/keembay/keembay-ocs-hcu-core.c    |    1 -
 drivers/crypto/qce/core.c                          |    1 -
 drivers/crypto/starfive/jh7110-cryp.c              |    1 -
 drivers/crypto/talitos.c                           |    1 -
 drivers/crypto/tegra/tegra-se-main.c               |    1 -
 drivers/crypto/ti/dthev2-common.c                  |    1 -
 drivers/crypto/xilinx/zynqmp-aes-gcm.c             |    1 -
 drivers/devfreq/hisi_uncore_freq.c                 |    1 -
 drivers/devfreq/imx8m-ddrc.c                       |    1 -
 drivers/dma/amd/qdma/qdma.c                        |    1 -
 drivers/dma/ep93xx_dma.c                           |    1 -
 drivers/dma/qcom/hidma.c                           |    1 -
 drivers/dma/sf-pdma/sf-pdma.c                      |    1 -
 drivers/dma/xgene-dma.c                            |    1 -
 drivers/dma/xilinx/xdma.c                          |    1 -
 drivers/dpll/zl3073x/dpll.c                        |    1 -
 drivers/edac/fsl_ddr_edac.c                        |    1 -
 drivers/edac/mpc85xx_edac.c                        |    1 -
 drivers/edac/pnd2_edac.c                           |    1 -
 drivers/edac/sb_edac.c                             |    1 -
 drivers/extcon/extcon-intel-cht-wc.c               |    1 -
 drivers/extcon/extcon-intel-mrfld.c                |    1 -
 drivers/extcon/extcon-max14526.c                   |    1 -
 drivers/extcon/extcon-max3355.c                    |    1 -
 drivers/extcon/extcon-qcom-spmi-misc.c             |    1 -
 drivers/extcon/extcon-usb-gpio.c                   |    1 -
 drivers/firewire/core-device.c                     |    1 -
 drivers/firewire/net.c                             |    1 -
 drivers/firewire/sbp2.c                            |    1 -
 drivers/firmware/google/cbmem.c                    |    2 +-
 drivers/firmware/google/coreboot_table.c           |    2 +-
 drivers/firmware/google/framebuffer-coreboot.c     |    2 +-
 drivers/firmware/google/memconsole-coreboot.c      |    2 +-
 drivers/firmware/google/vpd.c                      |    2 +-
 drivers/firmware/qemu_fw_cfg.c                     |    1 -
 drivers/fpga/altera-freeze-bridge.c                |    1 -
 drivers/fpga/altera-pr-ip-core-plat.c              |    1 -
 drivers/fpga/ice40-spi.c                           |    1 -
 drivers/fpga/intel-m10-bmc-sec-update.c            |    1 -
 drivers/fpga/lattice-sysconfig-spi.c               |    1 -
 drivers/fpga/xilinx-selectmap.c                    |    1 -
 drivers/fpga/xilinx-spi.c                          |    1 -
 drivers/fsi/fsi-master-i2cr.c                      |    1 -
 drivers/fsi/fsi-scom.c                             |    1 -
 drivers/fsi/i2cr-scom.c                            |    1 -
 drivers/gpib/eastwood/fluke_gpib.c                 |    1 -
 drivers/gpio/gpio-74xx-mmio.c                      |    1 -
 drivers/gpio/gpio-adnp.c                           |    1 -
 drivers/gpio/gpio-aggregator.c                     |    1 -
 drivers/gpio/gpio-altera-a10sr.c                   |    1 -
 drivers/gpio/gpio-altera.c                         |    1 -
 drivers/gpio/gpio-ath79.c                          |    1 -
 drivers/gpio/gpio-bcm-kona.c                       |    1 -
 drivers/gpio/gpio-by-pinctrl.c                     |    1 -
 drivers/gpio/gpio-cros-ec.c                        |    1 -
 drivers/gpio/gpio-dwapb.c                          |    1 -
 drivers/gpio/gpio-en7523.c                         |    1 -
 drivers/gpio/gpio-ge.c                             |    1 -
 drivers/gpio/gpio-graniterapids.c                  |    1 -
 drivers/gpio/gpio-hisi.c                           |    1 -
 drivers/gpio/gpio-idt3243x.c                       |    1 -
 drivers/gpio/gpio-latch.c                          |    1 -
 drivers/gpio/gpio-line-mux.c                       |    1 -
 drivers/gpio/gpio-ltc4283.c                        |    1 -
 drivers/gpio/gpio-max7360.c                        |    1 -
 drivers/gpio/gpio-max77759.c                       |    1 -
 drivers/gpio/gpio-mb86s7x.c                        |    1 -
 drivers/gpio/gpio-mlxbf2.c                         |    1 -
 drivers/gpio/gpio-mmio.c                           |    1 -
 drivers/gpio/gpio-mockup.c                         |    1 -
 drivers/gpio/gpio-mpc8xxx.c                        |    1 -
 drivers/gpio/gpio-mpfs.c                           |    1 -
 drivers/gpio/gpio-nomadik.c                        |    1 -
 drivers/gpio/gpio-pca953x.c                        |    1 -
 drivers/gpio/gpio-pcf857x.c                        |    1 -
 drivers/gpio/gpio-qixis-fpga.c                     |    1 -
 drivers/gpio/gpio-realtek-otto.c                   |    1 -
 drivers/gpio/gpio-shared-proxy.c                   |    1 -
 drivers/gpio/gpio-sim.c                            |    1 -
 drivers/gpio/gpio-sl28cpld.c                       |    1 -
 drivers/gpio/gpio-sloppy-logic-analyzer.c          |    1 -
 drivers/gpio/gpio-sprd.c                           |    1 -
 drivers/gpio/gpio-tn48m.c                          |    1 -
 drivers/gpio/gpio-virtuser.c                       |    1 -
 drivers/gpio/gpio-wcd934x.c                        |    1 -
 drivers/gpio/gpio-xgene-sb.c                       |    1 -
 drivers/gpio/gpio-xra1403.c                        |    1 -
 drivers/gpio/gpio-zevio.c                          |    1 -
 drivers/gpu/drm/aspeed/aspeed_gfx_drv.c            |    1 -
 drivers/gpu/drm/bridge/imx/imx8mp-hdmi-tx.c        |    1 -
 drivers/gpu/drm/bridge/inno-hdmi.c                 |    1 -
 drivers/gpu/drm/bridge/ssd2825.c                   |    1 -
 drivers/gpu/drm/bridge/tc358762.c                  |    1 -
 drivers/gpu/drm/bridge/tc358764.c                  |    1 -
 drivers/gpu/drm/bridge/th1520-dw-hdmi.c            |    1 -
 drivers/gpu/drm/drm_panel_backlight_quirks.c       |    1 -
 drivers/gpu/drm/etnaviv/etnaviv_gpu.c              |    1 -
 drivers/gpu/drm/exynos/exynos_drm_gsc.c            |    1 -
 drivers/gpu/drm/hisilicon/kirin/dw_drm_dsi.c       |    1 -
 drivers/gpu/drm/imagination/pvr_drv.c              |    1 -
 drivers/gpu/drm/imx/dc/dc-cf.c                     |    1 -
 drivers/gpu/drm/imx/dc/dc-de.c                     |    1 -
 drivers/gpu/drm/imx/dc/dc-drv.c                    |    1 -
 drivers/gpu/drm/imx/dc/dc-ed.c                     |    1 -
 drivers/gpu/drm/imx/dc/dc-fg.c                     |    1 -
 drivers/gpu/drm/imx/dc/dc-fl.c                     |    1 -
 drivers/gpu/drm/imx/dc/dc-fw.c                     |    1 -
 drivers/gpu/drm/imx/dc/dc-lb.c                     |    1 -
 drivers/gpu/drm/imx/dc/dc-pe.c                     |    1 -
 drivers/gpu/drm/imx/dc/dc-tc.c                     |    1 -
 drivers/gpu/drm/imx/lcdc/imx-lcdc.c                |    1 -
 drivers/gpu/drm/mediatek/mtk_cec.c                 |    1 -
 drivers/gpu/drm/mediatek/mtk_mdp_rdma.c            |    1 -
 drivers/gpu/drm/meson/meson_dw_mipi_dsi.c          |    1 -
 drivers/gpu/drm/mxsfb/mxsfb_drv.c                  |    1 -
 drivers/gpu/drm/panel/panel-arm-versatile.c        |    1 -
 drivers/gpu/drm/panel/panel-auo-a030jtn01.c        |    1 -
 drivers/gpu/drm/panel/panel-boe-td4320.c           |    1 -
 drivers/gpu/drm/panel/panel-feixin-k101-im2ba02.c  |    1 -
 .../gpu/drm/panel/panel-feiyang-fy07024di26a30d.c  |    1 -
 drivers/gpu/drm/panel/panel-himax-hx83112b.c       |    1 -
 drivers/gpu/drm/panel/panel-himax-hx83121a.c       |    1 -
 drivers/gpu/drm/panel/panel-himax-hx8394.c         |    1 -
 drivers/gpu/drm/panel/panel-hydis-hv101hd1.c       |    1 -
 drivers/gpu/drm/panel/panel-ilitek-ili9341.c       |    1 -
 drivers/gpu/drm/panel/panel-ilitek-ili9806e-dsi.c  |    1 -
 drivers/gpu/drm/panel/panel-lg-ld070wx3.c          |    1 -
 drivers/gpu/drm/panel/panel-motorola-mot.c         |    1 -
 drivers/gpu/drm/panel/panel-novatek-nt35532.c      |    1 -
 drivers/gpu/drm/panel/panel-novatek-nt37801.c      |    1 -
 drivers/gpu/drm/panel/panel-orisetech-otm8009a.c   |    1 -
 drivers/gpu/drm/panel/panel-raydium-rm67200.c      |    1 -
 drivers/gpu/drm/panel/panel-raydium-rm68200.c      |    1 -
 drivers/gpu/drm/panel/panel-renesas-r61307.c       |    1 -
 drivers/gpu/drm/panel/panel-renesas-r69328.c       |    1 -
 drivers/gpu/drm/panel/panel-samsung-ltl106hl02.c   |    1 -
 drivers/gpu/drm/panel/panel-samsung-s6d16d0.c      |    1 -
 drivers/gpu/drm/panel/panel-samsung-s6e63j0x03.c   |    1 -
 drivers/gpu/drm/panel/panel-samsung-s6e63m0-dsi.c  |    1 -
 .../drm/panel/panel-samsung-s6e88a0-ams427ap24.c   |    1 -
 .../gpu/drm/panel/panel-samsung-s6e8fc0-m1906f9.c  |    1 -
 drivers/gpu/drm/panel/panel-sitronix-st7703.c      |    1 -
 drivers/gpu/drm/panel/panel-summit.c               |    1 -
 drivers/gpu/drm/panel/panel-visionox-rm69299.c     |    1 -
 drivers/gpu/drm/panel/panel-visionox-rm692e5.c     |    1 -
 drivers/gpu/drm/renesas/rcar-du/rcar_dw_hdmi.c     |    1 -
 drivers/gpu/drm/rockchip/dw-mipi-dsi2-rockchip.c   |    1 -
 drivers/gpu/drm/rockchip/inno_hdmi-rockchip.c      |    1 -
 drivers/gpu/drm/rockchip/rockchip_vop2_reg.c       |    1 -
 drivers/gpu/drm/rockchip/rockchip_vop_reg.c        |    1 -
 drivers/gpu/drm/sprd/sprd_drm.c                    |    1 -
 drivers/gpu/drm/sti/sti_hda.c                      |    1 -
 drivers/gpu/drm/stm/drv.c                          |    1 -
 drivers/gpu/drm/stm/dw_mipi_dsi-stm.c              |    1 -
 drivers/gpu/drm/sun4i/sun6i_drc.c                  |    1 -
 drivers/gpu/drm/tilcdc/tilcdc_drv.c                |    1 -
 drivers/gpu/drm/tiny/sharp-memory.c                |    1 -
 drivers/gpu/drm/vc4/vc4_dpi.c                      |    1 -
 drivers/gpu/drm/vc4/vc4_txp.c                      |    1 -
 drivers/hid/i2c-hid/i2c-hid-dmi-quirks.c           |    1 -
 drivers/hid/intel-ish-hid/ishtp/bus.h              |    2 +-
 drivers/hsi/controllers/omap_ssi_port.c            |    1 -
 drivers/hte/hte-tegra194-test.c                    |    1 -
 drivers/hwmon/adcxx.c                              |    1 -
 drivers/hwmon/adt7410.c                            |    1 -
 drivers/hwmon/adt7462.c                            |    1 -
 drivers/hwmon/adt7475.c                            |    1 -
 drivers/hwmon/as370-hwmon.c                        |    1 -
 drivers/hwmon/axi-fan-control.c                    |    1 -
 drivers/hwmon/cros_ec_hwmon.c                      |    1 -
 drivers/hwmon/gxp-fan-ctrl.c                       |    1 -
 drivers/hwmon/iio_hwmon.c                          |    1 -
 drivers/hwmon/intel-m10-bmc-hwmon.c                |    1 -
 drivers/hwmon/jc42.c                               |    1 -
 drivers/hwmon/lan966x-hwmon.c                      |    1 -
 drivers/hwmon/lm70.c                               |    1 -
 drivers/hwmon/lm75.c                               |    1 -
 drivers/hwmon/ltc2947-core.c                       |    1 -
 drivers/hwmon/ltc4282.c                            |    1 -
 drivers/hwmon/ltc4283.c                            |    1 -
 drivers/hwmon/ltq-cputemp.c                        |    1 -
 drivers/hwmon/max197.c                             |    1 -
 drivers/hwmon/mc13783-adc.c                        |    1 -
 drivers/hwmon/mr75203.c                            |    1 -
 drivers/hwmon/ntc_thermistor.c                     |    1 -
 drivers/hwmon/occ/p9_sbe.c                         |    1 -
 drivers/hwmon/pmbus/adp1050.c                      |    1 -
 drivers/hwmon/pmbus/e50sn12051.c                   |    1 -
 drivers/hwmon/pmbus/lt3074.c                       |    1 -
 drivers/hwmon/pmbus/max17616.c                     |    1 -
 drivers/hwmon/pmbus/max20830.c                     |    1 -
 drivers/hwmon/pmbus/mp2975.c                       |    1 -
 drivers/hwmon/pmbus/stef48h28.c                    |    1 -
 drivers/hwmon/pwm-fan.c                            |    1 -
 drivers/hwmon/sch5627.c                            |    1 -
 drivers/hwmon/sch5636.c                            |    1 -
 drivers/hwmon/sl28cpld-hwmon.c                     |    1 -
 drivers/hwmon/smpro-hwmon.c                        |    1 -
 drivers/hwmon/sparx5-temp.c                        |    1 -
 drivers/hwmon/tmp102.c                             |    1 -
 drivers/hwmon/tmp108.c                             |    1 -
 drivers/hwtracing/coresight/ultrasoc-smb.c         |    1 -
 drivers/i2c/busses/i2c-amd-asf-plat.c              |    1 -
 drivers/i2c/busses/i2c-gxp.c                       |    1 -
 drivers/i2c/busses/i2c-hisi.c                      |    1 -
 drivers/i2c/busses/i2c-rtl9300.c                   |    1 -
 drivers/i2c/busses/i2c-rzv2m.c                     |    1 -
 drivers/i2c/i2c-core.h                             |    1 +
 drivers/iio/accel/adxl313_i2c.c                    |    1 -
 drivers/iio/accel/adxl313_spi.c                    |    1 -
 drivers/iio/accel/adxl355_core.c                   |    1 -
 drivers/iio/accel/adxl355_i2c.c                    |    1 -
 drivers/iio/accel/adxl355_spi.c                    |    1 -
 drivers/iio/accel/adxl367.c                        |    1 -
 drivers/iio/accel/adxl367_i2c.c                    |    1 -
 drivers/iio/accel/adxl367_spi.c                    |    1 -
 drivers/iio/accel/adxl372_i2c.c                    |    1 -
 drivers/iio/accel/adxl372_spi.c                    |    1 -
 drivers/iio/accel/adxl380_i2c.c                    |    1 -
 drivers/iio/accel/adxl380_spi.c                    |    1 -
 drivers/iio/accel/bma180.c                         |    1 -
 drivers/iio/accel/bma220_core.c                    |    1 -
 drivers/iio/accel/bma220_i2c.c                     |    1 -
 drivers/iio/accel/bma220_spi.c                     |    1 -
 drivers/iio/accel/bma400_i2c.c                     |    1 -
 drivers/iio/accel/bma400_spi.c                     |    1 -
 drivers/iio/accel/bmc150-accel-i2c.c               |    1 -
 drivers/iio/accel/bmc150-accel-spi.c               |    1 -
 drivers/iio/accel/bmi088-accel-i2c.c               |    1 -
 drivers/iio/accel/dmard06.c                        |    1 -
 drivers/iio/accel/fxls8962af-core.c                |    1 -
 drivers/iio/accel/fxls8962af-i2c.c                 |    1 -
 drivers/iio/accel/fxls8962af-spi.c                 |    1 -
 drivers/iio/accel/hid-sensor-accel-3d.c            |    1 -
 drivers/iio/accel/kxcjk-1013.c                     |    1 -
 drivers/iio/accel/kxsd9-i2c.c                      |    1 -
 drivers/iio/accel/kxsd9-spi.c                      |    1 -
 drivers/iio/accel/mma7660.c                        |    1 -
 drivers/iio/accel/mma8452.c                        |    1 -
 drivers/iio/accel/mma9551.c                        |    1 -
 drivers/iio/accel/mma9553.c                        |    1 -
 drivers/iio/accel/msa311.c                         |    1 -
 drivers/iio/accel/mxc4005.c                        |    1 -
 drivers/iio/accel/mxc6255.c                        |    1 -
 drivers/iio/accel/st_accel_i2c.c                   |    1 -
 drivers/iio/accel/st_accel_spi.c                   |    1 -
 drivers/iio/accel/stk8ba50.c                       |    1 -
 drivers/iio/adc/88pm886-gpadc.c                    |    1 -
 drivers/iio/adc/ad4000.c                           |    1 -
 drivers/iio/adc/ad4080.c                           |    1 -
 drivers/iio/adc/ad4134.c                           |    1 -
 drivers/iio/adc/ad4691.c                           |    1 -
 drivers/iio/adc/ad4851.c                           |    1 -
 drivers/iio/adc/ad7124.c                           |    1 -
 drivers/iio/adc/ad7173.c                           |    1 -
 drivers/iio/adc/ad7191.c                           |    1 -
 drivers/iio/adc/ad7192.c                           |    1 -
 drivers/iio/adc/ad7280a.c                          |    1 -
 drivers/iio/adc/ad7292.c                           |    1 -
 drivers/iio/adc/ad7298.c                           |    1 -
 drivers/iio/adc/ad7405.c                           |    1 -
 drivers/iio/adc/ad7606_par.c                       |    1 -
 drivers/iio/adc/ad7625.c                           |    1 -
 drivers/iio/adc/ad7779.c                           |    1 -
 drivers/iio/adc/adi-axi-adc.c                      |    1 -
 drivers/iio/adc/at91-sama5d2_adc.c                 |    1 -
 drivers/iio/adc/axp20x_adc.c                       |    1 -
 drivers/iio/adc/bcm_iproc_adc.c                    |    1 -
 drivers/iio/adc/berlin2-adc.c                      |    1 -
 drivers/iio/adc/cpcap-adc.c                        |    1 -
 drivers/iio/adc/envelope-detector.c                |    1 -
 drivers/iio/adc/fsl-imx25-gcq.c                    |    1 -
 drivers/iio/adc/hi8435.c                           |    1 -
 drivers/iio/adc/hx711.c                            |    1 -
 drivers/iio/adc/imx7d_adc.c                        |    1 -
 drivers/iio/adc/imx8qxp-adc.c                      |    1 -
 drivers/iio/adc/imx93_adc.c                        |    1 -
 drivers/iio/adc/ingenic-adc.c                      |    1 -
 drivers/iio/adc/intel_dc_ti_adc.c                  |    1 -
 drivers/iio/adc/intel_mrfld_adc.c                  |    1 -
 drivers/iio/adc/lpc18xx_adc.c                      |    1 -
 drivers/iio/adc/lpc32xx_adc.c                      |    1 -
 drivers/iio/adc/ltc2496.c                          |    1 -
 drivers/iio/adc/ltc2497.c                          |    1 -
 drivers/iio/adc/max1027.c                          |    1 -
 drivers/iio/adc/max11100.c                         |    1 -
 drivers/iio/adc/max1118.c                          |    1 -
 drivers/iio/adc/max1363.c                          |    1 -
 drivers/iio/adc/max14001.c                         |    1 -
 drivers/iio/adc/max34408.c                         |    1 -
 drivers/iio/adc/max77541-adc.c                     |    1 -
 drivers/iio/adc/max9611.c                          |    1 -
 drivers/iio/adc/mcp320x.c                          |    1 -
 drivers/iio/adc/mcp3422.c                          |    1 -
 drivers/iio/adc/mcp3911.c                          |    1 -
 drivers/iio/adc/mp2629_adc.c                       |    1 -
 drivers/iio/adc/mt6359-auxadc.c                    |    1 -
 drivers/iio/adc/mt6360-adc.c                       |    1 -
 drivers/iio/adc/mt6370-adc.c                       |    1 -
 drivers/iio/adc/mt6577_auxadc.c                    |    1 -
 drivers/iio/adc/nau7802.c                          |    1 -
 drivers/iio/adc/nct7201.c                          |    1 -
 drivers/iio/adc/npcm_adc.c                         |    1 -
 drivers/iio/adc/nxp-sar-adc.c                      |    1 -
 drivers/iio/adc/qcom-pm8xxx-xoadc.c                |    1 -
 drivers/iio/adc/qcom-spmi-adc5-gen3.c              |    1 -
 drivers/iio/adc/qcom-spmi-adc5.c                   |    1 -
 drivers/iio/adc/qcom-spmi-rradc.c                  |    1 -
 drivers/iio/adc/qcom-spmi-vadc.c                   |    1 -
 drivers/iio/adc/rohm-bd79112.c                     |    1 -
 drivers/iio/adc/rohm-bd79124.c                     |    1 -
 drivers/iio/adc/rtq6056.c                          |    1 -
 drivers/iio/adc/rzg2l_adc.c                        |    1 -
 drivers/iio/adc/rzn1-adc.c                         |    1 -
 drivers/iio/adc/rzt2h_adc.c                        |    1 -
 drivers/iio/adc/sd_adc_modulator.c                 |    1 -
 drivers/iio/adc/sophgo-cv1800b-adc.c               |    1 -
 drivers/iio/adc/spear_adc.c                        |    1 -
 drivers/iio/adc/stm32-adc.c                        |    1 -
 drivers/iio/adc/sun20i-gpadc-iio.c                 |    1 -
 drivers/iio/adc/ti-adc081c.c                       |    1 -
 drivers/iio/adc/ti-adc0832.c                       |    1 -
 drivers/iio/adc/ti-adc084s021.c                    |    1 -
 drivers/iio/adc/ti-adc108s102.c                    |    1 -
 drivers/iio/adc/ti-adc128s052.c                    |    1 -
 drivers/iio/adc/ti-adc161s626.c                    |    1 -
 drivers/iio/adc/ti-ads1018.c                       |    1 -
 drivers/iio/adc/ti-ads124s08.c                     |    1 -
 drivers/iio/adc/ti-ads131m02.c                     |    1 -
 drivers/iio/adc/ti-ads8688.c                       |    1 -
 drivers/iio/adc/ti-tlc4541.c                       |    1 -
 drivers/iio/adc/twl4030-madc.c                     |    1 -
 drivers/iio/adc/twl6030-gpadc.c                    |    1 -
 drivers/iio/adc/vf610_adc.c                        |    1 -
 drivers/iio/adc/xilinx-ams.c                       |    1 -
 drivers/iio/adc/xilinx-xadc-core.c                 |    1 -
 drivers/iio/addac/ad74413r.c                       |    1 -
 drivers/iio/afe/iio-rescale.c                      |    1 -
 drivers/iio/amplifiers/ad8366.c                    |    1 -
 drivers/iio/amplifiers/adl8113.c                   |    1 -
 drivers/iio/amplifiers/hmc425a.c                   |    1 -
 drivers/iio/cdc/ad7150.c                           |    1 -
 drivers/iio/chemical/ams-iaq-core.c                |    1 -
 drivers/iio/chemical/atlas-ezo-sensor.c            |    1 -
 drivers/iio/chemical/atlas-sensor.c                |    1 -
 drivers/iio/chemical/bme680_spi.c                  |    1 -
 drivers/iio/chemical/mhz19b.c                      |    1 -
 drivers/iio/chemical/pms7003.c                     |    1 -
 drivers/iio/chemical/scd30_i2c.c                   |    1 -
 drivers/iio/chemical/scd30_serial.c                |    1 -
 drivers/iio/chemical/sgp30.c                       |    1 -
 drivers/iio/chemical/sps30_i2c.c                   |    1 -
 drivers/iio/chemical/sps30_serial.c                |    1 -
 drivers/iio/chemical/sunrise_co2.c                 |    1 -
 drivers/iio/chemical/vz89x.c                       |    1 -
 .../iio/common/cros_ec_sensors/cros_ec_lid_angle.c |    1 -
 .../iio/common/cros_ec_sensors/cros_ec_sensors.c   |    1 -
 drivers/iio/common/ssp_sensors/ssp_dev.c           |    1 -
 drivers/iio/dac/ad3530r.c                          |    1 -
 drivers/iio/dac/ad3552r-hs.c                       |    1 -
 drivers/iio/dac/ad5446-i2c.c                       |    1 -
 drivers/iio/dac/ad5446-spi.c                       |    1 -
 drivers/iio/dac/ad5592r.c                          |    1 -
 drivers/iio/dac/ad5593r.c                          |    1 -
 drivers/iio/dac/ad5686-spi.c                       |    1 -
 drivers/iio/dac/ad5696-i2c.c                       |    1 -
 drivers/iio/dac/ad5706r.c                          |    1 -
 drivers/iio/dac/ad5758.c                           |    1 -
 drivers/iio/dac/ad7293.c                           |    1 -
 drivers/iio/dac/ad7303.c                           |    1 -
 drivers/iio/dac/ad8460.c                           |    1 -
 drivers/iio/dac/ad9739a.c                          |    1 -
 drivers/iio/dac/adi-axi-dac.c                      |    1 -
 drivers/iio/dac/dpot-dac.c                         |    1 -
 drivers/iio/dac/lpc18xx_dac.c                      |    1 -
 drivers/iio/dac/ltc2664.c                          |    1 -
 drivers/iio/dac/ltc2688.c                          |    1 -
 drivers/iio/dac/max22007.c                         |    1 -
 drivers/iio/dac/max5522.c                          |    1 -
 drivers/iio/dac/mcp4725.c                          |    1 -
 drivers/iio/dac/mcp4728.c                          |    1 -
 drivers/iio/dac/mcp47feb02.c                       |    1 -
 drivers/iio/dac/mcp4821.c                          |    1 -
 drivers/iio/dac/stm32-dac-core.c                   |    1 -
 drivers/iio/dac/stm32-dac.c                        |    1 -
 drivers/iio/dac/ti-dac082s085.c                    |    1 -
 drivers/iio/dac/ti-dac5571.c                       |    1 -
 drivers/iio/dac/vf610_dac.c                        |    1 -
 drivers/iio/filter/admv8818.c                      |    1 -
 drivers/iio/frequency/adf4350.c                    |    1 -
 drivers/iio/frequency/admfm2000.c                  |    1 -
 drivers/iio/frequency/admv1013.c                   |    1 -
 drivers/iio/frequency/admv1014.c                   |    1 -
 drivers/iio/frequency/adrf6780.c                   |    1 -
 drivers/iio/gyro/bmg160_i2c.c                      |    1 -
 drivers/iio/gyro/fxas21002c_i2c.c                  |    1 -
 drivers/iio/gyro/fxas21002c_spi.c                  |    1 -
 drivers/iio/gyro/hid-sensor-gyro-3d.c              |    1 -
 drivers/iio/gyro/st_gyro_i2c.c                     |    1 -
 drivers/iio/gyro/st_gyro_spi.c                     |    1 -
 drivers/iio/health/max30102.c                      |    1 -
 drivers/iio/humidity/dht11.c                       |    1 -
 drivers/iio/humidity/ens210.c                      |    1 -
 drivers/iio/humidity/hdc100x.c                     |    1 -
 drivers/iio/humidity/hid-sensor-humidity.c         |    1 -
 drivers/iio/humidity/hts221_i2c.c                  |    1 -
 drivers/iio/humidity/htu21.c                       |    1 -
 drivers/iio/humidity/si7020.c                      |    1 -
 drivers/iio/imu/adis16475.c                        |    1 -
 drivers/iio/imu/adis16480.c                        |    1 -
 drivers/iio/imu/adis16550.c                        |    1 -
 drivers/iio/imu/bmi160/bmi160_i2c.c                |    1 -
 drivers/iio/imu/bmi160/bmi160_spi.c                |    1 -
 drivers/iio/imu/bmi270/bmi270_i2c.c                |    1 -
 drivers/iio/imu/bmi270/bmi270_spi.c                |    1 -
 drivers/iio/imu/bmi323/bmi323_i2c.c                |    1 -
 drivers/iio/imu/bmi323/bmi323_spi.c                |    1 -
 drivers/iio/imu/bno055/bno055_i2c.c                |    1 -
 drivers/iio/imu/bno055/bno055_ser_core.c           |    1 -
 drivers/iio/imu/fxos8700_i2c.c                     |    1 -
 drivers/iio/imu/fxos8700_spi.c                     |    1 -
 drivers/iio/imu/inv_icm42600/inv_icm42600_i2c.c    |    1 -
 drivers/iio/imu/inv_icm42600/inv_icm42600_spi.c    |    1 -
 drivers/iio/imu/inv_icm45600/inv_icm45600_i2c.c    |    1 -
 drivers/iio/imu/inv_icm45600/inv_icm45600_i3c.c    |    1 -
 drivers/iio/imu/inv_icm45600/inv_icm45600_spi.c    |    1 -
 drivers/iio/imu/inv_mpu6050/inv_mpu_i2c.c          |    1 -
 drivers/iio/imu/inv_mpu6050/inv_mpu_spi.c          |    1 -
 drivers/iio/imu/kmx61.c                            |    1 -
 drivers/iio/imu/smi330/smi330_i2c.c                |    1 -
 drivers/iio/imu/smi330/smi330_spi.c                |    1 -
 drivers/iio/imu/st_lsm6dsx/st_lsm6dsx_i3c.c        |    1 -
 drivers/iio/imu/st_lsm9ds0/st_lsm9ds0_i2c.c        |    1 -
 drivers/iio/imu/st_lsm9ds0/st_lsm9ds0_spi.c        |    1 -
 drivers/iio/light/al3000a.c                        |    1 -
 drivers/iio/light/al3010.c                         |    1 -
 drivers/iio/light/al3320a.c                        |    1 -
 drivers/iio/light/apds9999.c                       |    1 -
 drivers/iio/light/bh1780.c                         |    1 -
 drivers/iio/light/cm32181.c                        |    1 -
 drivers/iio/light/cm3232.c                         |    1 -
 drivers/iio/light/cm3605.c                         |    1 -
 drivers/iio/light/cros_ec_light_prox.c             |    1 -
 drivers/iio/light/gp2ap020a00f.c                   |    1 -
 drivers/iio/light/hid-sensor-als.c                 |    1 -
 drivers/iio/light/hid-sensor-prox.c                |    1 -
 drivers/iio/light/isl29018.c                       |    1 -
 drivers/iio/light/jsa1212.c                        |    1 -
 drivers/iio/light/ltr501.c                         |    1 -
 drivers/iio/light/ltrf216a.c                       |    1 -
 drivers/iio/light/max44000.c                       |    1 -
 drivers/iio/light/opt3001.c                        |    1 -
 drivers/iio/light/rpr0521.c                        |    1 -
 drivers/iio/light/si1133.c                         |    1 -
 drivers/iio/light/st_uvis25_i2c.c                  |    1 -
 drivers/iio/light/st_uvis25_spi.c                  |    1 -
 drivers/iio/light/stk3310.c                        |    1 -
 drivers/iio/light/tsl2563.c                        |    1 -
 drivers/iio/light/us5182d.c                        |    1 -
 drivers/iio/light/veml3328.c                       |    1 -
 drivers/iio/light/veml6046x00.c                    |    1 -
 drivers/iio/light/vl6180.c                         |    1 -
 drivers/iio/magnetometer/ak8974.c                  |    1 -
 drivers/iio/magnetometer/ak8975.c                  |    1 -
 drivers/iio/magnetometer/bmc150_magn_i2c.c         |    1 -
 drivers/iio/magnetometer/bmc150_magn_spi.c         |    1 -
 drivers/iio/magnetometer/hid-sensor-magn-3d.c      |    1 -
 drivers/iio/magnetometer/mmc35240.c                |    1 -
 drivers/iio/magnetometer/mmc5633.c                 |    1 -
 drivers/iio/magnetometer/mmc5983.c                 |    1 -
 drivers/iio/magnetometer/si7210.c                  |    1 -
 drivers/iio/magnetometer/st_magn_i2c.c             |    1 -
 drivers/iio/magnetometer/st_magn_spi.c             |    1 -
 drivers/iio/magnetometer/tlv493d.c                 |    1 -
 drivers/iio/magnetometer/yamaha-yas530.c           |    1 -
 drivers/iio/multiplexer/iio-mux.c                  |    1 -
 drivers/iio/orientation/hid-sensor-incl-3d.c       |    1 -
 drivers/iio/orientation/hid-sensor-rotation.c      |    1 -
 .../iio/position/hid-sensor-custom-intel-hinge.c   |    1 -
 drivers/iio/potentiometer/ad5272.c                 |    1 -
 drivers/iio/potentiometer/ds1803.c                 |    1 -
 drivers/iio/potentiometer/max5432.c                |    1 -
 drivers/iio/potentiometer/max5481.c                |    1 -
 drivers/iio/potentiometer/max5487.c                |    1 -
 drivers/iio/potentiometer/mcp4018.c                |    1 -
 drivers/iio/potentiometer/mcp41010.c               |    1 -
 drivers/iio/potentiometer/mcp4131.c                |    1 -
 drivers/iio/potentiometer/mcp4531.c                |    1 -
 drivers/iio/potentiostat/lmp91000.c                |    1 -
 drivers/iio/pressure/abp2030pa_i2c.c               |    1 -
 drivers/iio/pressure/abp2030pa_spi.c               |    1 -
 drivers/iio/pressure/adp810.c                      |    1 -
 drivers/iio/pressure/cros_ec_baro.c                |    1 -
 drivers/iio/pressure/hid-sensor-press.c            |    1 -
 drivers/iio/pressure/hp206c.c                      |    1 -
 drivers/iio/pressure/hsc030pa.c                    |    1 -
 drivers/iio/pressure/hsc030pa_i2c.c                |    1 -
 drivers/iio/pressure/hsc030pa_spi.c                |    1 -
 drivers/iio/pressure/icp10100.c                    |    1 -
 drivers/iio/pressure/mprls0025pa.c                 |    1 -
 drivers/iio/pressure/mprls0025pa_i2c.c             |    1 -
 drivers/iio/pressure/mprls0025pa_spi.c             |    1 -
 drivers/iio/pressure/ms5611_i2c.c                  |    1 -
 drivers/iio/pressure/ms5611_spi.c                  |    1 -
 drivers/iio/pressure/ms5637.c                      |    1 -
 drivers/iio/pressure/sdp500.c                      |    1 -
 drivers/iio/pressure/st_pressure_i2c.c             |    1 -
 drivers/iio/pressure/st_pressure_spi.c             |    1 -
 drivers/iio/pressure/zpa2326_i2c.c                 |    1 -
 drivers/iio/pressure/zpa2326_spi.c                 |    1 -
 drivers/iio/proximity/as3935.c                     |    1 -
 drivers/iio/proximity/cros_ec_mkbp_proximity.c     |    1 -
 drivers/iio/proximity/d3323aa.c                    |    1 -
 drivers/iio/proximity/hx9023s.c                    |    1 -
 drivers/iio/proximity/isl29501.c                   |    1 -
 drivers/iio/proximity/mb1232.c                     |    1 -
 drivers/iio/proximity/ping.c                       |    1 -
 drivers/iio/proximity/pulsedlight-lidar-lite-v2.c  |    1 -
 drivers/iio/proximity/srf04.c                      |    1 -
 drivers/iio/proximity/sx9310.c                     |    1 -
 drivers/iio/proximity/sx9324.c                     |    1 -
 drivers/iio/proximity/sx9360.c                     |    1 -
 drivers/iio/proximity/vl53l1x-i2c.c                |    1 -
 drivers/iio/resolver/ad2s1200.c                    |    1 -
 drivers/iio/temperature/hid-sensor-temperature.c   |    1 -
 drivers/iio/temperature/ltc2983.c                  |    1 -
 drivers/iio/temperature/max31856.c                 |    1 -
 drivers/iio/temperature/max31865.c                 |    1 -
 drivers/iio/temperature/maxim_thermocouple.c       |    1 -
 drivers/iio/temperature/mcp9600.c                  |    1 -
 drivers/iio/temperature/mlx90614.c                 |    1 -
 drivers/iio/temperature/mlx90632.c                 |    1 -
 drivers/iio/temperature/mlx90635.c                 |    1 -
 drivers/iio/temperature/tmp006.c                   |    1 -
 drivers/iio/temperature/tmp007.c                   |    1 -
 drivers/iio/temperature/tsys01.c                   |    1 -
 drivers/iio/trigger/stm32-lptimer-trigger.c        |    1 -
 drivers/iio/trigger/stm32-timer-trigger.c          |    1 -
 drivers/input/keyboard/adp5585-keys.c              |    1 -
 drivers/input/keyboard/adp5588-keys.c              |    1 -
 drivers/input/keyboard/charlieplex_keypad.c        |    1 -
 drivers/input/keyboard/clps711x-keypad.c           |    1 -
 drivers/input/keyboard/ep93xx_keypad.c             |    1 -
 drivers/input/keyboard/max7360-keypad.c            |    1 -
 drivers/input/keyboard/pinephone-keyboard.c        |    1 -
 drivers/input/misc/ariel-pwrbutton.c               |    1 -
 drivers/input/misc/da9063_onkey.c                  |    1 -
 drivers/input/misc/gpio_decoder.c                  |    1 -
 drivers/input/misc/iqs269a.c                       |    1 -
 drivers/input/misc/iqs626a.c                       |    1 -
 drivers/input/misc/iqs7222.c                       |    1 -
 drivers/input/misc/mma8450.c                       |    1 -
 drivers/input/misc/rt5120-pwrkey.c                 |    1 -
 drivers/input/misc/sc27xx-vibra.c                  |    1 -
 drivers/input/misc/twl4030-pwrbutton.c             |    1 -
 drivers/input/serio/sun4i-ps2.c                    |    1 -
 drivers/input/touchscreen/cyttsp5.c                |    1 -
 drivers/input/touchscreen/himax_hx852x.c           |    1 -
 drivers/input/touchscreen/hynitron_cstxxx.c        |    1 -
 drivers/input/touchscreen/ili210x.c                |    1 -
 drivers/input/touchscreen/iqs5xx.c                 |    1 -
 drivers/input/touchscreen/msg2638.c                |    1 -
 drivers/input/touchscreen/resistive-adc-touch.c    |    1 -
 drivers/input/touchscreen/tsc2007_core.c           |    1 -
 drivers/interconnect/mediatek/mt8183.c             |    1 -
 drivers/interconnect/mediatek/mt8195.c             |    1 -
 drivers/interconnect/mediatek/mt8196.c             |    1 -
 drivers/interconnect/qcom/msm8909.c                |    1 -
 drivers/interconnect/qcom/msm8937.c                |    1 -
 drivers/interconnect/qcom/msm8939.c                |    1 -
 drivers/interconnect/qcom/msm8953.c                |    1 -
 drivers/interconnect/qcom/msm8976.c                |    1 -
 drivers/interconnect/qcom/msm8996.c                |    1 -
 drivers/interconnect/qcom/qcm2290.c                |    1 -
 drivers/interconnect/qcom/qcs404.c                 |    1 -
 drivers/interconnect/qcom/qdu1000.c                |    1 -
 drivers/interconnect/qcom/sa8775p.c                |    1 -
 drivers/interconnect/qcom/sc7180.c                 |    1 -
 drivers/interconnect/qcom/sc7280.c                 |    1 -
 drivers/interconnect/qcom/sc8180x.c                |    1 -
 drivers/interconnect/qcom/sc8280xp.c               |    1 -
 drivers/interconnect/qcom/sdm660.c                 |    1 -
 drivers/interconnect/qcom/sdm670.c                 |    1 -
 drivers/interconnect/qcom/sdm845.c                 |    1 -
 drivers/interconnect/qcom/sdx55.c                  |    1 -
 drivers/interconnect/qcom/sdx65.c                  |    1 -
 drivers/interconnect/qcom/shikra.c                 |    1 -
 drivers/interconnect/qcom/sm6115.c                 |    1 -
 drivers/interconnect/qcom/sm6350.c                 |    1 -
 drivers/interconnect/qcom/sm7150.c                 |    1 -
 drivers/interconnect/qcom/sm8150.c                 |    1 -
 drivers/interconnect/qcom/sm8250.c                 |    1 -
 drivers/interconnect/qcom/sm8350.c                 |    1 -
 drivers/interconnect/qcom/sm8450.c                 |    1 -
 drivers/interconnect/qcom/sm8550.c                 |    1 -
 drivers/iommu/arm/arm-smmu/arm-smmu-qcom-debug.c   |    1 -
 drivers/irqchip/irq-imx-intmux.c                   |    1 -
 drivers/irqchip/irq-lan966x-oic.c                  |    1 -
 drivers/irqchip/irq-sl28cpld.c                     |    1 -
 drivers/irqchip/irq-stm32mp-exti.c                 |    1 -
 drivers/leds/flash/leds-rt8515.c                   |    1 -
 drivers/leds/leds-aw200xx.c                        |    1 -
 drivers/leds/leds-bd2606mvv.c                      |    1 -
 drivers/leds/leds-cht-wcove.c                      |    1 -
 drivers/leds/leds-cr0014114.c                      |    1 -
 drivers/leds/leds-cros_ec.c                        |    1 -
 drivers/leds/leds-el15203000.c                     |    1 -
 drivers/leds/leds-gpio.c                           |    1 -
 drivers/leds/leds-is31fl319x.c                     |    1 -
 drivers/leds/leds-lm36274.c                        |    1 -
 drivers/leds/leds-lm3692x.c                        |    1 -
 drivers/leds/leds-lm3697.c                         |    1 -
 drivers/leds/leds-lp50xx.c                         |    1 -
 drivers/leds/leds-lt3593.c                         |    1 -
 drivers/leds/leds-max5970.c                        |    1 -
 drivers/leds/leds-mlxcpld.c                        |    1 -
 drivers/leds/leds-nic78bx.c                        |    1 -
 drivers/leds/leds-pca995x.c                        |    1 -
 drivers/leds/leds-regulator.c                      |    1 -
 drivers/leds/leds-spi-byte.c                       |    1 -
 drivers/leds/leds-sun50i-a100.c                    |    1 -
 drivers/leds/rgb/leds-group-multicolor.c           |    1 -
 drivers/leds/rgb/leds-mt6370-rgb.c                 |    1 -
 drivers/leds/rgb/leds-pwm-multicolor.c             |    1 -
 drivers/mailbox/mailbox-mpfs.c                     |    1 -
 drivers/mailbox/platform_mhu.c                     |    1 -
 drivers/media/cec/platform/cros-ec/cros-ec-cec.c   |    1 -
 drivers/media/firewire/firedtv-fw.c                |    1 -
 drivers/media/i2c/adv7180.c                        |    1 -
 drivers/media/i2c/cvs/core.c                       |    1 -
 drivers/media/i2c/gc0308.c                         |    1 -
 drivers/media/i2c/gc05a2.c                         |    1 -
 drivers/media/i2c/gc08a3.c                         |    1 -
 drivers/media/i2c/lm3560.c                         |    1 -
 drivers/media/i2c/mt9m114.c                        |    1 -
 drivers/media/i2c/mt9p031.c                        |    1 -
 drivers/media/i2c/mt9v032.c                        |    1 -
 drivers/media/i2c/ov2680.c                         |    1 -
 drivers/media/i2c/ov5640.c                         |    1 -
 drivers/media/i2c/ov5670.c                         |    1 -
 drivers/media/i2c/ov5675.c                         |    1 -
 drivers/media/i2c/ov64a40.c                        |    1 -
 drivers/media/i2c/ov7251.c                         |    1 -
 drivers/media/i2c/ov7670.c                         |    1 -
 drivers/media/i2c/ov8865.c                         |    1 -
 drivers/media/i2c/t4ka3.c                          |    1 -
 drivers/media/i2c/tvp514x.c                        |    1 -
 drivers/media/i2c/video-i2c.c                      |    1 -
 .../media/platform/arm/mali-c55/mali-c55-core.c    |    1 -
 drivers/media/platform/chips-media/coda/imx-vdoa.c |    1 -
 .../media/platform/mediatek/jpeg/mtk_jpeg_enc_hw.c |    1 -
 .../media/platform/microchip/microchip-csi2dc.c    |    1 -
 drivers/media/platform/qcom/venus/vdec.c           |    1 -
 drivers/media/platform/qcom/venus/venc.c           |    1 -
 drivers/media/platform/renesas/rcar-fcp.c          |    1 -
 .../media/platform/renesas/rzg2l-cru/rzg2l-core.c  |    1 -
 drivers/media/platform/st/sti/hva/hva-v4l2.c       |    1 -
 drivers/media/platform/sunxi/sun8i-di/sun8i-di.c   |    1 -
 .../platform/sunxi/sun8i-rotate/sun8i_rotate.c     |    1 -
 drivers/media/platform/ti/vpe/vip.c                |    1 +
 drivers/media/rc/ir-spi.c                          |    1 -
 drivers/media/usb/em28xx/em28xx.h                  |    1 +
 drivers/memory/stm32_omm.c                         |    1 -
 drivers/memory/tegra/tegra186-emc.c                |    1 -
 drivers/memory/tegra/tegra186.c                    |    1 -
 drivers/memory/tegra/tegra210-emc-core.c           |    1 -
 drivers/mfd/adp5585.c                              |    1 -
 drivers/mfd/atmel-hlcdc.c                          |    1 -
 drivers/mfd/atmel-smc.c                            |    1 -
 drivers/mfd/cros_ec_dev.c                          |    1 -
 drivers/mfd/cs42l43-i2c.c                          |    1 -
 drivers/mfd/cs42l43-sdw.c                          |    1 -
 drivers/mfd/hi655x-pmic.c                          |    1 -
 drivers/mfd/intel-lpss-acpi.c                      |    1 -
 drivers/mfd/intel-lpss-pci.c                       |    1 -
 drivers/mfd/intel_soc_pmic_bxtwc.c                 |    1 -
 drivers/mfd/intel_soc_pmic_crc.c                   |    1 -
 drivers/mfd/kempld-core.c                          |    1 -
 drivers/mfd/lochnagar-i2c.c                        |    1 -
 drivers/mfd/lp873x.c                               |    1 -
 drivers/mfd/lp87565.c                              |    1 -
 drivers/mfd/max14577.c                             |    1 -
 drivers/mfd/max7360.c                              |    1 -
 drivers/mfd/max77759.c                             |    1 -
 drivers/mfd/max77843.c                             |    1 -
 drivers/mfd/mc13xxx-spi.c                          |    1 -
 drivers/mfd/motorola-cpcap.c                       |    1 -
 drivers/mfd/ocelot-spi.c                           |    1 -
 drivers/mfd/rt5033.c                               |    1 -
 drivers/mfd/rt5120.c                               |    1 -
 drivers/mfd/rz-mtu3.c                              |    1 -
 drivers/mfd/sec-acpm.c                             |    1 -
 drivers/mfd/sec-i2c.c                              |    1 -
 drivers/mfd/simple-mfd-i2c.c                       |    1 -
 drivers/mfd/tps6594-i2c.c                          |    1 -
 drivers/mfd/tps6594-spi.c                          |    1 -
 drivers/mfd/upboard-fpga.c                         |    1 -
 drivers/mfd/wm831x-core.c                          |    1 -
 drivers/misc/eeprom/at24.c                         |    1 -
 drivers/misc/eeprom/ee1004.c                       |    1 -
 drivers/misc/eeprom/eeprom_93xx46.c                |    1 -
 drivers/misc/eeprom/idt_89hpesx.c                  |    1 -
 drivers/misc/hisi_hikey_usb.c                      |    1 -
 drivers/misc/pvpanic/pvpanic-mmio.c                |    1 -
 drivers/misc/pvpanic/pvpanic.c                     |    1 -
 drivers/misc/smpro-errmon.c                        |    1 -
 drivers/misc/smpro-misc.c                          |    1 -
 drivers/mmc/host/litex_mmc.c                       |    1 -
 drivers/mmc/host/owl-mmc.c                         |    1 -
 drivers/mmc/host/renesas_sdhi_internal_dmac.c      |    1 -
 drivers/mmc/host/renesas_sdhi_sys_dmac.c           |    1 -
 drivers/mmc/host/sdhci-npcm.c                      |    1 -
 drivers/mmc/host/sdhci-of-ma35d1.c                 |    1 -
 drivers/mmc/host/sh_mmcif.c                        |    1 -
 drivers/mmc/host/sunxi-mmc.c                       |    1 -
 drivers/mtd/nand/raw/brcmnand/brcmstb_nand.c       |    1 -
 drivers/mux/adgs1408.c                             |    1 -
 drivers/mux/gpio.c                                 |    1 -
 drivers/net/can/spi/hi311x.c                       |    1 -
 drivers/net/can/spi/mcp251xfd/mcp251xfd-core.c     |    1 -
 drivers/net/dsa/microchip/ksz8863_smi.c            |    1 -
 drivers/net/dsa/mt7530-mmio.c                      |    1 -
 drivers/net/dsa/ocelot/seville_vsc9953.c           |    1 -
 drivers/net/ethernet/calxeda/xgmac.c               |    1 -
 drivers/net/ethernet/ezchip/nps_enet.c             |    1 -
 drivers/net/ethernet/faraday/ftmac100.c            |    1 -
 drivers/net/ethernet/freescale/dpaa/dpaa_eth.c     |    1 -
 drivers/net/ethernet/freescale/enetc/enetc_ierb.c  |    1 -
 drivers/net/ethernet/ibm/emac/tah.c                |    1 -
 drivers/net/ethernet/ibm/emac/zmii.c               |    1 -
 drivers/net/ethernet/marvell/mvmdio.c              |    1 -
 .../ethernet/mellanox/mlxbf_gige/mlxbf_gige_mdio.c |    1 -
 drivers/net/ethernet/mellanox/mlxsw/i2c.c          |    1 -
 drivers/net/ethernet/mellanox/mlxsw/minimal.c      |    1 -
 .../net/ethernet/stmicro/stmmac/dwmac-nuvoton.c    |    1 -
 drivers/net/ethernet/stmicro/stmmac/dwmac-sophgo.c |    1 -
 .../net/ethernet/stmicro/stmmac/dwmac-spacemit.c   |    1 -
 .../net/ethernet/stmicro/stmmac/dwmac-starfive.c   |    1 -
 drivers/net/ethernet/xscale/ptp_ixp46x.c           |    1 -
 drivers/net/ieee802154/mrf24j40.c                  |    1 -
 drivers/net/mdio/mdio-realtek-rtl9300.c            |    1 -
 drivers/net/mhi_net.c                              |    1 -
 drivers/net/wan/fsl_qmc_hdlc.c                     |    1 -
 drivers/net/wireless/ath/ath9k/ahb.c               |    1 -
 .../net/wireless/broadcom/brcm80211/brcmfmac/dmi.c |    1 -
 drivers/net/wireless/intersil/p54/p54spi.c         |    1 -
 drivers/net/wireless/ti/wl1251/sdio.c              |    1 -
 drivers/net/wireless/ti/wl12xx/main.c              |    1 -
 drivers/net/wireless/ti/wl18xx/main.c              |    1 -
 drivers/net/wwan/mhi_wwan_ctrl.c                   |    1 -
 drivers/net/wwan/mhi_wwan_mbim.c                   |    1 -
 drivers/net/wwan/qcom_bam_dmux.c                   |    1 -
 drivers/net/wwan/rpmsg_wwan_ctrl.c                 |    1 -
 drivers/nfc/microread/mei.c                        |    1 -
 drivers/nfc/pn544/mei.c                            |    1 -
 drivers/nfc/s3fwrn5/uart.c                         |    1 -
 drivers/nvmem/an8855-efuse.c                       |    1 -
 drivers/nvmem/apple-efuses.c                       |    1 -
 drivers/nvmem/brcm_nvram.c                         |    1 -
 drivers/nvmem/layerscape-sfp.c                     |    1 -
 drivers/nvmem/lpc18xx_eeprom.c                     |    1 -
 drivers/nvmem/max77759-nvmem.c                     |    1 -
 drivers/nvmem/mtk-efuse.c                          |    1 -
 drivers/nvmem/nintendo-otp.c                       |    1 -
 drivers/nvmem/qfprom.c                             |    1 -
 drivers/nvmem/qoriq-efuse.c                        |    1 -
 drivers/nvmem/rcar-efuse.c                         |    1 -
 drivers/nvmem/sec-qfprom.c                         |    1 -
 drivers/nvmem/sunplus-ocotp.c                      |    1 -
 drivers/nvmem/u-boot-env.c                         |    1 -
 drivers/nvmem/uniphier-efuse.c                     |    1 -
 drivers/of/device.c                                |    1 -
 drivers/pci/controller/cadence/pcie-sg2042.c       |    1 -
 drivers/pci/controller/dwc/pci-exynos.c            |    1 -
 drivers/pci/controller/dwc/pci-meson.c             |    1 -
 drivers/pci/controller/dwc/pcie-intel-gw.c         |    1 -
 drivers/pci/controller/dwc/pcie-keembay.c          |    1 -
 drivers/pci/controller/dwc/pcie-spacemit-k1.c      |    1 -
 drivers/pci/controller/dwc/pcie-stm32.c            |    1 -
 drivers/pci/pwrctrl/generic.c                      |    1 -
 drivers/pci/pwrctrl/pci-pwrctrl-pwrseq.c           |    1 -
 drivers/pci/pwrctrl/pci-pwrctrl-tc9563.c           |    1 -
 drivers/perf/arm-ccn.c                             |    1 -
 drivers/perf/fujitsu_uncore_pmu.c                  |    1 -
 drivers/perf/hisilicon/hisi_uncore_mn_pmu.c        |    1 -
 drivers/perf/hisilicon/hisi_uncore_noc_pmu.c       |    1 -
 drivers/perf/hisilicon/hisi_uncore_uc_pmu.c        |    1 -
 drivers/perf/riscv_pmu_legacy.c                    |    1 -
 drivers/perf/riscv_pmu_sbi.c                       |    1 -
 drivers/perf/starfive_starlink_pmu.c               |    1 -
 drivers/phy/allwinner/phy-sun50i-usb3.c            |    1 -
 drivers/phy/amlogic/phy-meson-axg-mipi-dphy.c      |    1 -
 drivers/phy/amlogic/phy-meson-axg-pcie.c           |    1 -
 drivers/phy/amlogic/phy-meson-gxl-usb2.c           |    1 -
 drivers/phy/amlogic/phy-meson8b-usb2.c             |    1 -
 drivers/phy/cadence/cdns-dphy-rx.c                 |    1 -
 drivers/phy/hisilicon/phy-hi3670-pcie.c            |    1 -
 drivers/phy/hisilicon/phy-hi6220-usb.c             |    1 -
 drivers/phy/intel/phy-intel-keembay-usb.c          |    1 -
 drivers/phy/marvell/phy-mmp3-hsic.c                |    1 -
 drivers/phy/marvell/phy-mmp3-usb.c                 |    1 -
 drivers/phy/marvell/phy-mvebu-sata.c               |    1 -
 drivers/phy/mediatek/phy-mtk-ufs.c                 |    1 -
 drivers/phy/phy-eyeq5-eth.c                        |    1 -
 drivers/phy/phy-snps-eusb2.c                       |    1 -
 drivers/phy/qualcomm/phy-ath79-usb.c               |    1 -
 drivers/phy/rockchip/phy-rockchip-samsung-dcphy.c  |    1 -
 drivers/phy/rockchip/phy-rockchip-usbdp.c          |    1 -
 drivers/pinctrl/aspeed/pinctrl-aspeed-g4.c         |    1 -
 drivers/pinctrl/aspeed/pinctrl-aspeed-g5.c         |    1 -
 drivers/pinctrl/aspeed/pinctrl-aspeed-g6.c         |    1 -
 drivers/pinctrl/bcm/pinctrl-bcm4908.c              |    1 -
 drivers/pinctrl/bcm/pinctrl-bcm63xx.c              |    1 -
 drivers/pinctrl/freescale/pinctrl-imx-scmi.c       |    1 -
 drivers/pinctrl/freescale/pinctrl-imx23.c          |    1 -
 drivers/pinctrl/freescale/pinctrl-imx25.c          |    1 -
 drivers/pinctrl/freescale/pinctrl-imx27.c          |    1 -
 drivers/pinctrl/freescale/pinctrl-imx28.c          |    1 -
 drivers/pinctrl/freescale/pinctrl-imx35.c          |    1 -
 drivers/pinctrl/freescale/pinctrl-imx50.c          |    1 -
 drivers/pinctrl/freescale/pinctrl-imx51.c          |    1 -
 drivers/pinctrl/freescale/pinctrl-imx53.c          |    1 -
 drivers/pinctrl/freescale/pinctrl-imx6dl.c         |    1 -
 drivers/pinctrl/freescale/pinctrl-imx6q.c          |    1 -
 drivers/pinctrl/freescale/pinctrl-imx6sl.c         |    1 -
 drivers/pinctrl/freescale/pinctrl-imx6sll.c        |    1 -
 drivers/pinctrl/freescale/pinctrl-imx6sx.c         |    1 -
 drivers/pinctrl/freescale/pinctrl-imx7ulp.c        |    1 -
 drivers/pinctrl/freescale/pinctrl-imx8dxl.c        |    1 -
 drivers/pinctrl/freescale/pinctrl-imx8mq.c         |    1 -
 drivers/pinctrl/freescale/pinctrl-imx8qxp.c        |    1 -
 drivers/pinctrl/freescale/pinctrl-imx8ulp.c        |    1 -
 drivers/pinctrl/freescale/pinctrl-imx91.c          |    1 -
 drivers/pinctrl/freescale/pinctrl-imx93.c          |    1 -
 drivers/pinctrl/freescale/pinctrl-vf610.c          |    1 -
 drivers/pinctrl/intel/pinctrl-alderlake.c          |    1 -
 drivers/pinctrl/intel/pinctrl-broxton.c            |    1 -
 drivers/pinctrl/intel/pinctrl-cannonlake.c         |    1 -
 drivers/pinctrl/intel/pinctrl-cedarfork.c          |    1 -
 drivers/pinctrl/intel/pinctrl-denverton.c          |    1 -
 drivers/pinctrl/intel/pinctrl-elkhartlake.c        |    1 -
 drivers/pinctrl/intel/pinctrl-emmitsburg.c         |    1 -
 drivers/pinctrl/intel/pinctrl-geminilake.c         |    1 -
 drivers/pinctrl/intel/pinctrl-intel-platform.c     |    1 -
 drivers/pinctrl/intel/pinctrl-jasperlake.c         |    1 -
 drivers/pinctrl/intel/pinctrl-lakefield.c          |    1 -
 drivers/pinctrl/intel/pinctrl-lewisburg.c          |    1 -
 drivers/pinctrl/intel/pinctrl-merrifield.c         |    1 -
 drivers/pinctrl/intel/pinctrl-meteorlake.c         |    1 -
 drivers/pinctrl/intel/pinctrl-meteorpoint.c        |    1 -
 drivers/pinctrl/intel/pinctrl-moorefield.c         |    1 -
 drivers/pinctrl/intel/pinctrl-sunrisepoint.c       |    1 -
 drivers/pinctrl/intel/pinctrl-tigerlake.c          |    1 -
 drivers/pinctrl/microchip/pinctrl-mpfs-iomux0.c    |    1 -
 drivers/pinctrl/microchip/pinctrl-mpfs-mssio.c     |    1 -
 drivers/pinctrl/microchip/pinctrl-pic64gx-gpio2.c  |    1 -
 drivers/pinctrl/nuvoton/pinctrl-ma35d1.c           |    1 -
 drivers/pinctrl/nuvoton/pinctrl-npcm7xx.c          |    1 -
 drivers/pinctrl/nuvoton/pinctrl-npcm8xx.c          |    1 -
 drivers/pinctrl/nuvoton/pinctrl-wpcm450.c          |    1 -
 drivers/pinctrl/pinctrl-as3722.c                   |    1 -
 drivers/pinctrl/pinctrl-cy8c95x0.c                 |    1 -
 drivers/pinctrl/pinctrl-da850-pupd.c               |    1 -
 drivers/pinctrl/pinctrl-digicolor.c                |    1 -
 drivers/pinctrl/pinctrl-eic7700.c                  |    1 -
 drivers/pinctrl/pinctrl-eyeq5.c                    |    1 -
 drivers/pinctrl/pinctrl-ingenic.c                  |    1 -
 drivers/pinctrl/pinctrl-loongson2.c                |    1 -
 drivers/pinctrl/pinctrl-lpc18xx.c                  |    1 -
 drivers/pinctrl/pinctrl-max77620.c                 |    1 -
 drivers/pinctrl/pinctrl-mcp23s08.c                 |    1 -
 drivers/pinctrl/pinctrl-mcp23s08_i2c.c             |    1 -
 drivers/pinctrl/pinctrl-mcp23s08_spi.c             |    1 -
 drivers/pinctrl/pinctrl-microchip-sgpio.c          |    1 -
 drivers/pinctrl/pinctrl-mlxbf3.c                   |    1 -
 drivers/pinctrl/pinctrl-pistachio.c                |    1 -
 drivers/pinctrl/pinctrl-scmi.c                     |    1 -
 drivers/pinctrl/pinctrl-th1520.c                   |    1 -
 drivers/pinctrl/pinctrl-tps6594.c                  |    1 -
 drivers/pinctrl/qcom/pinctrl-ipq5018.c             |    1 -
 drivers/pinctrl/spear/pinctrl-spear1310.c          |    1 -
 drivers/pinctrl/spear/pinctrl-spear1340.c          |    1 -
 drivers/pinctrl/spear/pinctrl-spear300.c           |    1 -
 drivers/pinctrl/spear/pinctrl-spear310.c           |    1 -
 drivers/pinctrl/spear/pinctrl-spear320.c           |    1 -
 drivers/pinctrl/sprd/pinctrl-sprd-sc9860.c         |    1 -
 drivers/pinctrl/starfive/pinctrl-starfive-jh7100.c |    1 -
 .../pinctrl/starfive/pinctrl-starfive-jh7110-aon.c |    1 -
 .../pinctrl/starfive/pinctrl-starfive-jh7110-sys.c |    1 -
 drivers/pinctrl/starfive/pinctrl-starfive-jh7110.c |    1 -
 drivers/pinctrl/tegra/pinctrl-tegra234.c           |    1 -
 drivers/pinctrl/tegra/pinctrl-tegra238.c           |    1 -
 drivers/pinctrl/tegra/pinctrl-tegra264.c           |    1 -
 drivers/pinctrl/uniphier/pinctrl-uniphier-ld11.c   |    1 -
 drivers/pinctrl/uniphier/pinctrl-uniphier-ld20.c   |    1 -
 drivers/pinctrl/uniphier/pinctrl-uniphier-ld4.c    |    1 -
 drivers/pinctrl/uniphier/pinctrl-uniphier-ld6b.c   |    1 -
 drivers/pinctrl/uniphier/pinctrl-uniphier-nx1.c    |    1 -
 drivers/pinctrl/uniphier/pinctrl-uniphier-pro4.c   |    1 -
 drivers/pinctrl/uniphier/pinctrl-uniphier-pro5.c   |    1 -
 drivers/pinctrl/uniphier/pinctrl-uniphier-pxs2.c   |    1 -
 drivers/pinctrl/uniphier/pinctrl-uniphier-pxs3.c   |    1 -
 drivers/pinctrl/uniphier/pinctrl-uniphier-sld8.c   |    1 -
 drivers/platform/chrome/cros_ec_chardev.c          |    1 -
 drivers/platform/chrome/cros_ec_debugfs.c          |    1 -
 drivers/platform/chrome/cros_ec_lightbar.c         |    1 -
 drivers/platform/chrome/cros_ec_sensorhub.c        |    1 -
 drivers/platform/chrome/cros_ec_sysfs.c            |    1 -
 drivers/platform/chrome/cros_ec_vbc.c              |    1 -
 drivers/platform/chrome/cros_kbd_led_backlight.c   |    1 -
 drivers/platform/chrome/cros_usbpd_logger.c        |    1 -
 drivers/platform/chrome/cros_usbpd_notify.c        |    1 -
 drivers/platform/chrome/wilco_ec/core.c            |    1 -
 drivers/platform/chrome/wilco_ec/debugfs.c         |    1 -
 drivers/platform/chrome/wilco_ec/telemetry.c       |    1 -
 drivers/platform/goldfish/goldfish_pipe.c          |    1 -
 drivers/platform/x86/asus-tf103c-dock.c            |    1 -
 drivers/platform/x86/intel/atomisp2/led.c          |    1 -
 drivers/platform/x86/intel/atomisp2/pm.c           |    1 -
 drivers/platform/x86/intel/bxtwc_tmu.c             |    1 -
 drivers/platform/x86/intel/ehl_pse_io.c            |    1 -
 drivers/platform/x86/intel/plr_tpmi.c              |    1 -
 drivers/platform/x86/intel/pmc/pwrm_telemetry.c    |    1 -
 drivers/platform/x86/intel/punit_ipc.c             |    1 -
 drivers/platform/x86/intel_scu_pltdrv.c            |    1 -
 drivers/platform/x86/msi-ec.c                      |    1 +
 drivers/platform/x86/nvidia-wmi-ec-backlight.c     |    1 -
 drivers/platform/x86/quickstart.c                  |    1 -
 drivers/platform/x86/uniwill/uniwill-wmi.c         |    1 -
 drivers/platform/x86/x86-android-tablets/dmi.c     |    1 -
 .../x86/x86-android-tablets/x86-android-tablets.h  |    1 +
 drivers/pmdomain/actions/owl-sps.c                 |    1 -
 drivers/pmdomain/imx/imx93-pd.c                    |    1 -
 .../pmdomain/marvell/pxa1908-power-controller.c    |    1 -
 drivers/pnp/pnpacpi/core.c                         |    1 -
 drivers/power/reset/brcm-kona-reset.c              |    1 -
 drivers/power/reset/ep93xx-restart.c               |    1 -
 drivers/power/reset/gpio-poweroff.c                |    1 -
 drivers/power/reset/ltc2952-poweroff.c             |    1 -
 drivers/power/reset/macsmc-reboot.c                |    1 -
 drivers/power/reset/ocelot-reset.c                 |    1 -
 drivers/power/reset/pwr-mlxbf.c                    |    1 -
 drivers/power/reset/qemu-virt-ctrl.c               |    1 -
 drivers/power/reset/sc27xx-poweroff.c              |    1 -
 drivers/power/reset/spacemit-p1-reboot.c           |    1 -
 drivers/power/reset/tdx-ec-poweroff.c              |    1 -
 drivers/power/reset/tps65086-restart.c             |    1 -
 drivers/power/sequencing/pwrseq-pcie-m2.c          |    1 -
 drivers/power/sequencing/pwrseq-qcom-wcn.c         |    1 -
 drivers/power/supply/adp5061.c                     |    1 -
 drivers/power/supply/bd71828-power.c               |    1 -
 drivers/power/supply/bd99954-charger.c             |    1 -
 drivers/power/supply/bq24190_charger.c             |    1 -
 drivers/power/supply/chagall-battery.c             |    1 -
 drivers/power/supply/cpcap-charger.c               |    1 -
 drivers/power/supply/cros_charge-control.c         |    1 -
 drivers/power/supply/cros_peripheral_charger.c     |    1 -
 drivers/power/supply/cros_usbpd-charger.c          |    1 -
 drivers/power/supply/lego_ev3_battery.c            |    1 -
 drivers/power/supply/max14656_charger_detector.c   |    1 -
 drivers/power/supply/max17042_battery.c            |    1 -
 drivers/power/supply/max77759_charger.c            |    1 -
 drivers/power/supply/max8971_charger.c             |    1 -
 drivers/power/supply/max8998_charger.c             |    1 -
 drivers/power/supply/mp2629_charger.c              |    1 -
 drivers/power/supply/olpc_battery.c                |    1 -
 drivers/power/supply/pm8916_bms_vm.c               |    1 -
 drivers/power/supply/pm8916_lbc.c                  |    1 -
 drivers/power/supply/rt5033_charger.c              |    1 -
 drivers/power/supply/rt9467-charger.c              |    1 -
 drivers/power/supply/rt9471.c                      |    1 -
 drivers/power/supply/rt9756.c                      |    1 -
 drivers/power/supply/s2mu005-battery.c             |    1 -
 drivers/power/supply/ug3105_battery.c              |    1 -
 drivers/pps/clients/pps-gpio.c                     |    1 -
 drivers/pps/generators/pps_gen_tio.c               |    1 -
 drivers/ptp/ptp_dte.c                              |    1 -
 drivers/pwm/pwm-adp5585.c                          |    1 -
 drivers/pwm/pwm-airoha.c                           |    1 -
 drivers/pwm/pwm-apple.c                            |    1 -
 drivers/pwm/pwm-berlin.c                           |    1 -
 drivers/pwm/pwm-ep93xx.c                           |    1 -
 drivers/pwm/pwm-gpio.c                             |    1 -
 drivers/pwm/pwm-intel-lgm.c                        |    1 -
 drivers/pwm/pwm-keembay.c                          |    1 -
 drivers/pwm/pwm-lpc18xx-sct.c                      |    1 -
 drivers/pwm/pwm-lpss-platform.c                    |    1 -
 drivers/pwm/pwm-max7360.c                          |    1 -
 drivers/pwm/pwm-pxa.c                              |    1 -
 drivers/pwm/pwm-sifive.c                           |    1 -
 drivers/pwm/pwm-sl28cpld.c                         |    1 -
 drivers/pwm/pwm-sprd.c                             |    1 -
 drivers/pwm/pwm-sunplus.c                          |    1 -
 drivers/pwm/pwm-vt8500.c                           |    1 -
 drivers/regulator/adp5055-regulator.c              |    1 -
 drivers/regulator/bd71828-regulator.c              |    1 -
 drivers/regulator/max77541-regulator.c             |    1 -
 drivers/regulator/max77675-regulator.c             |    1 -
 drivers/regulator/mt6370-regulator.c               |    1 -
 drivers/regulator/pv88080-regulator.c              |    1 -
 drivers/regulator/rt4803.c                         |    1 -
 drivers/regulator/rt5739.c                         |    1 -
 drivers/regulator/rt6190-regulator.c               |    1 -
 drivers/regulator/rt8092.c                         |    1 -
 drivers/regulator/rtq2208-regulator.c              |    1 -
 drivers/regulator/tps6287x-regulator.c             |    1 -
 drivers/regulator/tps65218-regulator.c             |    1 -
 drivers/regulator/tps65912-regulator.c             |    1 -
 drivers/regulator/vexpress-regulator.c             |    1 -
 drivers/reset/reset-ath79.c                        |    1 -
 drivers/reset/reset-axs10x.c                       |    1 -
 drivers/reset/reset-bcm6345.c                      |    1 -
 drivers/reset/reset-eyeq.c                         |    1 -
 drivers/reset/reset-gpio.c                         |    1 -
 drivers/reset/reset-sunplus.c                      |    1 -
 drivers/reset/reset-tn48m.c                        |    1 -
 drivers/reset/starfive/reset-starfive-jh7100.c     |    1 -
 drivers/rtc/rtc-88pm886.c                          |    1 -
 drivers/rtc/rtc-cpcap.c                            |    1 -
 drivers/rtc/rtc-cros-ec.c                          |    1 -
 drivers/rtc/rtc-ds1307.c                           |    1 -
 drivers/rtc/rtc-ep93xx.c                           |    1 -
 drivers/rtc/rtc-fsl-ftm-alarm.c                    |    1 -
 drivers/rtc/rtc-ftrtc010.c                         |    1 -
 drivers/rtc/rtc-lpc24xx.c                          |    1 -
 drivers/rtc/rtc-m48t86.c                           |    1 -
 drivers/rtc/rtc-mc13xxx.c                          |    1 -
 drivers/rtc/rtc-moxart.c                           |    1 -
 drivers/rtc/rtc-msc313.c                           |    1 -
 drivers/rtc/rtc-mt6397.c                           |    1 -
 drivers/rtc/rtc-mt7622.c                           |    1 -
 drivers/rtc/rtc-mxc_v2.c                           |    1 -
 drivers/rtc/rtc-r7301.c                            |    1 -
 drivers/rtc/rtc-rzn1.c                             |    1 -
 drivers/rtc/rtc-sh.c                               |    1 -
 drivers/rtc/rtc-ssd202d.c                          |    1 -
 drivers/rtc/rtc-tegra.c                            |    1 -
 drivers/rtc/rtc-ti-k3.c                            |    1 -
 drivers/rtc/rtc-tps6594.c                          |    1 -
 drivers/s390/crypto/ap_bus.c                       |    2 +-
 drivers/s390/crypto/vfio_ap_drv.c                  |    2 +-
 drivers/s390/crypto/zcrypt_cex4.c                  |    2 +-
 drivers/siox/siox-bus-gpio.c                       |    1 -
 drivers/soc/fsl/qe/qe.c                            |    1 -
 drivers/soc/qcom/qcom_pd_mapper.c                  |    1 -
 drivers/soc/renesas/rzn1_irqmux.c                  |    1 -
 drivers/soc/sophgo/sg2044-topsys.c                 |    1 -
 drivers/soc/tegra/fuse/fuse-tegra.c                |    1 -
 drivers/soc/tegra/fuse/tegra-apbmisc.c             |    1 -
 drivers/soc/ti/smartreflex.c                       |    1 -
 drivers/soundwire/bus.c                            |    1 -
 drivers/soundwire/bus_type.c                       |    1 -
 drivers/soundwire/cadence_master.c                 |    1 -
 drivers/soundwire/debugfs.c                        |    1 -
 drivers/soundwire/generic_bandwidth_allocation.c   |    1 -
 drivers/soundwire/mipi_disco.c                     |    1 -
 drivers/soundwire/stream.c                         |    1 -
 drivers/soundwire/sysfs_slave.c                    |    1 -
 drivers/soundwire/sysfs_slave_dpn.c                |    1 -
 drivers/spi/spi-atcspi200.c                        |    1 -
 drivers/spi/spi-cs42l43.c                          |    1 -
 drivers/spi/spi-gpio.c                             |    1 -
 drivers/spi/spi-hisi-sfc-v3xx.c                    |    1 -
 drivers/spi/spi-loongson-pci.c                     |    1 -
 drivers/spi/spi-loongson-plat.c                    |    1 -
 drivers/spi/spi-loopback-test.c                    |    1 -
 .../spi/spi-offload-trigger-adi-util-sigma-delta.c |    1 -
 drivers/spi/spi-offload-trigger-pwm.c              |    1 -
 drivers/spi/spi-pxa2xx-platform.c                  |    1 -
 drivers/spi/spi-realtek-rtl-snand.c                |    1 -
 drivers/spi/spi-realtek-rtl.c                      |    1 -
 drivers/spi/spi-sc18is602.c                        |    1 -
 drivers/spi/spi-wpcm-fiu.c                         |    1 -
 drivers/spi/spi.c                                  |    1 -
 drivers/spi/spidev.c                               |    1 -
 drivers/spmi/spmi-apple-controller.c               |    1 -
 drivers/staging/greybus/arche-apb-ctrl.c           |    1 -
 drivers/staging/iio/frequency/ad9832.c             |    1 -
 drivers/staging/iio/frequency/ad9834.c             |    1 -
 drivers/thermal/loongson2_thermal.c                |    1 -
 drivers/thermal/renesas/rzg2l_thermal.c            |    1 -
 drivers/tty/goldfish.c                             |    1 -
 drivers/tty/serial/8250/8250_dfl.c                 |    1 -
 drivers/tty/serial/8250/8250_dw.c                  |    1 -
 drivers/tty/serial/8250/8250_em.c                  |    1 -
 drivers/tty/serial/8250/8250_keba.c                |    1 -
 drivers/tty/serial/8250/8250_loongson.c            |    1 -
 drivers/tty/serial/8250/8250_ni.c                  |    1 -
 drivers/tty/serial/max3100.c                       |    1 -
 drivers/tty/serial/max310x.c                       |    1 -
 drivers/tty/serial/sc16is7xx.c                     |    1 -
 drivers/tty/serial/sc16is7xx_i2c.c                 |    1 -
 drivers/tty/serial/sc16is7xx_spi.c                 |    1 -
 drivers/tty/serial/sccnxp.c                        |    1 -
 drivers/tty/serial/tegra-utc.c                     |    1 -
 drivers/uio/uio_pdrv_genirq.c                      |    1 -
 drivers/usb/dwc2/core.h                            |    1 +
 drivers/usb/gadget/udc/renesas_usbf.c              |    1 -
 drivers/usb/misc/usb-ljca.c                        |    1 -
 drivers/usb/typec/mux/tusb1046.c                   |    1 -
 drivers/usb/typec/tcpm/qcom/qcom_pmic_typec.c      |    1 -
 .../usb/typec/tcpm/qcom/qcom_pmic_typec_pdphy.c    |    1 -
 .../typec/tcpm/qcom/qcom_pmic_typec_pdphy_stub.c   |    1 -
 drivers/usb/typec/tcpm/qcom/qcom_pmic_typec_port.c |    1 -
 drivers/usb/typec/tcpm/tcpci_mt6370.c              |    1 -
 drivers/usb/typec/tcpm/tcpci_rt1711h.c             |    1 -
 drivers/usb/typec/ucsi/cros_ec_ucsi.c              |    1 -
 drivers/vdpa/vdpa.c                                |    1 -
 drivers/vdpa/vdpa_user/vduse_dev.c                 |    1 -
 drivers/video/backlight/apple_dwi_bl.c             |    1 -
 drivers/video/backlight/da9052_bl.c                |    1 -
 drivers/video/backlight/hx8357.c                   |    1 -
 drivers/video/backlight/ktd2801-backlight.c        |    1 -
 drivers/video/backlight/mp3309c.c                  |    1 -
 drivers/video/backlight/mt6370-backlight.c         |    1 -
 drivers/video/backlight/rave-sp-backlight.c        |    1 -
 drivers/video/backlight/rt4831-backlight.c         |    1 -
 .../fbdev/omap2/omapfb/displays/encoder-opa362.c   |    1 -
 .../fbdev/omap2/omapfb/displays/encoder-tfp410.c   |    1 -
 .../omap2/omapfb/displays/encoder-tpd12s015.c      |    1 -
 .../fbdev/omap2/omapfb/displays/panel-dsi-cm.c     |    1 -
 drivers/virt/coco/arm-cca-guest/arm-cca-guest.c    |    2 +-
 drivers/virt/coco/tdx-guest/tdx-guest.c            |    1 -
 drivers/virt/coco/tdx-host/tdx-host.c              |    1 -
 drivers/w1/masters/amd_axi_w1.c                    |    1 -
 drivers/w1/masters/ds2490.c                        |    1 -
 drivers/w1/masters/mxc_w1.c                        |    1 -
 drivers/w1/masters/sgi_w1.c                        |    1 -
 drivers/w1/masters/w1-gpio.c                       |    1 -
 drivers/watchdog/at91rm9200_wdt.c                  |    1 -
 drivers/watchdog/cros_ec_wdt.c                     |    1 -
 drivers/watchdog/davinci_wdt.c                     |    1 -
 drivers/watchdog/ftwdt010_wdt.c                    |    1 -
 drivers/watchdog/gpio_wdt.c                        |    1 -
 drivers/watchdog/gunyah_wdt.c                      |    1 -
 drivers/watchdog/imgpdc_wdt.c                      |    1 -
 drivers/watchdog/keembay_wdt.c                     |    1 -
 drivers/watchdog/max63xx_wdt.c                     |    1 -
 drivers/watchdog/max77620_wdt.c                    |    1 -
 drivers/watchdog/meson_wdt.c                       |    1 -
 drivers/watchdog/moxart_wdt.c                      |    1 -
 drivers/watchdog/msc313e_wdt.c                     |    1 -
 drivers/watchdog/mt7621_wdt.c                      |    1 -
 drivers/watchdog/nic7018_wdt.c                     |    1 -
 drivers/watchdog/omap_wdt.c                        |    1 -
 drivers/watchdog/pseries-wdt.c                     |    1 -
 drivers/watchdog/realtek_otto_wdt.c                |    1 -
 drivers/watchdog/rt2880_wdt.c                      |    1 -
 drivers/watchdog/rti_wdt.c                         |    1 -
 drivers/watchdog/sbsa_gwdt.c                       |    1 -
 drivers/watchdog/sl28cpld_wdt.c                    |    1 -
 drivers/watchdog/sunplus_wdt.c                     |    1 -
 drivers/watchdog/ts72xx_wdt.c                      |    1 -
 drivers/watchdog/twl4030_wdt.c                     |    1 -
 drivers/watchdog/xilinx_wwdt.c                     |    1 -
 include/linux/acpi.h                               |    2 +-
 include/linux/amba/bus.h                           |    2 +-
 include/linux/auxiliary_bus.h                      |    2 +-
 include/linux/bcma/bcma.h                          |    2 +-
 include/linux/cdx/cdx_bus.h                        |    2 +-
 include/linux/device-id/acpi.h                     |   32 +
 include/linux/device-id/amba.h                     |   19 +
 include/linux/device-id/ap.h                       |   20 +
 include/linux/device-id/apr.h                      |   21 +
 include/linux/device-id/auxiliary.h                |   17 +
 include/linux/device-id/bcma.h                     |   25 +
 include/linux/device-id/ccw.h                      |   27 +
 include/linux/device-id/cdx.h                      |   40 +
 include/linux/device-id/coreboot.h                 |   20 +
 include/linux/device-id/css.h                      |   17 +
 include/linux/device-id/dfl.h                      |   34 +
 include/linux/device-id/dmi.h                      |   58 ++
 include/linux/device-id/eisa.h                     |   21 +
 include/linux/device-id/fsl_mc.h                   |   22 +
 include/linux/device-id/hda.h                      |   17 +
 include/linux/device-id/hid.h                      |   22 +
 include/linux/device-id/hv_vmbus.h                 |   18 +
 include/linux/device-id/i2c.h                      |   19 +
 include/linux/device-id/i3c.h                      |   26 +
 include/linux/device-id/ieee1394.h                 |   27 +
 include/linux/device-id/input.h                    |   62 ++
 include/linux/device-id/ipack.h                    |   17 +
 include/linux/device-id/isapnp.h                   |   16 +
 include/linux/device-id/ishtp.h                    |   24 +
 include/linux/device-id/mcb.h                      |   15 +
 include/linux/device-id/mdio.h                     |   35 +
 include/linux/device-id/mei_cl.h                   |   31 +
 include/linux/device-id/mhi.h                      |   24 +
 include/linux/device-id/mips_cdmm.h                |   17 +
 include/linux/device-id/of.h                       |   15 +
 include/linux/device-id/parisc.h                   |   21 +
 include/linux/device-id/pci.h                      |   54 ++
 include/linux/device-id/pcmcia.h                   |   48 +
 include/linux/device-id/platform.h                 |   17 +
 include/linux/device-id/pnp.h                      |   26 +
 include/linux/device-id/rio.h                      |   28 +
 include/linux/device-id/rpmsg.h                    |   19 +
 include/linux/device-id/sdio.h                     |   21 +
 include/linux/device-id/sdw.h                      |   18 +
 include/linux/device-id/serio.h                    |   18 +
 include/linux/device-id/slim.h                     |   23 +
 include/linux/device-id/spi.h                      |   19 +
 include/linux/device-id/spmi.h                     |   17 +
 include/linux/device-id/ssam.h                     |   28 +
 include/linux/device-id/ssb.h                      |   24 +
 include/linux/device-id/tb.h                       |   37 +
 include/linux/device-id/tee_client.h               |   18 +
 include/linux/device-id/typec.h                    |   26 +
 include/linux/device-id/ulpi.h                     |   16 +
 include/linux/device-id/usb.h                      |  111 +++
 include/linux/device-id/vchiq.h                    |    9 +
 include/linux/device-id/vio.h                      |   11 +
 include/linux/device-id/virtio.h                   |   16 +
 include/linux/device-id/wmi.h                      |   19 +
 include/linux/device-id/x86_cpu.h                  |   44 +
 include/linux/device-id/zorro.h                    |   19 +
 include/linux/device/driver.h                      |    2 +
 include/linux/dfl.h                                |    2 +-
 include/linux/dmi.h                                |    2 +-
 include/linux/eisa.h                               |    2 +-
 include/linux/firewire.h                           |    3 +-
 include/linux/fsl/mc.h                             |    2 +-
 include/linux/hid.h                                |    2 +-
 include/linux/hyperv.h                             |    2 +-
 include/linux/i2c.h                                |    2 +-
 include/linux/i3c/device.h                         |    2 +-
 include/linux/input.h                              |    2 +-
 include/linux/intel-ish-client-if.h                |    2 +-
 include/linux/ipack.h                              |    2 +-
 include/linux/isapnp.h                             |    2 +-
 include/linux/mcb.h                                |    2 +-
 include/linux/mei_cl_bus.h                         |    2 +-
 include/linux/mhi.h                                |    1 +
 include/linux/mmc/sdio_func.h                      |    2 +-
 include/linux/mod_devicetable.h                    | 1014 ++------------------
 include/linux/of.h                                 |    2 +-
 include/linux/of_platform.h                        |    4 +-
 include/linux/pci-epf.h                            |    2 +-
 include/linux/pci.h                                |    2 +-
 include/linux/phy.h                                |    2 +-
 include/linux/platform_data/x86/int3472.h          |    2 +-
 include/linux/platform_data/x86/soc.h              |    2 +-
 include/linux/platform_device.h                    |    2 +-
 include/linux/pnp.h                                |    2 +-
 include/linux/raspberrypi/vchiq_bus.h              |    2 +-
 include/linux/rio.h                                |    2 +-
 include/linux/rpmsg.h                              |    2 +-
 include/linux/serio.h                              |    2 +-
 include/linux/slimbus.h                            |    2 +-
 include/linux/soc/qcom/apr.h                       |    2 +-
 include/linux/soundwire/sdw.h                      |    2 +-
 include/linux/spi/spi.h                            |    4 +-
 include/linux/ssb/ssb.h                            |    2 +-
 include/linux/surface_aggregator/device.h          |    2 +-
 include/linux/tee_drv.h                            |    2 +-
 include/linux/thunderbolt.h                        |    2 +-
 include/linux/ulpi/driver.h                        |    2 +-
 include/linux/usb.h                                |    2 +-
 include/linux/usb/serial.h                         |    1 +
 include/linux/usb/typec_altmode.h                  |    2 +-
 include/linux/virtio.h                             |    2 +-
 include/linux/wmi.h                                |    2 +-
 include/linux/zorro.h                              |    2 +-
 include/pcmcia/ds.h                                |    2 +-
 include/sound/hda_codec.h                          |    2 +-
 include/sound/hdaudio.h                            |    1 +
 net/qrtr/mhi.c                                     |    1 -
 net/rfkill/rfkill-gpio.c                           |    1 -
 sound/atmel/ac97c.c                                |    1 -
 sound/firewire/isight.c                            |    1 -
 sound/hda/codecs/side-codecs/cs35l41_hda_i2c.c     |    1 -
 sound/hda/codecs/side-codecs/cs35l41_hda_spi.c     |    1 -
 sound/hda/codecs/side-codecs/tas2781_hda_i2c.c     |    1 -
 sound/hda/codecs/side-codecs/tas2781_hda_spi.c     |    1 -
 sound/hda/core/hda_bus_type.c                      |    1 -
 sound/soc/atmel/sam9x5_wm8731.c                    |    1 -
 sound/soc/codecs/adau1372-i2c.c                    |    1 -
 sound/soc/codecs/adau1372-spi.c                    |    1 -
 sound/soc/codecs/adau1372.c                        |    1 -
 sound/soc/codecs/adau1761-i2c.c                    |    1 -
 sound/soc/codecs/adau1761-spi.c                    |    1 -
 sound/soc/codecs/adau1781-i2c.c                    |    1 -
 sound/soc/codecs/adau1781-spi.c                    |    1 -
 sound/soc/codecs/adau1977-i2c.c                    |    1 -
 sound/soc/codecs/adau1977-spi.c                    |    1 -
 sound/soc/codecs/adau7118-hw.c                     |    1 -
 sound/soc/codecs/ak4104.c                          |    1 -
 sound/soc/codecs/audio-iio-aux.c                   |    1 -
 sound/soc/codecs/cs4234.c                          |    1 -
 sound/soc/codecs/cs4270.c                          |    1 -
 sound/soc/codecs/cs42l42-sdw.c                     |    1 -
 sound/soc/codecs/cs42l43.c                         |    1 -
 sound/soc/codecs/cs42xx8-i2c.c                     |    1 -
 sound/soc/codecs/cs42xx8-spi.c                     |    1 -
 sound/soc/codecs/cs4349.c                          |    1 -
 sound/soc/codecs/es8316.c                          |    1 -
 sound/soc/codecs/es8323.c                          |    1 -
 sound/soc/codecs/es9356.c                          |    1 -
 sound/soc/codecs/max98357a.c                       |    1 -
 sound/soc/codecs/max98373-i2c.c                    |    1 -
 sound/soc/codecs/max98373-sdw.c                    |    1 -
 sound/soc/codecs/max98388.c                        |    1 -
 sound/soc/codecs/mt6351.c                          |    1 -
 sound/soc/codecs/mt6358.c                          |    1 -
 sound/soc/codecs/pcm3168a-i2c.c                    |    1 -
 sound/soc/codecs/rt1017-sdca-sdw.c                 |    1 -
 sound/soc/codecs/rt1308-sdw.c                      |    1 -
 sound/soc/codecs/rt1316-sdw.c                      |    1 -
 sound/soc/codecs/rt1318-sdw.c                      |    1 -
 sound/soc/codecs/rt1320-sdw.c                      |    1 -
 sound/soc/codecs/rt700-sdw.c                       |    1 -
 sound/soc/codecs/rt711-sdca-sdw.c                  |    1 -
 sound/soc/codecs/rt711-sdw.c                       |    1 -
 sound/soc/codecs/rt712-sdca-dmic.c                 |    1 -
 sound/soc/codecs/rt712-sdca-sdw.c                  |    1 -
 sound/soc/codecs/rt715-sdca-sdw.c                  |    1 -
 sound/soc/codecs/rt715-sdw.c                       |    1 -
 sound/soc/codecs/rt721-sdca-sdw.c                  |    1 -
 sound/soc/codecs/rt722-sdca-sdw.c                  |    1 -
 sound/soc/codecs/rt9123.c                          |    1 -
 sound/soc/codecs/rt9123p.c                         |    1 -
 sound/soc/codecs/rtq9124.c                         |    1 -
 sound/soc/codecs/rtq9128.c                         |    1 -
 sound/soc/codecs/sdw-mockup.c                      |    1 -
 sound/soc/codecs/simple-amplifier.c                |    1 -
 sound/soc/codecs/sma1303.c                         |    1 -
 sound/soc/codecs/src4xxx-i2c.c                     |    1 -
 sound/soc/codecs/uda1334.c                         |    1 -
 sound/soc/codecs/wm8510.c                          |    1 -
 sound/soc/codecs/wm8523.c                          |    1 -
 sound/soc/codecs/wm8524.c                          |    1 -
 sound/soc/codecs/wm8580.c                          |    1 -
 sound/soc/codecs/wm8711.c                          |    1 -
 sound/soc/codecs/wm8728.c                          |    1 -
 sound/soc/codecs/wm8731-i2c.c                      |    1 -
 sound/soc/codecs/wm8731-spi.c                      |    1 -
 sound/soc/codecs/wm8737.c                          |    1 -
 sound/soc/codecs/wm8753.c                          |    1 -
 sound/soc/codecs/wm8770.c                          |    1 -
 sound/soc/codecs/wm8776.c                          |    1 -
 sound/soc/fsl/fsl_aud2htx.c                        |    1 -
 sound/soc/fsl/mpc5200_psc_ac97.c                   |    1 -
 .../soc/generic/audio-graph-card2-custom-sample.c  |    1 -
 sound/soc/jz4740/jz4740-i2s.c                      |    1 -
 sound/soc/mediatek/mt8365/mt8365-mt6357.c          |    1 -
 sound/soc/qcom/apq8096.c                           |    1 -
 sound/soc/qcom/sc7280.c                            |    1 -
 sound/soc/qcom/storm.c                             |    1 -
 sound/soc/sdca/sdca_class.c                        |    1 -
 sound/soc/sof/sof-client-ipc-flood-test.c          |    1 -
 sound/soc/sof/sof-client-ipc-kernel-injector.c     |    1 -
 sound/soc/sof/sof-client-ipc-msg-injector.c        |    1 -
 sound/soc/sunxi/sun50i-codec-analog.c              |    1 -
 sound/soc/sunxi/sun50i-dmic.c                      |    1 -
 sound/soc/tegra/tegra186_asrc.c                    |    1 -
 sound/soc/tegra/tegra186_dspk.c                    |    1 -
 sound/soc/tegra/tegra20_spdif.c                    |    1 -
 sound/soc/tegra/tegra210_adx.c                     |    1 -
 sound/soc/tegra/tegra210_amx.c                     |    1 -
 sound/soc/tegra/tegra210_dmic.c                    |    1 -
 sound/soc/tegra/tegra210_i2s.c                     |    1 -
 sound/soc/tegra/tegra210_mixer.c                   |    1 -
 sound/soc/tegra/tegra210_mvc.c                     |    1 -
 sound/soc/tegra/tegra210_ope.c                     |    1 -
 sound/soc/ti/omap-dmic.c                           |    1 -
 sound/soc/ti/omap-mcpdm.c                          |    1 -
 tools/testing/cxl/test/mem.c                       |    1 -
 1650 files changed, 1606 insertions(+), 2544 deletions(-)
 create mode 100644 include/linux/device-id/acpi.h
 create mode 100644 include/linux/device-id/amba.h
 create mode 100644 include/linux/device-id/ap.h
 create mode 100644 include/linux/device-id/apr.h
 create mode 100644 include/linux/device-id/auxiliary.h
 create mode 100644 include/linux/device-id/bcma.h
 create mode 100644 include/linux/device-id/ccw.h
 create mode 100644 include/linux/device-id/cdx.h
 create mode 100644 include/linux/device-id/coreboot.h
 create mode 100644 include/linux/device-id/css.h
 create mode 100644 include/linux/device-id/dfl.h
 create mode 100644 include/linux/device-id/dmi.h
 create mode 100644 include/linux/device-id/eisa.h
 create mode 100644 include/linux/device-id/fsl_mc.h
 create mode 100644 include/linux/device-id/hda.h
 create mode 100644 include/linux/device-id/hid.h
 create mode 100644 include/linux/device-id/hv_vmbus.h
 create mode 100644 include/linux/device-id/i2c.h
 create mode 100644 include/linux/device-id/i3c.h
 create mode 100644 include/linux/device-id/ieee1394.h
 create mode 100644 include/linux/device-id/input.h
 create mode 100644 include/linux/device-id/ipack.h
 create mode 100644 include/linux/device-id/isapnp.h
 create mode 100644 include/linux/device-id/ishtp.h
 create mode 100644 include/linux/device-id/mcb.h
 create mode 100644 include/linux/device-id/mdio.h
 create mode 100644 include/linux/device-id/mei_cl.h
 create mode 100644 include/linux/device-id/mhi.h
 create mode 100644 include/linux/device-id/mips_cdmm.h
 create mode 100644 include/linux/device-id/of.h
 create mode 100644 include/linux/device-id/parisc.h
 create mode 100644 include/linux/device-id/pci.h
 create mode 100644 include/linux/device-id/pcmcia.h
 create mode 100644 include/linux/device-id/platform.h
 create mode 100644 include/linux/device-id/pnp.h
 create mode 100644 include/linux/device-id/rio.h
 create mode 100644 include/linux/device-id/rpmsg.h
 create mode 100644 include/linux/device-id/sdio.h
 create mode 100644 include/linux/device-id/sdw.h
 create mode 100644 include/linux/device-id/serio.h
 create mode 100644 include/linux/device-id/slim.h
 create mode 100644 include/linux/device-id/spi.h
 create mode 100644 include/linux/device-id/spmi.h
 create mode 100644 include/linux/device-id/ssam.h
 create mode 100644 include/linux/device-id/ssb.h
 create mode 100644 include/linux/device-id/tb.h
 create mode 100644 include/linux/device-id/tee_client.h
 create mode 100644 include/linux/device-id/typec.h
 create mode 100644 include/linux/device-id/ulpi.h
 create mode 100644 include/linux/device-id/usb.h
 create mode 100644 include/linux/device-id/vchiq.h
 create mode 100644 include/linux/device-id/vio.h
 create mode 100644 include/linux/device-id/virtio.h
 create mode 100644 include/linux/device-id/wmi.h
 create mode 100644 include/linux/device-id/x86_cpu.h
 create mode 100644 include/linux/device-id/zorro.h
Merging kthread/for-next (fa39ec4f89f26 doc: Add housekeeping documentation)
$ git merge -m Merge branch 'for-next' of https://git.kernel.org/pub/scm/linux/kernel/git/frederic/linux-dynticks.git kthread/for-next
Already up to date.
